model,language,kind,contrasts,available,expected_direction_observed,missing
nrc_v1,pt,affect_word_control,3,3,3,0
nrc_v1,pt,negation_control,3,3,3,0
nrc_v1,pt,negation_scope_control,1,1,0,0
nrc_v1,en,affect_word_control,3,3,3,0
nrc_v1,en,negation_control,3,3,1,0
nrc_v1,en,negation_scope_control,1,1,0,0
memolon,pt,affect_word_control,3,3,3,0
memolon,pt,negation_control,3,3,3,0
memolon,pt,negation_scope_control,1,1,0,0
memolon,en,affect_word_control,3,3,3,0
memolon,en,negation_control,3,3,3,0
memolon,en,negation_scope_control,1,1,0,0
nrc_v2_1,pt,affect_word_control,3,0,0,3
nrc_v2_1,pt,negation_control,3,0,0,3
nrc_v2_1,pt,negation_scope_control,1,0,0,1
nrc_v2_1,en,affect_word_control,3,3,3,0
nrc_v2_1,en,negation_control,3,3,1,0
nrc_v2_1,en,negation_scope_control,1,1,0,0
current_model,pt,affect_word_control,3,3,2,0
current_model,pt,negation_control,3,3,0,0
current_model,pt,negation_scope_control,1,1,1,0
current_model,en,affect_word_control,3,3,3,0
current_model,en,negation_control,3,3,3,0
current_model,en,negation_scope_control,1,1,1,0
