sample_id,language,kind,model_a,model_b,coverage_delta_b_minus_a,valence_delta_b_minus_a,arousal_delta_b_minus_a,dominance_delta_b_minus_a
26242664535431023,pt,local_news_post,nrc_v1,memolon,0.6991869918699187,-0.08487275678866579,-0.5222933884297523,-0.13896800472255055
26242664535431023,pt,local_news_post,nrc_v1,nrc_v2_1,-0.1951219512195122,0.040238961038961296,-0.31286580086580074,-0.4100658008658007
26242664535431023,pt,local_news_post,nrc_v1,current_model,,-0.15552173554556692,-0.08340502757117862,-0.12083521594092961
26242664535431023,pt,local_news_post,memolon,nrc_v2_1,-0.8943089430894309,0.1251117178276271,0.20942758756395152,-0.27109779614325014
26242664535431023,pt,local_news_post,memolon,current_model,,-0.07064897875690113,0.43888836085857363,0.018132788781620945
26242664535431023,pt,local_news_post,nrc_v2_1,current_model,,-0.19576069658452822,0.2294607732946221,0.2892305849248711
26242664535431023_en,en,manual_translation_control,nrc_v1,memolon,0.5853658536585367,-0.24631478514270766,-0.6161857958059258,-0.12682435439740702
26242664535431023_en,en,manual_translation_control,nrc_v1,nrc_v2_1,0.2439024390243903,-0.02421892393320979,-0.05208534322820002,-0.09136920222634526
26242664535431023_en,en,manual_translation_control,nrc_v1,current_model,,-0.47081889981639646,0.23152431997960932,-0.30457162413305205
26242664535431023_en,en,manual_translation_control,memolon,nrc_v2_1,-0.3414634146341463,0.22209586120949787,0.5641004525777258,0.035455152171061766
26242664535431023_en,en,manual_translation_control,memolon,current_model,,-0.2245041146736888,0.8477101157855351,-0.17774726973564503
26242664535431023_en,en,manual_translation_control,nrc_v2_1,current_model,,-0.4465999758831867,0.28360966320780934,-0.2132024219067068
1094879369551356,pt,local_news_post,nrc_v1,memolon,0.6213592233009708,-0.0046856899902820714,-0.4333414480077744,0.06693943148688053
1094879369551356,pt,local_news_post,nrc_v1,nrc_v2_1,-0.2038834951456311,-0.01013333333333355,-0.17106666666666648,0.02220000000000022
1094879369551356,pt,local_news_post,nrc_v1,current_model,,0.05286629037402912,0.26857529102507094,0.17712957605634427
1094879369551356,pt,local_news_post,memolon,nrc_v2_1,-0.825242718446602,-0.005447643343051478,0.26227478134110793,-0.04473943148688031
1094879369551356,pt,local_news_post,memolon,current_model,,0.057551980364311195,0.7019167390328453,0.11019014456946374
1094879369551356,pt,local_news_post,nrc_v2_1,current_model,,0.06299962370736267,0.4396419576917374,0.15492957605634405
1094879369551356_en,en,manual_translation_control,nrc_v1,memolon,0.6161616161616161,-0.11190717875509248,-0.46574698624190214,0.008487172744272797
1094879369551356_en,en,manual_translation_control,nrc_v1,nrc_v2_1,0.2727272727272727,-0.06213479262672772,0.09756797235023074,0.018775345622119577
1094879369551356_en,en,manual_translation_control,nrc_v1,current_model,,-0.5564617135447838,0.39680356124139626,-0.2277566403419744
1094879369551356_en,en,manual_translation_control,memolon,nrc_v2_1,-0.3434343434343434,0.049772386128364765,0.5633149585921329,0.01028817287784678
1094879369551356_en,en,manual_translation_control,memolon,current_model,,-0.4445545347896913,0.8625505474832984,-0.2362438130862472
1094879369551356_en,en,manual_translation_control,nrc_v2_1,current_model,,-0.4943269209180561,0.2992355888911655,-0.24653198596409398
1681964447272553,pt,local_news_post,nrc_v1,memolon,0.6822429906542056,-0.020509355686241904,-0.06749798864657386,0.10807161915652541
1681964447272553,pt,local_news_post,nrc_v1,nrc_v2_1,-0.19626168224299062,0.24171717171717244,0.013848484848484777,-0.008949494949494152
1681964447272553,pt,local_news_post,nrc_v1,current_model,,-0.08998442613235591,0.3874304417118881,0.11717883718856692
1681964447272553,pt,local_news_post,memolon,nrc_v2_1,-0.8785046728971962,0.26222652740341434,0.08134647349505864,-0.11702111410601956
1681964447272553,pt,local_news_post,memolon,current_model,,-0.069475070446114,0.454928430358462,0.009107218032041509
1681964447272553,pt,local_news_post,nrc_v2_1,current_model,,-0.33170159784952835,0.37358195686340334,0.12612833213806107
1681964447272553_en,en,manual_translation_control,nrc_v1,memolon,0.631578947368421,-0.06780557495073625,-0.3627218498347533,-0.07743812937361305
1681964447272553_en,en,manual_translation_control,nrc_v1,nrc_v2_1,0.29473684210526313,-0.042705701078582514,0.08027940421160729,0.004079096045197517
1681964447272553_en,en,manual_translation_control,nrc_v1,current_model,,-0.1991724862185391,0.24197475699222437,-0.10851949373881009
1681964447272553_en,en,manual_translation_control,memolon,nrc_v2_1,-0.33684210526315794,0.025099873872153733,0.4430012540463606,0.08151722541881057
1681964447272553_en,en,manual_translation_control,memolon,current_model,,-0.13136691126780287,0.6046966068269777,-0.03108136436519704
1681964447272553_en,en,manual_translation_control,nrc_v2_1,current_model,,-0.1564667851399566,0.16169535278061709,-0.11259858978400761
tse_training_title,pt,coverage_only_title,nrc_v1,memolon,0.75,,,
tse_training_title,pt,coverage_only_title,nrc_v1,nrc_v2_1,-0.25,,,
tse_training_title,pt,coverage_only_title,nrc_v1,current_model,,,,
tse_training_title,pt,coverage_only_title,memolon,nrc_v2_1,-1.0,,,
tse_training_title,pt,coverage_only_title,memolon,current_model,,,,
tse_training_title,pt,coverage_only_title,nrc_v2_1,current_model,,,,
affect_word_control_pt_valence_high,pt,affect_word_control,nrc_v1,memolon,0.0,-0.7951388888888888,-0.3266388888888887,-0.19347222222222227
affect_word_control_pt_valence_high,pt,affect_word_control,nrc_v1,nrc_v2_1,-1.0,,,
affect_word_control_pt_valence_high,pt,affect_word_control,nrc_v1,current_model,,-1.5217553488413493,-0.03305238999260807,-0.6307265037960477
affect_word_control_pt_valence_high,pt,affect_word_control,memolon,nrc_v2_1,-1.0,,,
affect_word_control_pt_valence_high,pt,affect_word_control,memolon,current_model,,-0.7266164599524605,0.29358649889628063,-0.4372542815738254
affect_word_control_pt_valence_high,pt,affect_word_control,nrc_v2_1,current_model,,,,
affect_word_control_pt_valence_low,pt,affect_word_control,nrc_v1,memolon,0.0,0.6143111111111108,-0.5216444444444446,0.6292222222222226
affect_word_control_pt_valence_low,pt,affect_word_control,nrc_v1,nrc_v2_1,-1.0,,,
affect_word_control_pt_valence_low,pt,affect_word_control,nrc_v1,current_model,,1.3348891225179038,-0.14196104100545215,1.1491630636850994
affect_word_control_pt_valence_low,pt,affect_word_control,memolon,nrc_v2_1,-1.0,,,
affect_word_control_pt_valence_low,pt,affect_word_control,memolon,current_model,,0.720578011406793,0.37968340343899243,0.5199408414628768
affect_word_control_pt_valence_low,pt,affect_word_control,nrc_v2_1,current_model,,,,
affect_word_control_pt_arousal_high,pt,affect_word_control,nrc_v1,memolon,0.0,-0.45322222222222175,-1.4913333333333325,-0.6610000000000005
affect_word_control_pt_arousal_high,pt,affect_word_control,nrc_v1,nrc_v2_1,-1.0,,,
affect_word_control_pt_arousal_high,pt,affect_word_control,nrc_v1,current_model,,-0.20798470327589236,-1.1321487534840893,-0.29012257406446684
affect_word_control_pt_arousal_high,pt,affect_word_control,memolon,nrc_v2_1,-1.0,,,
affect_word_control_pt_arousal_high,pt,affect_word_control,memolon,current_model,,0.2452375189463294,0.35918457984924324,0.37087742593553363
affect_word_control_pt_arousal_high,pt,affect_word_control,nrc_v2_1,current_model,,,,
affect_word_control_pt_arousal_low,pt,affect_word_control,nrc_v1,memolon,0.0,-0.6506111111111115,0.7538888888888888,0.7577222222222222
affect_word_control_pt_arousal_low,pt,affect_word_control,nrc_v1,nrc_v2_1,-1.0,,,
affect_word_control_pt_arousal_low,pt,affect_word_control,nrc_v1,current_model,,-0.43049245389302593,1.4480439058939616,0.843802494684855
affect_word_control_pt_arousal_low,pt,affect_word_control,memolon,nrc_v2_1,-1.0,,,
affect_word_control_pt_arousal_low,pt,affect_word_control,memolon,current_model,,0.22011865721808554,0.6941550170050728,0.08608027246263283
affect_word_control_pt_arousal_low,pt,affect_word_control,nrc_v2_1,current_model,,,,
affect_word_control_pt_dominance_high,pt,affect_word_control,nrc_v1,memolon,0.0,-0.4983333333333331,-0.8934444444444445,-1.1438888888888887
affect_word_control_pt_dominance_high,pt,affect_word_control,nrc_v1,nrc_v2_1,-1.0,,,
affect_word_control_pt_dominance_high,pt,affect_word_control,nrc_v1,current_model,,-0.7497413476308186,-0.6472823467254636,-1.276413402557373
affect_word_control_pt_dominance_high,pt,affect_word_control,memolon,nrc_v2_1,-1.0,,,
affect_word_control_pt_dominance_high,pt,affect_word_control,memolon,current_model,,-0.2514080142974855,0.2461620977189809,-0.13252451366848428
affect_word_control_pt_dominance_high,pt,affect_word_control,nrc_v2_1,current_model,,,,
affect_word_control_pt_dominance_low,pt,affect_word_control,nrc_v1,memolon,0.0,0.6239999999999999,0.3388888888888886,1.0128888888888887
affect_word_control_pt_dominance_low,pt,affect_word_control,nrc_v1,nrc_v2_1,-1.0,,,
affect_word_control_pt_dominance_low,pt,affect_word_control,nrc_v1,current_model,,1.3469747263590495,0.49570491154988616,1.513600330988566
affect_word_control_pt_dominance_low,pt,affect_word_control,memolon,nrc_v2_1,-1.0,,,
affect_word_control_pt_dominance_low,pt,affect_word_control,memolon,current_model,,0.7229747263590496,0.1568160226609976,0.5007114420996772
affect_word_control_pt_dominance_low,pt,affect_word_control,nrc_v2_1,current_model,,,,
affect_word_control_en_valence_high,en,affect_word_control,nrc_v1,memolon,0.0,-0.8826111111111112,-1.0500555555555557,-0.1508888888888893
affect_word_control_en_valence_high,en,affect_word_control,nrc_v1,nrc_v2_1,0.0,0.038000000000000256,0.2506666666666666,-0.2933333333333339
affect_word_control_en_valence_high,en,affect_word_control,nrc_v1,current_model,,-0.5044295349121093,-0.09048605155944855,-0.6705503292083743
affect_word_control_en_valence_high,en,affect_word_control,memolon,nrc_v2_1,0.0,0.9206111111111115,1.3007222222222223,-0.1424444444444446
affect_word_control_en_valence_high,en,affect_word_control,memolon,current_model,,0.37818157619900195,0.9595695039961072,-0.519661440319485
affect_word_control_en_valence_high,en,affect_word_control,nrc_v2_1,current_model,,-0.5424295349121095,-0.34115271822611515,-0.37721699587504043
affect_word_control_en_valence_low,en,affect_word_control,nrc_v1,memolon,0.0,0.6140000000000001,-0.3952222222222219,0.4535555555555557
affect_word_control_en_valence_low,en,affect_word_control,nrc_v1,nrc_v2_1,0.0,0.0,0.0,0.0
affect_word_control_en_valence_low,en,affect_word_control,nrc_v1,current_model,,0.24359159215291348,0.3392702471415201,0.32639111010233557
affect_word_control_en_valence_low,en,affect_word_control,memolon,nrc_v2_1,0.0,-0.6140000000000001,0.3952222222222219,-0.4535555555555557
affect_word_control_en_valence_low,en,affect_word_control,memolon,current_model,,-0.3704084078470866,0.734492469363742,-0.12716444545322014
affect_word_control_en_valence_low,en,affect_word_control,nrc_v2_1,current_model,,0.24359159215291348,0.3392702471415201,0.32639111010233557
affect_word_control_en_arousal_high,en,affect_word_control,nrc_v1,memolon,0.0,-0.3241111111111108,-1.4348333333333332,-0.3064999999999998
affect_word_control_en_arousal_high,en,affect_word_control,nrc_v1,nrc_v2_1,0.0,0.0,0.0,0.0
affect_word_control_en_arousal_high,en,affect_word_control,nrc_v1,current_model,,-0.5462415612538654,-0.532265244166056,-0.3737201824188232
affect_word_control_en_arousal_high,en,affect_word_control,memolon,nrc_v2_1,0.0,0.3241111111111108,1.4348333333333332,0.3064999999999998
affect_word_control_en_arousal_high,en,affect_word_control,memolon,current_model,,-0.22213045014275457,0.9025680891672772,-0.06722018241882344
affect_word_control_en_arousal_high,en,affect_word_control,nrc_v2_1,current_model,,-0.5462415612538654,-0.532265244166056,-0.3737201824188232
affect_word_control_en_arousal_low,en,affect_word_control,nrc_v1,memolon,0.0,-0.5531111111111104,0.8261111111111115,1.2379999999999995
affect_word_control_en_arousal_low,en,affect_word_control,nrc_v1,nrc_v2_1,0.0,0.0,-0.1266666666666667,0.0733333333333328
affect_word_control_en_arousal_low,en,affect_word_control,nrc_v1,current_model,,-0.7060258630116776,1.292768316268921,0.8088852227528887
affect_word_control_en_arousal_low,en,affect_word_control,memolon,nrc_v2_1,0.0,0.5531111111111104,-0.9527777777777782,-1.1646666666666667
affect_word_control_en_arousal_low,en,affect_word_control,memolon,current_model,,-0.15291475190056714,0.4666572051578095,-0.4291147772471109
affect_word_control_en_arousal_low,en,affect_word_control,nrc_v2_1,current_model,,-0.7060258630116776,1.4194349829355877,0.7355518894195558
affect_word_control_en_dominance_high,en,affect_word_control,nrc_v1,memolon,0.0,-0.20494444444444415,-0.8201111111111108,-0.9804444444444447
affect_word_control_en_dominance_high,en,affect_word_control,nrc_v1,nrc_v2_1,0.0,-0.10933333333333284,0.0,0.006000000000000227
affect_word_control_en_dominance_high,en,affect_word_control,nrc_v1,current_model,,-0.5306027552286783,-0.42173431142171225,-1.1163279304504394
affect_word_control_en_dominance_high,en,affect_word_control,memolon,nrc_v2_1,0.0,0.09561111111111131,0.8201111111111108,0.9864444444444449
affect_word_control_en_dominance_high,en,affect_word_control,memolon,current_model,,-0.32565831078423413,0.39837679968939854,-0.13588348600599476
affect_word_control_en_dominance_high,en,affect_word_control,nrc_v2_1,current_model,,-0.42126942189534544,-0.42173431142171225,-1.1223279304504397
affect_word_control_en_dominance_low,en,affect_word_control,nrc_v1,memolon,0.0,0.6428888888888891,0.19866666666666655,0.8963333333333334
affect_word_control_en_dominance_low,en,affect_word_control,nrc_v1,nrc_v2_1,0.0,0.0,4.440892098500626e-16,-0.029999999999999805
affect_word_control_en_dominance_low,en,affect_word_control,nrc_v1,current_model,,0.972395808537801,0.5600105431874596,1.2908894329071046
affect_word_control_en_dominance_low,en,affect_word_control,memolon,nrc_v2_1,0.0,-0.6428888888888891,-0.1986666666666661,-0.9263333333333332
affect_word_control_en_dominance_low,en,affect_word_control,memolon,current_model,,0.329506919648912,0.36134387652079303,0.39455609957377114
affect_word_control_en_dominance_low,en,affect_word_control,nrc_v2_1,current_model,,0.972395808537801,0.5600105431874591,1.3208894329071044
negation_control_pt_valence_affirmative,pt,negation_control,nrc_v1,memolon,0.5,-0.9098750000000004,-0.6381249999999996,-0.3178749999999999
negation_control_pt_valence_affirmative,pt,negation_control,nrc_v1,nrc_v2_1,-0.5,,,
negation_control_pt_valence_affirmative,pt,negation_control,nrc_v1,current_model,,-1.374489351272583,-0.4196090793609617,-0.5839751281738281
negation_control_pt_valence_affirmative,pt,negation_control,memolon,nrc_v2_1,-1.0,,,
negation_control_pt_valence_affirmative,pt,negation_control,memolon,current_model,,-0.46461435127258266,0.2185159206390379,-0.2661001281738282
negation_control_pt_valence_affirmative,pt,negation_control,nrc_v2_1,current_model,,,,
negation_control_pt_valence_negated,pt,negation_control,nrc_v1,memolon,0.33333333333333337,-0.1329583333333333,-0.11958333333333337,0.2233333333333336
negation_control_pt_valence_negated,pt,negation_control,nrc_v1,nrc_v2_1,-0.6666666666666666,,,
negation_control_pt_valence_negated,pt,negation_control,nrc_v1,current_model,,-0.3243076190948484,0.30536917686462406,0.14414281654357897
negation_control_pt_valence_negated,pt,negation_control,memolon,nrc_v2_1,-1.0,,,
negation_control_pt_valence_negated,pt,negation_control,memolon,current_model,,-0.1913492857615151,0.42495251019795743,-0.07919051678975464
negation_control_pt_valence_negated,pt,negation_control,nrc_v2_1,current_model,,,,
negation_control_pt_arousal_affirmative,pt,negation_control,nrc_v1,memolon,0.5,-0.16749999999999954,-1.3643333333333327,-0.04433333333333289
negation_control_pt_arousal_affirmative,pt,negation_control,nrc_v1,nrc_v2_1,-0.5,,,
negation_control_pt_arousal_affirmative,pt,negation_control,nrc_v1,current_model,,0.07102654965718624,-0.9896457061767574,0.17957073148091673
negation_control_pt_arousal_affirmative,pt,negation_control,memolon,nrc_v2_1,-1.0,,,
negation_control_pt_arousal_affirmative,pt,negation_control,memolon,current_model,,0.23852654965718578,0.37468762715657533,0.22390406481424963
negation_control_pt_arousal_affirmative,pt,negation_control,nrc_v2_1,current_model,,,,
negation_control_pt_arousal_negated,pt,negation_control,nrc_v1,memolon,0.33333333333333337,0.1234027777777782,-0.495222222222222,0.28263888888888955
negation_control_pt_arousal_negated,pt,negation_control,nrc_v1,nrc_v2_1,-0.6666666666666666,,,
negation_control_pt_arousal_negated,pt,negation_control,nrc_v1,current_model,,0.42312498537699383,0.036986877441406385,0.5083737417856855
negation_control_pt_arousal_negated,pt,negation_control,memolon,nrc_v2_1,-1.0,,,
negation_control_pt_arousal_negated,pt,negation_control,memolon,current_model,,0.29972220759921564,0.5322090996636284,0.22573485289679596
negation_control_pt_arousal_negated,pt,negation_control,nrc_v2_1,current_model,,,,
negation_control_pt_dominance_affirmative,pt,negation_control,nrc_v1,memolon,0.5,-0.48502083333333346,-0.15233333333333343,-0.1996458333333333
negation_control_pt_dominance_affirmative,pt,negation_control,nrc_v1,nrc_v2_1,-0.5,,,
negation_control_pt_dominance_affirmative,pt,negation_control,nrc_v1,current_model,,-0.4019640636444093,0.36681813240051264,-0.21624618339538593
negation_control_pt_dominance_affirmative,pt,negation_control,memolon,nrc_v2_1,-1.0,,,
negation_control_pt_dominance_affirmative,pt,negation_control,memolon,current_model,,0.08305676968892417,0.5191514657338461,-0.016600350062052627
negation_control_pt_dominance_affirmative,pt,negation_control,nrc_v2_1,current_model,,,,
negation_control_pt_dominance_negated,pt,negation_control,nrc_v1,memolon,0.4,-0.15164166666666645,0.009133333333333216,0.10626666666666695
negation_control_pt_dominance_negated,pt,negation_control,nrc_v1,nrc_v2_1,-0.6,,,
negation_control_pt_dominance_negated,pt,negation_control,nrc_v1,current_model,,-0.020840188980102425,0.552655448913574,0.1454845536549887
negation_control_pt_dominance_negated,pt,negation_control,memolon,nrc_v2_1,-1.0,,,
negation_control_pt_dominance_negated,pt,negation_control,memolon,current_model,,0.13080147768656403,0.5435221155802408,0.03921788698832174
negation_control_pt_dominance_negated,pt,negation_control,nrc_v2_1,current_model,,,,
negation_control_en_valence_affirmative,en,negation_control,nrc_v1,memolon,0.6666666666666667,-1.4355555555555557,-1.3467361111111114,-0.6259166666666665
negation_control_en_valence_affirmative,en,negation_control,nrc_v1,nrc_v2_1,0.3333333333333333,-1.0150000000000001,-0.4700000000000002,-0.698
negation_control_en_valence_affirmative,en,negation_control,nrc_v1,current_model,,-0.6408934593200684,-0.6510471725463867,-0.6775040035247804
negation_control_en_valence_affirmative,en,negation_control,memolon,nrc_v2_1,-0.33333333333333337,0.42055555555555557,0.8767361111111112,-0.0720833333333335
negation_control_en_valence_affirmative,en,negation_control,memolon,current_model,,0.7946620962354873,0.6956889385647247,-0.0515873368581139
negation_control_en_valence_affirmative,en,negation_control,nrc_v2_1,current_model,,0.37410654067993176,-0.18104717254638647,0.020495996475219602
negation_control_en_valence_negated,en,negation_control,nrc_v1,memolon,0.75,-1.6543229166666666,-1.3783333333333334,-0.7608125000000001
negation_control_en_valence_negated,en,negation_control,nrc_v1,nrc_v2_1,0.25,-1.0150000000000001,-0.4700000000000002,-0.698
negation_control_en_valence_negated,en,negation_control,nrc_v1,current_model,,-2.895055055618286,-0.886338415145874,-1.179491460800171
negation_control_en_valence_negated,en,negation_control,memolon,nrc_v2_1,-0.5,0.6393229166666665,0.9083333333333332,0.06281250000000016
negation_control_en_valence_negated,en,negation_control,memolon,current_model,,-1.2407321389516195,0.49199491818745944,-0.41867896080017086
negation_control_en_valence_negated,en,negation_control,nrc_v2_1,current_model,,-1.880055055618286,-0.4163384151458738,-0.481491460800171
negation_control_en_arousal_affirmative,en,negation_control,nrc_v1,memolon,0.6666666666666667,0.1298333333333339,-1.8986250000000005,0.10058333333333325
negation_control_en_arousal_affirmative,en,negation_control,nrc_v1,nrc_v2_1,0.3333333333333333,0.1120000000000001,-0.7640000000000002,0.018000000000000238
negation_control_en_arousal_affirmative,en,negation_control,nrc_v1,current_model,,-0.5198905239105223,-0.6692289142608647,0.07623957252502445
negation_control_en_arousal_affirmative,en,negation_control,memolon,nrc_v2_1,-0.33333333333333337,-0.017833333333333812,1.1346250000000002,-0.08258333333333301
negation_control_en_arousal_affirmative,en,negation_control,memolon,current_model,,-0.6497238572438562,1.2293960857391357,-0.0243437608083088
negation_control_en_arousal_affirmative,en,negation_control,nrc_v2_1,current_model,,-0.6318905239105224,0.09477108573913551,0.05823957252502421
negation_control_en_arousal_negated,en,negation_control,nrc_v1,memolon,0.75,0.07571875000000006,-1.9392500000000004,0.06506250000000025
negation_control_en_arousal_negated,en,negation_control,nrc_v1,nrc_v2_1,0.25,0.1120000000000001,-0.7640000000000002,0.018000000000000238
negation_control_en_arousal_negated,en,negation_control,nrc_v1,current_model,,0.21631672286987325,-1.467015626907349,0.521358476638794
negation_control_en_arousal_negated,en,negation_control,memolon,nrc_v2_1,-0.5,0.03628125000000004,1.1752500000000001,-0.04706250000000001
negation_control_en_arousal_negated,en,negation_control,memolon,current_model,,0.1405979728698732,0.47223437309265126,0.45629597663879373
negation_control_en_arousal_negated,en,negation_control,nrc_v2_1,current_model,,0.10431672286987315,-0.7030156269073489,0.5033584766387937
negation_control_en_dominance_affirmative,en,negation_control,nrc_v1,memolon,0.5,-0.5894424603174606,-0.000912698412698365,-0.4756617063492059
negation_control_en_dominance_affirmative,en,negation_control,nrc_v1,nrc_v2_1,0.16666666666666663,-0.17233333333333345,0.12400000000000011,-0.16699999999999982
negation_control_en_dominance_affirmative,en,negation_control,nrc_v1,current_model,,-0.8061653512318934,0.62755198097229,0.17912719917297393
negation_control_en_dominance_affirmative,en,negation_control,memolon,nrc_v2_1,-0.33333333333333337,0.41710912698412717,0.12491269841269848,0.3086617063492061
negation_control_en_dominance_affirmative,en,negation_control,memolon,current_model,,-0.21672289091443275,0.6284646793849884,0.6547889055221798
negation_control_en_dominance_affirmative,en,negation_control,nrc_v2_1,current_model,,-0.6338320178985599,0.5035519809722899,0.34612719917297374
negation_control_en_dominance_negated,en,negation_control,nrc_v1,memolon,0.5,-0.6366912202380957,-0.18220014880952418,-0.36446502976190454
negation_control_en_dominance_negated,en,negation_control,nrc_v1,nrc_v2_1,0.125,-0.13739999999999997,0.06479999999999997,-0.10740000000000016
negation_control_en_dominance_negated,en,negation_control,nrc_v1,current_model,,-1.0898341770172122,0.3920141448974608,-0.3139563198089599
negation_control_en_dominance_negated,en,negation_control,memolon,nrc_v2_1,-0.375,0.4992912202380957,0.24700014880952414,0.2570650297619044
negation_control_en_dominance_negated,en,negation_control,memolon,current_model,,-0.45314295677911653,0.574214293706985,0.05050870995294465
negation_control_en_dominance_negated,en,negation_control,nrc_v2_1,current_model,,-0.9524341770172122,0.3272141448974608,-0.20655631980895972
negation_scope_control_pt_valence_high,pt,negation_scope_control,nrc_v1,memolon,0.5,0.15839444444444473,-0.14283888888888852,0.4818819444444449
negation_scope_control_pt_valence_high,pt,negation_scope_control,nrc_v1,nrc_v2_1,-0.5,,,
negation_scope_control_pt_valence_high,pt,negation_scope_control,nrc_v1,current_model,,0.31443464902242013,0.5249911131540936,0.6353373355865481
negation_scope_control_pt_valence_high,pt,negation_scope_control,memolon,nrc_v2_1,-1.0,,,
negation_scope_control_pt_valence_high,pt,negation_scope_control,memolon,current_model,,0.1560402045779754,0.6678300020429822,0.15345539114210327
negation_scope_control_pt_valence_high,pt,negation_scope_control,nrc_v2_1,current_model,,,,
negation_scope_control_pt_valence_low,pt,negation_scope_control,nrc_v1,memolon,0.5,0.15839444444444473,-0.14283888888888852,0.4818819444444449
negation_scope_control_pt_valence_low,pt,negation_scope_control,nrc_v1,nrc_v2_1,-0.5,,,
negation_scope_control_pt_valence_low,pt,negation_scope_control,nrc_v1,current_model,,0.3013855233510334,0.5027757467905682,0.6183414287567142
negation_scope_control_pt_valence_low,pt,negation_scope_control,memolon,nrc_v2_1,-1.0,,,
negation_scope_control_pt_valence_low,pt,negation_scope_control,memolon,current_model,,0.1429910789065887,0.6456146356794568,0.13645948431226929
negation_scope_control_pt_valence_low,pt,negation_scope_control,nrc_v2_1,current_model,,,,
negation_scope_control_en_valence_high,en,negation_scope_control,nrc_v1,memolon,0.75,-0.3131770833333336,-0.6295156250000002,0.34935416666666663
negation_scope_control_en_valence_high,en,negation_scope_control,nrc_v1,nrc_v2_1,0.375,-0.27600000000000025,-0.0815999999999999,0.03320000000000034
negation_scope_control_en_valence_high,en,negation_scope_control,nrc_v1,current_model,,-0.18748517036438006,0.032493032455444215,0.4809076862335204
negation_scope_control_en_valence_high,en,negation_scope_control,memolon,nrc_v2_1,-0.375,0.03717708333333336,0.5479156250000004,-0.3161541666666663
negation_scope_control_en_valence_high,en,negation_scope_control,memolon,current_model,,0.12569191296895355,0.6620086574554445,0.1315535195668538
negation_scope_control_en_valence_high,en,negation_scope_control,nrc_v2_1,current_model,,0.08851482963562018,0.11409303245544411,0.4477076862335201
negation_scope_control_en_valence_low,en,negation_scope_control,nrc_v1,memolon,0.75,-0.3131770833333336,-0.6295156250000002,0.34935416666666663
negation_scope_control_en_valence_low,en,negation_scope_control,nrc_v1,nrc_v2_1,0.375,-0.27600000000000025,-0.0815999999999999,0.03320000000000034
negation_scope_control_en_valence_low,en,negation_scope_control,nrc_v1,current_model,,-1.4389080524444582,-0.0015776977539063708,-0.023882143020629965
negation_scope_control_en_valence_low,en,negation_scope_control,memolon,nrc_v2_1,-0.375,0.03717708333333336,0.5479156250000004,-0.3161541666666663
negation_scope_control_en_valence_low,en,negation_scope_control,memolon,current_model,,-1.1257309691111246,0.6279379272460939,-0.3732363096872966
negation_scope_control_en_valence_low,en,negation_scope_control,nrc_v2_1,current_model,,-1.162908052444458,0.08002230224609352,-0.057082143020630305
