age,gender,reporting_ads,mean_fraction_when_reported
45-54,female,20968,0.07696770702975964
35-44,female,20925,0.08516631756272403
55-64,female,20886,0.07795802676433974
25-34,female,20777,0.1308666413341676
45-54,male,20644,0.07683918247432668
35-44,male,20598,0.08606893965433537
55-64,male,20552,0.06638270338653172
25-34,male,20462,0.11677063068126284
18-24,female,19764,0.10406150748836267
18-24,male,19536,0.07619519302825553
65+,female,19361,0.07948915376271887
65+,male,19028,0.05268685263821737
25-34,unknown,18064,0.007049851693976971
35-44,unknown,17472,0.003491362065018315
45-54,unknown,16976,0.002476174658341188
18-24,unknown,16575,0.009035617918552036
55-64,unknown,16023,0.0019804138426012608
65+,unknown,14421,0.0018398414118299701
Unknown,female,4608,8.985481770833333e-05
Unknown,male,4019,7.281064941527743e-05
Unknown,unknown,1256,5.609235668789809e-05
13-17,unknown,11,0.007806272727272728
13-17,male,7,3.257142857142857e-05
13-17,female,5,0.0001292
