column,dtype,missing_rows,missing_pct,unique_nonmissing
ad_creative_link_descriptions,string,21024,91.78381210163276,320
ad_delivery_stop_time,string,20897,91.2293722168864,65
ad_delivery_stop_time_utc,"datetime64[us, UTC]",20897,91.2293722168864,65
ad_creative_link_titles,string,18429,80.45490264559504,907
ad_creative_link_captions,string,9123,39.827992665677115,342
estimated_audience_size_upper,float64,5824,25.425652667423382,7
demographic_distribution,string,1511,6.596524927966471,21395
delivery_by_region,string,1511,6.596524927966471,21389
languages,string,1344,5.867458307866935,2
ad_creative_bodies,string,1292,5.640443551907797,9004
text,string,1292,5.640443551907797,9004
impressions_upper,float64,194,0.8469396664629356,39
ad_delivery_start_time,string,0,0.0,95
byline,string,0,0.0,1546
page_id,string,0,0.0,1525
currency,string,0,0.0,1
spend,string,0,0.0,33
impressions,string,0,0.0,40
ad_archive_id,string,0,0.0,22906
page_name,string,0,0.0,1524
ad_creation_time,string,0,0.0,94
estimated_audience_size,string,0,0.0,8
publisher_platforms,string,0,0.0,3
ad_delivery_start_time_utc,"datetime64[us, UTC]",0,0.0,95
ad_creation_time_utc,"datetime64[us, UTC]",0,0.0,94
source_file,str,0,0.0,1
impressions_lower,float64,0,0.0,40
spend_upper,float64,0,0.0,33
spend_lower,float64,0,0.0,33
estimated_audience_size_lower,float64,0,0.0,8
word_count,Int64,0,0.0,338
