collection_period,grupo,metric,total_posts,observed_posts,mean_observed,median_observed,p90_observed,coverage_pct
20260815-20260822,candidato,comments,119749,109010,139.451132923585,33.0,214.0,91.03207542442944
20260815-20260822,candidato,likes,119749,97786,1945.6527928333298,304.0,2550.0,81.65913702828416
20260815-20260822,candidato,views,119749,118689,29286.846607520496,7200.0,43606.59999999998,99.11481515503262
20260815-20260822,partido,comments,473,427,780.5971896955504,122.0,1659.800000000001,90.27484143763213
20260815-20260822,partido,likes,473,413,17696.52784503632,2733.0,43108.6,87.31501057082453
20260815-20260822,partido,views,473,473,163218.68287526426,38252.0,408727.4,100.0
20260815-20260822,veiculo_nacional,comments,6885,6713,626.8459705049903,101.0,1453.0,97.50181554103122
20260815-20260822,veiculo_nacional,likes,6885,6705,5245.47591349739,1071.0,11318.400000000005,97.38562091503267
20260815-20260822,veiculo_nacional,views,6885,6885,161915.65432098764,55020.0,377172.0000000002,100.0
20260815-20260822,veiculo_regional,comments,16655,16605,118.28136103583257,10.0,218.0,99.69978985289703
20260815-20260822,veiculo_regional,likes,16655,16073,1107.1732097306042,185.0,2085.800000000001,96.5055538877214
20260815-20260822,veiculo_regional,views,16655,16655,50974.39543680577,16864.0,116630.20000000004,100.0
20260823-20260905,candidato,comments,201217,191364,136.84164733178653,28.0,199.0,95.10329644115556
20260823-20260905,candidato,likes,201217,171438,1901.6375716002287,265.0,2541.3000000000175,85.20055462510624
20260823-20260905,candidato,views,201217,198968,26067.39219874553,6246.0,35800.90000000005,98.88230119721494
20260823-20260905,partido,comments,768,758,749.1437994722955,169.0,1913.000000000002,98.69791666666667
20260823-20260905,partido,likes,768,714,16318.105042016807,4224.0,41516.8,92.96875
20260823-20260905,partido,views,768,768,162676.34765625,58407.5,425345.40000000043,100.0
20260823-20260905,veiculo_nacional,comments,12962,12706,753.6822760900362,110.0,1710.0,98.02499614257059
20260823-20260905,veiculo_nacional,likes,12962,12684,6485.70545569221,1190.5,13939.7,97.85526924857275
20260823-20260905,veiculo_nacional,views,12962,12962,190888.44792470298,62940.5,444474.79999999993,100.0
20260823-20260905,veiculo_regional,comments,30529,30346,128.42206551110525,12.0,258.0,99.40056994988372
20260823-20260905,veiculo_regional,likes,30529,29394,1097.8232292304551,206.0,2212.0,96.28222345966131
20260823-20260905,veiculo_regional,views,30529,30529,51457.04385993646,17757.0,121810.20000000001,100.0
20260906-20260912,candidato,comments,106828,102642,123.36510395354728,26.0,180.0,96.08155165312465
20260906-20260912,candidato,likes,106828,91919,1669.1026447198076,244.0,2335.0,86.04392106938256
20260906-20260912,candidato,views,106828,105295,21692.66687876917,5781.0,32517.600000000006,98.56498296326805
20260906-20260912,partido,comments,361,353,831.7733711048159,137.0,2403.4,97.78393351800554
20260906-20260912,partido,likes,361,330,18117.760606060605,3525.0,54923.10000000002,91.41274238227147
20260906-20260912,partido,views,361,361,163170.39889196676,36957.0,421649.0,100.0
20260906-20260912,veiculo_nacional,comments,6671,6571,718.2981281387916,160.0,1750.0,98.50097436666167
20260906-20260912,veiculo_nacional,likes,6671,6554,5875.334452242905,1413.0,13254.5,98.24614000899416
20260906-20260912,veiculo_nacional,views,6671,6671,169707.0646080048,67076.0,378199.0,100.0
20260906-20260912,veiculo_regional,comments,14605,14559,125.14650731506285,15.0,278.0,99.68503937007874
20260906-20260912,veiculo_regional,likes,14605,14070,1050.5872068230278,219.0,2259.1000000000004,96.33687093461144
20260906-20260912,veiculo_regional,views,14605,14605,52301.18233481684,18351.0,120184.8,100.0
