source_file,column,dtype
posts_20260815-20260822.parquet,content_type,large_string
posts_20260815-20260822.parquet,creation_time,large_string
posts_20260815-20260822.parquet,hashtags,large_string
posts_20260815-20260822.parquet,id,large_string
posts_20260815-20260822.parquet,is_branded_content,large_string
posts_20260815-20260822.parquet,lang,large_string
posts_20260815-20260822.parquet,match_type,large_string
posts_20260815-20260822.parquet,mcl_url,large_string
posts_20260815-20260822.parquet,modified_time,large_string
posts_20260815-20260822.parquet,multimedia,large_string
posts_20260815-20260822.parquet,post_owner.id,large_string
posts_20260815-20260822.parquet,post_owner.name,large_string
posts_20260815-20260822.parquet,post_owner.type,large_string
posts_20260815-20260822.parquet,post_owner.username,large_string
posts_20260815-20260822.parquet,statistics.comment_count,large_string
posts_20260815-20260822.parquet,statistics.like_count,large_string
posts_20260815-20260822.parquet,statistics.views,large_string
posts_20260815-20260822.parquet,statistics.views_date_last_refreshed,large_string
posts_20260815-20260822.parquet,text,large_string
posts_20260815-20260822.parquet,conta_id,large_string
posts_20260815-20260822.parquet,conta_usuario,large_string
posts_20260815-20260822.parquet,grupo,large_string
posts_20260815-20260822.parquet,cargo,large_string
posts_20260815-20260822.parquet,uf,large_string
posts_20260815-20260822.parquet,nome_urna,large_string
posts_20260815-20260822.parquet,sq_candidato,large_string
posts_20260815-20260822.parquet,partido,large_string
posts_20260815-20260822.parquet,campo_nacional,large_string
posts_20260815-20260822.parquet,campo_disputa,large_string
posts_20260815-20260822.parquet,lado7,large_string
posts_20260815-20260822.parquet,genero,large_string
posts_20260815-20260822.parquet,lista,large_string
posts_20260815-20260822.parquet,tipo_coleta,large_string
posts_20260815-20260822.parquet,arquivo,large_string
posts_20260815-20260822.parquet,baixado_em_utc,large_string
posts_20260815-20260822.parquet,idade_horas,double
posts_20260815-20260822.parquet,n_downloads,int64
posts_20260823-20260905.parquet,content_type,large_string
posts_20260823-20260905.parquet,creation_time,large_string
posts_20260823-20260905.parquet,hashtags,large_string
posts_20260823-20260905.parquet,id,large_string
posts_20260823-20260905.parquet,is_branded_content,large_string
posts_20260823-20260905.parquet,lang,large_string
posts_20260823-20260905.parquet,match_type,large_string
posts_20260823-20260905.parquet,mcl_url,large_string
posts_20260823-20260905.parquet,modified_time,large_string
posts_20260823-20260905.parquet,multimedia,large_string
posts_20260823-20260905.parquet,post_owner.id,large_string
posts_20260823-20260905.parquet,post_owner.name,large_string
posts_20260823-20260905.parquet,post_owner.type,large_string
posts_20260823-20260905.parquet,post_owner.username,large_string
posts_20260823-20260905.parquet,statistics.comment_count,int64
posts_20260823-20260905.parquet,statistics.like_count,int64
posts_20260823-20260905.parquet,statistics.views,int64
posts_20260823-20260905.parquet,statistics.views_date_last_refreshed,large_string
posts_20260823-20260905.parquet,text,large_string
posts_20260823-20260905.parquet,conta_id,large_string
posts_20260823-20260905.parquet,conta_usuario,large_string
posts_20260823-20260905.parquet,grupo,large_string
posts_20260823-20260905.parquet,cargo,large_string
posts_20260823-20260905.parquet,uf,large_string
posts_20260823-20260905.parquet,nome_urna,large_string
posts_20260823-20260905.parquet,sq_candidato,large_string
posts_20260823-20260905.parquet,partido,large_string
posts_20260823-20260905.parquet,campo_nacional,large_string
posts_20260823-20260905.parquet,campo_disputa,large_string
posts_20260823-20260905.parquet,lado7,large_string
posts_20260823-20260905.parquet,genero,large_string
posts_20260823-20260905.parquet,lista,large_string
posts_20260823-20260905.parquet,tipo_coleta,large_string
posts_20260823-20260905.parquet,arquivo,large_string
posts_20260823-20260905.parquet,baixado_em_utc,large_string
posts_20260823-20260905.parquet,idade_horas,double
posts_20260823-20260905.parquet,n_downloads,int64
posts_20260906-20260912.parquet,content_type,large_string
posts_20260906-20260912.parquet,creation_time,large_string
posts_20260906-20260912.parquet,hashtags,large_string
posts_20260906-20260912.parquet,id,large_string
posts_20260906-20260912.parquet,is_branded_content,large_string
posts_20260906-20260912.parquet,lang,large_string
posts_20260906-20260912.parquet,match_type,large_string
posts_20260906-20260912.parquet,mcl_url,large_string
posts_20260906-20260912.parquet,modified_time,large_string
posts_20260906-20260912.parquet,multimedia,large_string
posts_20260906-20260912.parquet,post_owner.id,large_string
posts_20260906-20260912.parquet,post_owner.name,large_string
posts_20260906-20260912.parquet,post_owner.type,large_string
posts_20260906-20260912.parquet,post_owner.username,large_string
posts_20260906-20260912.parquet,statistics.comment_count,int64
posts_20260906-20260912.parquet,statistics.like_count,int64
posts_20260906-20260912.parquet,statistics.views,int64
posts_20260906-20260912.parquet,statistics.views_date_last_refreshed,large_string
posts_20260906-20260912.parquet,text,large_string
posts_20260906-20260912.parquet,conta_id,large_string
posts_20260906-20260912.parquet,conta_usuario,large_string
posts_20260906-20260912.parquet,grupo,large_string
posts_20260906-20260912.parquet,cargo,large_string
posts_20260906-20260912.parquet,uf,large_string
posts_20260906-20260912.parquet,nome_urna,large_string
posts_20260906-20260912.parquet,sq_candidato,large_string
posts_20260906-20260912.parquet,partido,large_string
posts_20260906-20260912.parquet,campo_nacional,large_string
posts_20260906-20260912.parquet,campo_disputa,large_string
posts_20260906-20260912.parquet,lado7,large_string
posts_20260906-20260912.parquet,genero,large_string
posts_20260906-20260912.parquet,lista,large_string
posts_20260906-20260912.parquet,tipo_coleta,large_string
posts_20260906-20260912.parquet,arquivo,large_string
posts_20260906-20260912.parquet,baixado_em_utc,large_string
posts_20260906-20260912.parquet,idade_horas,double
posts_20260906-20260912.parquet,n_downloads,int64
