day_utc,grupo,posts,active_accounts
2026-08-15,candidato,10526,4359
2026-08-15,partido,40,16
2026-08-15,veiculo_nacional,616,27
2026-08-15,veiculo_regional,1538,85
2026-08-16,candidato,25149,5815
2026-08-16,partido,98,19
2026-08-16,veiculo_nacional,580,26
2026-08-16,veiculo_regional,1441,80
2026-08-17,candidato,13188,4982
2026-08-17,partido,57,15
2026-08-17,veiculo_nacional,958,27
2026-08-17,veiculo_regional,2332,91
2026-08-18,candidato,14024,5111
2026-08-18,partido,59,18
2026-08-18,veiculo_nacional,1038,27
2026-08-18,veiculo_regional,2469,90
2026-08-19,candidato,13860,5006
2026-08-19,partido,66,17
2026-08-19,veiculo_nacional,1040,27
2026-08-19,veiculo_regional,2491,91
2026-08-20,candidato,14161,5126
2026-08-20,partido,61,18
2026-08-20,veiculo_nacional,1037,27
2026-08-20,veiculo_regional,2599,90
2026-08-21,candidato,14443,5090
2026-08-21,partido,55,18
2026-08-21,veiculo_nacional,1032,27
2026-08-21,veiculo_regional,2334,90
2026-08-22,candidato,14397,4950
2026-08-22,partido,37,12
2026-08-22,veiculo_nacional,584,26
2026-08-22,veiculo_regional,1451,78
2026-08-23,candidato,13101,4783
2026-08-23,partido,43,12
2026-08-23,veiculo_nacional,520,25
2026-08-23,veiculo_regional,1318,80
2026-08-24,candidato,13278,5067
2026-08-24,partido,53,17
2026-08-24,veiculo_nacional,998,27
2026-08-24,veiculo_regional,2272,89
2026-08-25,candidato,13852,5117
2026-08-25,partido,69,18
2026-08-25,veiculo_nacional,1079,27
2026-08-25,veiculo_regional,2442,89
2026-08-26,candidato,14072,5091
2026-08-26,partido,60,18
2026-08-26,veiculo_nacional,1084,27
2026-08-26,veiculo_regional,2487,89
2026-08-27,candidato,14269,5131
2026-08-27,partido,61,19
2026-08-27,veiculo_nacional,1015,27
2026-08-27,veiculo_regional,2445,88
2026-08-28,candidato,14897,5179
2026-08-28,partido,64,17
2026-08-28,veiculo_nacional,1041,27
2026-08-28,veiculo_regional,2467,90
2026-08-29,candidato,14822,4992
2026-08-29,partido,45,14
2026-08-29,veiculo_nacional,638,26
2026-08-29,veiculo_regional,1592,83
2026-08-30,candidato,13135,4861
2026-08-30,partido,28,12
2026-08-30,veiculo_nacional,560,26
2026-08-30,veiculo_regional,1343,75
2026-08-31,candidato,13657,5125
2026-08-31,partido,53,18
2026-08-31,veiculo_nacional,967,27
2026-08-31,veiculo_regional,2446,90
2026-09-01,candidato,14841,5245
2026-09-01,partido,53,16
2026-09-01,veiculo_nacional,1154,27
2026-09-01,veiculo_regional,2570,89
2026-09-02,candidato,15068,5227
2026-09-02,partido,70,18
2026-09-02,veiculo_nacional,1113,27
2026-09-02,veiculo_regional,2638,90
2026-09-03,candidato,15122,5236
2026-09-03,partido,61,19
2026-09-03,veiculo_nacional,1035,27
2026-09-03,veiculo_regional,2512,89
2026-09-04,candidato,16397,5318
2026-09-04,partido,61,18
2026-09-04,veiculo_nacional,1112,27
2026-09-04,veiculo_regional,2454,90
2026-09-05,candidato,14707,5031
2026-09-05,partido,47,16
2026-09-05,veiculo_nacional,646,27
2026-09-05,veiculo_regional,1543,85
2026-09-06,candidato,13531,4860
2026-09-06,partido,36,13
2026-09-06,veiculo_nacional,557,26
2026-09-06,veiculo_regional,1304,80
2026-09-07,candidato,15496,5373
2026-09-07,partido,64,18
2026-09-07,veiculo_nacional,789,26
2026-09-07,veiculo_regional,1755,83
2026-09-08,candidato,14681,5254
2026-09-08,partido,52,17
2026-09-08,veiculo_nacional,1113,27
2026-09-08,veiculo_regional,2230,89
2026-09-09,candidato,15473,5286
2026-09-09,partido,51,17
2026-09-09,veiculo_nacional,1133,27
2026-09-09,veiculo_regional,2543,90
2026-09-10,candidato,15831,5300
2026-09-10,partido,56,16
2026-09-10,veiculo_nacional,1085,27
2026-09-10,veiculo_regional,2513,89
2026-09-11,candidato,16247,5305
2026-09-11,partido,59,19
2026-09-11,veiculo_nacional,1257,27
2026-09-11,veiculo_regional,2636,88
2026-09-12,candidato,15569,5137
2026-09-12,partido,43,15
2026-09-12,veiculo_nacional,737,25
2026-09-12,veiculo_regional,1624,84
