partido,candidacies,included,explicit_not_included,unknown,included_share_pct
PL,1445,812,633,0,56.193771626297575
MDB,1261,496,765,0,39.33386201427439
REPUBLICANOS,1165,492,673,0,42.23175965665236
NOVO,1136,380,756,0,33.45070422535211
PODE,1105,433,672,0,39.18552036199095
PSD,966,508,458,0,52.5879917184265
PT,936,475,461,0,50.74786324786325
PSDB,880,285,595,0,32.38636363636363
PDT,876,209,667,0,23.858447488584474
PSB,865,322,543,0,37.225433526011564
UNIÃO,751,375,376,0,49.93342210386152
AVANTE,700,201,499,0,28.714285714285715
PP,643,317,326,0,49.30015552099533
PSOL,604,154,450,0,25.496688741721854
MISSÃO,513,132,381,0,25.730994152046783
PRD,379,108,271,0,28.496042216358838
SOLIDARIEDADE,363,85,278,0,23.415977961432507
DC,326,49,277,0,15.030674846625766
MOBILIZA,318,43,275,0,13.522012578616351
REDE,286,51,235,0,17.832167832167833
AGIR,281,71,210,0,25.26690391459075
DEMOCRATA,208,35,173,0,16.826923076923077
PV,192,76,116,0,39.583333333333336
PCDOB,128,55,73,0,42.96875
CIDADANIA,113,27,86,0,23.893805309734514
UP,105,5,100,0,4.761904761904762
PSTU,64,6,58,0,9.375
PCO,16,1,15,0,6.25
PCB,9,0,9,0,0.0
PRTB,5,2,3,0,40.0
