pair_id,topic,context_polarity,focal_event,context_frame,article_text,vad_model,nrc_native_valence,vad_valence,nrc_native_arousal,vad_arousal,nrc_native_dominance,vad_dominance,nrc_token_count,nrc_matched_token_count,nrc_matched_term_count,nrc_multiword_match_count,nrc_token_coverage
1,animals,positive,A dog died,A broadly positive context softens the negative focal event.,"Although the country reported better animal welfare indicators and expanded adoption campaigns, a dog died after failing to survive emergency surgery.",NRC-VAD-Lexicon-v2.1,0.04741176470588236,3.0948235294117645,0.09964705882352942,3.199294117647059,0.09399999999999999,3.188,21,17,17,0,0.8095238095238095
1,animals,negative,A dog died,A broadly negative context intensifies the negative focal event.,"Amid rising animal abandonment and a shortage of public veterinary care in the region, a dog died after failing to survive emergency surgery.",NRC-VAD-Lexicon-v2.1,-0.08021052631578947,2.839578947368421,0.06263157894736843,3.1252631578947367,-0.04105263157894736,2.917894736842105,23,19,19,0,0.8260869565217391
2,health,positive,A hospital lost power for one hour,Recent health improvements surround a problematic event.,"Even after a week of shorter waiting lines and newly opened hospital beds, a hospital lost power for one hour during unexpected maintenance.",NRC-VAD-Lexicon-v2.1,-0.030882352941176472,2.9382352941176473,-0.06535294117647059,2.8692941176470588,-0.0801764705882353,2.8396470588235294,23,18,17,1,0.782608695652174
2,health,negative,A hospital lost power for one hour,A health crisis surrounds the same problematic event.,"At the height of a crisis with patients waiting in corridors and exhausted medical teams, a hospital lost power for one hour during unexpected maintenance.",NRC-VAD-Lexicon-v2.1,-0.11323529411764706,2.773529411764706,0.007411764705882356,3.014823529411765,-0.058882352941176476,2.8822352941176472,25,19,17,2,0.76
3,education,positive,A school canceled Friday classes,A one-day cancellation appears inside a favorable education scenario.,"After reaching a record approval rate and receiving new laboratories, a school canceled Friday classes to repair the electrical system.",NRC-VAD-Lexicon-v2.1,0.2766153846153846,3.553230769230769,-0.07846153846153846,2.8430769230769233,0.13584615384615384,3.271692307692308,20,13,13,0,0.65
3,education,negative,A school canceled Friday classes,The cancellation appears as part of a deteriorating education scenario.,"After months of teacher shortages, damaged classrooms, and falling student attendance, a school canceled Friday classes to repair the electrical system.",NRC-VAD-Lexicon-v2.1,0.10671428571428572,3.2134285714285715,-0.023857142857142855,2.9522857142857144,0.05485714285714286,3.109714285714286,21,14,14,0,0.6666666666666666
4,economy,positive,A factory laid off 30 workers,Local layoffs contrast with broader economic improvement.,"Despite thousands of new jobs across the state and rising average income, a factory laid off 30 workers because of an equipment replacement.",NRC-VAD-Lexicon-v2.1,0.10471428571428572,3.2094285714285715,-0.01364285714285714,2.972714285714286,0.08357142857142856,3.1671428571428573,23,16,14,2,0.6956521739130435
4,economy,negative,A factory laid off 30 workers,Local layoffs reinforce a weak economic scenario.,"With the city already facing closed stores, growing debt, and persistent unemployment, a factory laid off 30 workers because of an equipment replacement.",NRC-VAD-Lexicon-v2.1,-0.12357142857142858,2.7528571428571427,-0.07228571428571429,2.8554285714285714,-0.020571428571428574,2.958857142857143,23,17,14,3,0.7391304347826086
5,public_safety,positive,A robbery happened downtown,An isolated crime appears in a context of improving safety.,"Even with fewer thefts in the neighborhood and reopened public spaces, a robbery happened downtown on Tuesday night.",NRC-VAD-Lexicon-v2.1,-0.1018,2.7964,-0.045599999999999995,2.9088,-0.0746,2.8508,18,10,10,0,0.5555555555555556
5,public_safety,negative,A robbery happened downtown,The same crime appears inside an escalation of insecurity.,"After a sequence of assaults, fear among shopkeepers, and insufficient patrols, a robbery happened downtown on Tuesday night.",NRC-VAD-Lexicon-v2.1,-0.16066666666666665,2.6786666666666665,-0.02733333333333332,2.945333333333333,-0.17174999999999999,2.6565,18,12,12,0,0.6666666666666666
6,environment,positive,A fire reached a forest area,A local environmental loss contrasts with broader recovery.,"After months of spring restoration and reduced regional deforestation, a fire reached a forest area near the road.",NRC-VAD-Lexicon-v2.1,0.07376923076923078,3.1475384615384616,-0.06838461538461539,2.863230769230769,-0.06384615384615384,2.8723076923076922,18,13,13,0,0.7222222222222222
6,environment,negative,A fire reached a forest area,The environmental loss reinforces a critical ecological situation.,"In a region marked by severe drought, constant smoke, and biodiversity loss, a fire reached a forest area near the road.",NRC-VAD-Lexicon-v2.1,-0.037333333333333336,2.925333333333333,-0.13606666666666667,2.7278666666666664,-0.0226,2.9548,21,15,15,0,0.7142857142857143
7,transport,positive,A bus broke down in the morning,A transport failure occurs during service improvement.,"In the first month with a renewed fleet, fewer delays, and integrated fares, a bus broke down in the morning on a busy avenue.",NRC-VAD-Lexicon-v2.1,0.03592857142857143,3.071857142857143,-0.19192857142857145,2.616142857142857,-0.02721428571428572,2.9455714285714287,24,14,14,0,0.5833333333333334
7,transport,negative,A bus broke down in the morning,A transport failure occurs during an already chaotic service period.,"During a week of strikes, overcrowding, and daily passenger complaints, a bus broke down in the morning on a busy avenue.",NRC-VAD-Lexicon-v2.1,0.0010769230769230764,3.002153846153846,-0.15869230769230772,2.6826153846153846,-0.1256923076923077,2.7486153846153845,21,13,13,0,0.6190476190476191
8,technology,positive,An app went offline for two hours,A technical failure contrasts with good user reception.,"After receiving positive user reviews and helping thousands of appointments, an app went offline for two hours because of server instability.",NRC-VAD-Lexicon-v2.1,0.1096,3.2192,-0.023599999999999996,2.9528,-0.010533333333333337,2.9789333333333334,21,16,15,1,0.7619047619047619
8,technology,negative,An app went offline for two hours,A technical failure reinforces accumulated distrust.,"After data leaks, improper charges, and weeks of user complaints, an app went offline for two hours because of server instability.",NRC-VAD-Lexicon-v2.1,-0.045714285714285714,2.9085714285714284,-0.09371428571428571,2.8125714285714287,-0.14242857142857143,2.7151428571428573,21,15,14,1,0.7142857142857143
9,culture,positive,A concert was postponed,A one-off postponement appears within a strong cultural calendar.,"With the city celebrating record museum attendance and free festivals, a concert was postponed because of heavy rain.",NRC-VAD-Lexicon-v2.1,0.27784615384615385,3.5556923076923077,0.022076923076923084,3.044153846153846,0.07230769230769231,3.144615384615385,18,16,13,3,0.8888888888888888
9,culture,negative,A concert was postponed,A one-off postponement appears within a weakened cultural calendar.,"After theater closures, funding cuts, and poor ticket sales, a concert was postponed because of heavy rain.",NRC-VAD-Lexicon-v2.1,0.12836363636363637,3.256727272727273,0.015000000000000003,3.03,-0.04845454545454546,2.903090909090909,17,13,11,2,0.7647058823529411
10,sports,positive,A player was injured during training,An individual injury contrasts with a winning sports moment.,"Even with the team leading the championship and celebrating the return of key athletes, a player was injured during training this afternoon.",NRC-VAD-Lexicon-v2.1,0.174375,3.34875,0.11456250000000001,3.229125,0.17425,3.3485,22,16,16,0,0.7272727272727273
10,sports,negative,A player was injured during training,An individual injury reinforces a bad sports moment.,"With the team in crisis, consecutive defeats, and a squad reduced by suspensions, a player was injured during training this afternoon.",NRC-VAD-Lexicon-v2.1,-0.03373333333333333,2.932533333333333,0.10086666666666666,3.2017333333333333,0.04879999999999999,3.0976,21,15,15,0,0.7142857142857143
11,agriculture,positive,A corn harvest had partial losses,An agricultural loss appears inside strong sector results.,"Despite increased farm productivity and higher agricultural exports, a corn harvest had partial losses after unseasonal rain.",NRC-VAD-Lexicon-v2.1,0.2678333333333333,3.5356666666666667,-0.1235,2.753,-0.003000000000000003,2.9939999999999998,17,12,12,0,0.7058823529411765
11,agriculture,negative,A corn harvest had partial losses,An agricultural loss appears inside a sector crisis.,"With indebted farmers, idle machinery, and prolonged drought in nearby towns, a corn harvest had partial losses after unseasonal rain.",NRC-VAD-Lexicon-v2.1,-0.10861538461538461,2.782769230769231,-0.16323076923076923,2.6735384615384614,-0.20169230769230767,2.5966153846153848,20,13,13,0,0.65
12,science,positive,An experiment was interrupted,A scientific interruption contrasts with recent progress.,"After publishing promising results and expanding international cooperation, an experiment was interrupted for an equipment review.",NRC-VAD-Lexicon-v2.1,0.23916666666666667,3.4783333333333335,0.049416666666666664,3.0988333333333333,0.18966666666666665,3.3793333333333333,16,12,12,0,0.75
12,science,negative,An experiment was interrupted,A scientific interruption reinforces uncertainty and delay.,"After funding cuts, researchers leaving the project, and repeated schedule delays, an experiment was interrupted for an equipment review.",NRC-VAD-Lexicon-v2.1,0.09692857142857143,3.193857142857143,0.03371428571428572,3.0674285714285716,0.12114285714285714,3.2422857142857144,19,14,14,0,0.7368421052631579
13,housing,positive,A building showed cracks,A structural problem contrasts with urban improvement.,"Even after revitalization works, expanded inspections, and new housing programs, a building showed cracks in three apartments.",NRC-VAD-Lexicon-v2.1,0.4566,3.9132,-0.1318,2.7364,0.1462,3.2923999999999998,17,10,10,0,0.5882352941176471
13,housing,negative,A building showed cracks,A structural problem reinforces urban precarity.,"In a neighborhood with abandoned properties, displaced families, and almost no inspection, a building showed cracks in three apartments.",NRC-VAD-Lexicon-v2.1,0.022916666666666655,3.0458333333333334,-0.20941666666666667,2.581166666666667,-0.026583333333333334,2.946833333333333,19,12,12,0,0.631578947368421
14,food,positive,A batch of food was recalled,The recall appears within effective food safety control.,"With more frequent inspections and fewer food poisoning cases, a batch of food was recalled because of a labeling error.",NRC-VAD-Lexicon-v2.1,0.01791666666666666,3.035833333333333,-0.06358333333333333,2.8728333333333333,-0.08166666666666667,2.836666666666667,20,14,12,2,0.7
14,food,negative,A batch of food was recalled,The recall appears within food safety insecurity.,"After contamination reports, fined markets, and hospitalized consumers, a batch of food was recalled because of a labeling error.",NRC-VAD-Lexicon-v2.1,-0.1133,2.7734,-0.1202,2.7596,-0.2319,2.5362,19,11,10,1,0.5789473684210527
15,weather,positive,A storm flooded two streets,A local flood contrasts with climate preparedness.,"Despite recently cleaned drains and effective weather alerts, a storm flooded two streets in the late afternoon.",NRC-VAD-Lexicon-v2.1,-0.003111111111111116,2.993777777777778,0.07466666666666667,3.1493333333333333,0.08722222222222223,3.1744444444444446,17,10,9,1,0.5882352941176471
15,weather,negative,A storm flooded two streets,A local flood reinforces climate vulnerability.,"With poor drainage, families already displaced, and more storms in the forecast, a storm flooded two streets in the late afternoon.",NRC-VAD-Lexicon-v2.1,-0.008500000000000006,2.983,-0.13608333333333333,2.7278333333333333,-0.06458333333333334,2.870833333333333,21,13,12,1,0.6190476190476191
16,politics,positive,A vote was suspended,A political suspension occurs in a stable institutional environment.,"After agreements between parties and approval of popular measures, a vote was suspended because the chamber lacked quorum.",NRC-VAD-Lexicon-v2.1,0.1803846153846154,3.3607692307692307,0.027692307692307686,3.0553846153846154,0.08938461538461538,3.178769230769231,18,13,13,0,0.7222222222222222
16,politics,negative,A vote was suspended,A political suspension occurs in a conflicted institutional environment.,"Amid mutual accusations, protests outside the chamber, and stalled essential bills, a vote was suspended because the chamber lacked quorum.",NRC-VAD-Lexicon-v2.1,0.08783333333333333,3.175666666666667,-0.15733333333333335,2.6853333333333333,-0.01883333333333333,2.9623333333333335,20,12,12,0,0.6
17,energy,positive,A substation had a technical failure,An energy failure contrasts with system expansion and stability.,"Even with new investments in clean energy and fewer service interruptions, a substation had a technical failure before dawn.",NRC-VAD-Lexicon-v2.1,0.1698181818181818,3.3396363636363637,-0.08472727272727273,2.8305454545454545,-0.025636363636363634,2.9487272727272726,19,12,11,1,0.631578947368421
17,energy,negative,A substation had a technical failure,An energy failure reinforces system instability.,"After frequent blackouts, higher bills, and damaged appliances in several homes, a substation had a technical failure before dawn.",NRC-VAD-Lexicon-v2.1,0.04349999999999999,3.087,-0.0785,2.843,-0.0635,2.873,19,12,12,0,0.631578947368421
18,tourism,positive,A hotel canceled reservations,A cancellation contrasts with a strong tourist season.,"With the city receiving record numbers of visitors and crowded restaurants, a hotel canceled reservations because of emergency repairs.",NRC-VAD-Lexicon-v2.1,0.10880000000000001,3.2176,-0.013999999999999995,2.972,0.005799999999999998,3.0116,19,13,10,3,0.6842105263157895
18,tourism,negative,A hotel canceled reservations,A cancellation reinforces the decline of local tourism.,"After months of empty beaches, closing businesses, and complaints about infrastructure, a hotel canceled reservations because of emergency repairs.",NRC-VAD-Lexicon-v2.1,0.039400000000000004,3.0788,-0.0326,2.9348,-0.10290000000000002,2.7942,19,11,10,1,0.5789473684210527
19,justice,positive,A hearing was rescheduled,A court delay occurs during administrative improvement.,"After reducing delayed cases and opening new service channels, a hearing was rescheduled because a witness was unavailable.",NRC-VAD-Lexicon-v2.1,0.1045,3.209,-0.06791666666666667,2.8641666666666667,-0.0555,2.889,18,12,12,0,0.6666666666666666
19,justice,negative,A hearing was rescheduled,A court delay occurs during slowness and frustration.,"With long lines, stalled cases, and families waiting years for answers, a hearing was rescheduled because a witness was unavailable.",NRC-VAD-Lexicon-v2.1,0.060714285714285714,3.1214285714285714,-0.17971428571428572,2.6405714285714286,-0.043857142857142865,2.9122857142857144,20,14,14,0,0.7
20,community,positive,A community fair lost stalls,A local loss contrasts with positive community mobilization.,"Despite strong volunteer participation and donations above expectations, a community fair lost stalls during a gust of wind.",NRC-VAD-Lexicon-v2.1,0.19649999999999998,3.393,0.04314285714285715,3.0862857142857143,0.11842857142857144,3.2368571428571427,18,14,14,0,0.7777777777777778
20,community,negative,A community fair lost stalls,A local loss reinforces community fragility.,"After lack of public support, falling donations, and conflicts among organizers, a community fair lost stalls during a gust of wind.",NRC-VAD-Lexicon-v2.1,0.030866666666666667,3.061733333333333,0.004000000000000003,3.008,-0.01746666666666667,2.9650666666666665,21,16,15,1,0.7619047619047619
