pair_id,topic,focal_event,positive_valence_nrc,negative_valence_nrc,positive_minus_negative_valence_nrc,abs_delta_valence_nrc,positive_arousal_nrc,negative_arousal_nrc,positive_minus_negative_arousal_nrc,abs_delta_arousal_nrc,positive_dominance_nrc,negative_dominance_nrc,positive_minus_negative_dominance_nrc,abs_delta_dominance_nrc,largest_abs_delta_nrc,largest_changed_dimension_nrc,vad_drift_nrc,positive_valence_bert,negative_valence_bert,positive_minus_negative_valence_bert,abs_delta_valence_bert,positive_arousal_bert,negative_arousal_bert,positive_minus_negative_arousal_bert,abs_delta_arousal_bert,positive_dominance_bert,negative_dominance_bert,positive_minus_negative_dominance_bert,abs_delta_dominance_bert,largest_abs_delta_bert,largest_changed_dimension_bert,vad_drift_bert
13,housing,A building showed cracks,3.9132,3.0458333333333334,0.8673666666666664,0.8673666666666664,2.7364,2.581166666666667,0.15523333333333333,0.15523333333333333,3.2923999999999998,2.946833333333333,0.3455666666666666,0.3455666666666666,0.8673666666666664,valence,0.11401388888888886,2.786402702331543,2.5199694633483887,0.2664332389831543,0.2664332389831543,2.927828311920166,3.065260410308838,-0.13743209838867188,0.13743209838867188,2.9304122924804688,2.820946216583252,0.1094660758972168,0.1094660758972168,0.2664332389831543,valence,0.04277761777242025
11,agriculture,A corn harvest had partial losses,3.5356666666666667,2.782769230769231,0.7528974358974359,0.7528974358974359,2.753,2.6735384615384614,0.0794615384615387,0.0794615384615387,2.9939999999999998,2.5966153846153848,0.397384615384615,0.397384615384615,0.7528974358974359,valence,0.10247863247863247,2.7396907806396484,2.463886976242065,0.27580380439758345,0.27580380439758345,3.0500874519348145,3.065694808959961,-0.015607357025146484,0.015607357025146484,2.951827049255371,2.793473482131958,0.15835356712341309,0.15835356712341309,0.27580380439758345,valence,0.03748039404551192
4,economy,A factory laid off 30 workers,3.2094285714285715,2.7528571428571427,0.45657142857142885,0.45657142857142885,2.972714285714286,2.8554285714285714,0.11728571428571444,0.11728571428571444,3.1671428571428573,2.958857142857143,0.20828571428571419,0.20828571428571419,0.45657142857142885,valence,0.06517857142857146,2.52334976196289,2.107788562774658,0.415561199188232,0.415561199188232,3.2534451484680176,3.2787201404571533,-0.025274991989135742,0.025274991989135742,2.863149881362915,2.7826943397521973,0.08045554161071777,0.08045554161071777,0.415561199188232,valence,0.04344097773234046
15,weather,A storm flooded two streets,2.993777777777778,2.983,0.010777777777777775,0.010777777777777775,3.1493333333333333,2.7278333333333333,0.4215,0.4215,3.1744444444444446,2.870833333333333,0.3036111111111115,0.3036111111111115,0.4215,arousal,0.06132407407407411,2.5523314476013184,2.3961243629455566,0.15620708465576172,0.15620708465576172,3.2233800888061523,3.2358198165893555,-0.012439727783203125,0.012439727783203125,2.690553665161133,2.7255396842956543,-0.034986019134521484,0.034986019134521484,0.15620708465576172,valence,0.01696940263112386
10,sports,A player was injured during training,3.34875,2.932533333333333,0.4162166666666667,0.4162166666666667,3.229125,3.2017333333333333,0.02739166666666648,0.02739166666666648,3.3485,3.0976,0.2509000000000001,0.2509000000000001,0.4162166666666667,valence,0.05787569444444444,2.828731060028076,2.4696786403656006,0.3590524196624756,0.3590524196624756,3.1408028602600098,3.10900354385376,0.031799316406249556,0.031799316406249556,2.8960914611816406,2.856988906860352,0.03910255432128862,0.03910255432128862,0.3590524196624756,valence,0.035829524199167816
16,politics,A vote was suspended,3.3607692307692307,3.175666666666667,0.18510256410256387,0.18510256410256387,3.0553846153846154,2.6853333333333333,0.370051282051282,0.370051282051282,3.178769230769231,2.9623333333333335,0.2164358974358973,0.2164358974358973,0.370051282051282,arousal,0.06429914529914527,2.8669352531433105,2.6426172256469727,0.2243180274963379,0.2243180274963379,2.954185962677002,3.225914001464844,-0.27172803878784224,0.27172803878784224,3.00834321975708,2.958078384399414,0.050264835357666016,0.050264835357666016,0.27172803878784224,arousal,0.04552590847015384
3,education,A school canceled Friday classes,3.553230769230769,3.2134285714285715,0.33980219780219745,0.33980219780219745,2.8430769230769233,2.9522857142857144,-0.10920879120879112,0.10920879120879112,3.271692307692308,3.109714285714286,0.16197802197802202,0.16197802197802202,0.33980219780219745,valence,0.05091575091575088,2.845280647277832,2.38093376159668,0.4643468856811519,0.4643468856811519,3.194807291030884,3.1454896926879883,0.04931759834289551,0.04931759834289551,2.9336533546447754,2.7538957595825195,0.17975759506225586,0.17975759506225586,0.4643468856811519,valence,0.05778517325719194
20,community,A community fair lost stalls,3.393,3.061733333333333,0.3312666666666666,0.3312666666666666,3.0862857142857143,3.008,0.07828571428571429,0.07828571428571429,3.2368571428571427,2.9650666666666665,0.27179047619047614,0.27179047619047614,0.3312666666666666,valence,0.05677857142857142,2.851630449295044,2.6104395389556885,0.24119091033935547,0.24119091033935547,3.0309653282165527,3.039053440093994,-0.008088111877441406,0.008088111877441406,2.853790521621704,2.780088424682617,0.07370209693908691,0.07370209693908691,0.24119091033935547,valence,0.026915093262990315
8,technology,An app went offline for two hours,3.2192,2.9085714285714284,0.3106285714285715,0.3106285714285715,2.9528,2.8125714285714287,0.14022857142857115,0.14022857142857115,2.9789333333333334,2.7151428571428573,0.26379047619047613,0.26379047619047613,0.3106285714285715,valence,0.05955396825396823,3.015081882476806,2.4553332328796387,0.5597486495971675,0.5597486495971675,3.103321075439453,3.157469749450684,-0.05414867401123091,0.05414867401123091,2.8397998809814453,2.767646074295044,0.07215380668640137,0.07215380668640137,0.5597486495971675,valence,0.05717092752456665
14,food,A batch of food was recalled,3.035833333333333,2.7734,0.2624333333333331,0.2624333333333331,2.8728333333333333,2.7596,0.11323333333333352,0.11323333333333352,2.836666666666667,2.5362,0.3004666666666669,0.3004666666666669,0.3004666666666669,dominance,0.056344444444444454,3.0107383728027344,2.4684314727783203,0.5423069000244141,0.5423069000244141,3.0505495071411133,3.0491392612457275,0.0014102458953857422,0.0014102458953857422,3.058347702026367,3.015722274780273,0.042625427246094194,0.042625427246094194,0.5423069000244141,valence,0.04886188109715783
9,culture,A concert was postponed,3.5556923076923077,3.256727272727273,0.2989650349650348,0.2989650349650348,3.044153846153846,3.03,0.014153846153846406,0.014153846153846406,3.144615384615385,2.903090909090909,0.24152447552447587,0.24152447552447587,0.2989650349650348,valence,0.046220279720279756,3.1369788646698,2.530703067779541,0.6062757968902588,0.6062757968902588,3.267294645309448,3.1475918292999268,0.11970281600952104,0.11970281600952104,2.967217445373535,2.810293197631836,0.15692424774169922,0.15692424774169922,0.6062757968902588,valence,0.07357523838678992
12,science,An experiment was interrupted,3.4783333333333335,3.193857142857143,0.28447619047619055,0.28447619047619055,3.0988333333333333,3.0674285714285716,0.03140476190476171,0.03140476190476171,3.3793333333333333,3.2422857142857144,0.13704761904761886,0.13704761904761886,0.28447619047619055,valence,0.037744047619047594,3.280538320541382,2.6959433555603027,0.5845949649810791,0.5845949649810791,3.0801267623901367,3.010130882263184,0.06999588012695268,0.06999588012695268,3.0236289501190186,2.8266873359680176,0.19694161415100098,0.19694161415100098,0.5845949649810791,valence,0.07096103827158606
1,animals,A dog died,3.0948235294117645,2.839578947368421,0.25524458204334355,0.25524458204334355,3.199294117647059,3.1252631578947367,0.0740309597523221,0.0740309597523221,3.188,2.917894736842105,0.27010526315789507,0.27010526315789507,0.27010526315789507,dominance,0.049948400412796724,2.6955270767211914,2.016972780227661,0.6785542964935303,0.6785542964935303,3.1018166542053223,3.2582805156707764,-0.1564638614654541,0.1564638614654541,2.8895368576049805,2.620042085647583,0.26949477195739746,0.26949477195739746,0.6785542964935303,valence,0.09204274415969849
17,energy,A substation had a technical failure,3.3396363636363637,3.087,0.25263636363636355,0.25263636363636355,2.8305454545454545,2.843,-0.012454545454545496,0.012454545454545496,2.9487272727272726,2.873,0.07572727272727242,0.07572727272727242,0.25263636363636355,valence,0.028401515151515122,2.7584590911865234,2.40662693977356,0.3518321514129634,0.3518321514129634,2.9825735092163086,3.0480196475982666,-0.06544613838195801,0.06544613838195801,3.0619843006134038,2.696563005447388,0.3654212951660156,0.3654212951660156,0.3654212951660156,dominance,0.06522496541341143
19,justice,A hearing was rescheduled,3.209,3.1214285714285714,0.08757142857142863,0.08757142857142863,2.8641666666666667,2.6405714285714286,0.22359523809523818,0.22359523809523818,2.889,2.9122857142857144,-0.023285714285714576,0.023285714285714576,0.22359523809523818,arousal,0.027871031746031782,3.067632913589477,2.565169095993042,0.5024638175964351,0.5024638175964351,2.96965765953064,3.126138210296631,-0.15648055076599077,0.15648055076599077,2.9656732082366943,2.809227228164673,0.15644598007202148,0.15644598007202148,0.5024638175964351,valence,0.06794919570287061
6,environment,A fire reached a forest area,3.1475384615384616,2.925333333333333,0.2222051282051285,0.2222051282051285,2.863230769230769,2.7278666666666664,0.13536410256410258,0.13536410256410258,2.8723076923076922,2.9548,-0.08249230769230786,0.08249230769230786,0.2222051282051285,valence,0.036671794871794915,2.851933479309082,2.376907587051392,0.47502589225769,0.47502589225769,3.078730821609497,3.243794679641724,-0.165063858032227,0.165063858032227,2.827077388763428,2.6531901359558105,0.17388725280761763,0.17388725280761763,0.47502589225769,valence,0.06783141692479455
18,tourism,A hotel canceled reservations,3.2176,3.0788,0.1387999999999998,0.1387999999999998,2.972,2.9348,0.0371999999999999,0.0371999999999999,3.0116,2.7942,0.21740000000000004,0.21740000000000004,0.21740000000000004,dominance,0.03278333333333331,3.10215163230896,2.600233316421509,0.5019183158874512,0.5019183158874512,3.294201612472534,3.090139865875244,0.20406174659729004,0.20406174659729004,2.949965238571167,2.8037242889404297,0.1462409496307373,0.1462409496307373,0.5019183158874512,valence,0.07101841767628987
7,transport,A bus broke down in the morning,3.071857142857143,3.002153846153846,0.06970329670329711,0.06970329670329711,2.616142857142857,2.6826153846153846,-0.06647252747252752,0.06647252747252752,2.9455714285714287,2.7486153846153845,0.19695604395604427,0.19695604395604427,0.19695604395604427,dominance,0.027760989010989074,2.856545209884644,2.352142333984375,0.504402875900269,0.504402875900269,3.1314735412597656,3.278514862060547,-0.14704132080078125,0.14704132080078125,2.98488998413086,2.772571563720703,0.2123184204101567,0.2123184204101567,0.504402875900269,valence,0.07198021809260058
5,public_safety,A robbery happened downtown,2.7964,2.6786666666666665,0.11773333333333369,0.11773333333333369,2.9088,2.945333333333333,-0.03653333333333331,0.03653333333333331,2.8508,2.6565,0.19430000000000014,0.19430000000000014,0.19430000000000014,dominance,0.029047222222222262,2.800356388092041,2.428085803985596,0.37227058410644487,0.37227058410644487,3.2609567642211914,3.423367977142334,-0.16241121292114258,0.16241121292114258,3.0804708003997803,2.785155773162842,0.2953150272369385,0.2953150272369385,0.37227058410644487,valence,0.06916640202204383
2,health,A hospital lost power for one hour,2.9382352941176473,2.773529411764706,0.16470588235294148,0.16470588235294148,2.8692941176470588,3.014823529411765,-0.14552941176470613,0.14552941176470613,2.8396470588235294,2.8822352941176472,-0.042588235294117815,0.042588235294117815,0.16470588235294148,valence,0.029401960784313785,2.83685040473938,2.7170207500457764,0.11982965469360352,0.11982965469360352,3.0801804065704346,3.222593307495117,-0.14241290092468262,0.14241290092468262,3.0309643745422363,2.9639406204223637,0.0670237541198726,0.0670237541198726,0.14241290092468262,arousal,0.02743885914484656
