pair_id,original_id,subject,title,date,false_valence,rewritten_valence,delta_valence,false_arousal,rewritten_arousal,delta_arousal,false_dominance,rewritten_dominance,delta_dominance,absolute_delta_sum
Fake.csv:15381,Fake.csv:15381,politics,(VIDEO) DONALD TRUMP: “NOT BEHOLDEN TO ANYONE”,"Aug 1, 2015",3.452853202819824,3.1221323013305664,-0.3307209014892578,3.514704704284668,2.9921114444732666,-0.5225932598114014,3.3882014751434326,3.2609262466430664,-0.1272752285003662,0.9805893898010254
Fake.csv:13474,Fake.csv:13474,politics,ABOUT HILLARY’S COUGH: We Discovered The Secret To Why She Keeps Coughing [Video],"Jul 20, 2016",3.060201644897461,2.577770709991455,-0.48243093490600586,3.295518398284912,3.2606053352355957,-0.034913063049316406,3.0495519638061523,2.843744993209839,-0.20580697059631348,0.7231509685516357
Fake.csv:19179,Fake.csv:19179,left-news,‘SLEEPY’ JUSTICE GINSBURG: Excites Crowd By Saying She’d Back Abolition Of The Electoral College [Video],"Feb 7, 2017",2.993924140930176,3.110671043395996,0.11674690246582031,3.5457170009613037,2.95001220703125,-0.5957047939300537,3.19102144241333,3.1879382133483887,-0.0030832290649414062,0.7155349254608154
Fake.csv:3844,Fake.csv:3844,News," Leslie Knope Writes Powerful, Heartbreaking Letter To America That EVERYONE Should Read","November 10, 2016",2.673483371734619,2.803264856338501,0.12978148460388184,3.4062538146972656,3.0813024044036865,-0.3249514102935791,3.227530002593994,3.054764747619629,-0.17276525497436523,0.6274981498718262
Fake.csv:4894,Fake.csv:4894,News, Trump Supporting KKK Leader Defends Trump And Alt-Right In Response To Hillary’s Brilliant Speech,"August 25, 2016",2.771284580230713,2.8868465423583984,0.11556196212768555,3.3855607509613037,3.010202407836914,-0.37535834312438965,3.323326587677002,3.208868980407715,-0.11445760726928711,0.6053779125213623
Fake.csv:3296,Fake.csv:3296,News, Anthony Bourdain Reveals The ‘ONE Good Thing’ About Trump And It’s HILARIOUS,"December 22, 2016",2.611124038696289,2.731318473815918,0.1201944351196289,3.4824466705322266,3.1319828033447266,-0.3504638671875,3.1914453506469727,3.1055121421813965,-0.08593320846557617,0.5565915107727051
Fake.csv:11994,Fake.csv:11994,politics,BREAKING: OBAMACARE REPEAL Clears First Hurdle…Dems Get Snarky,"Jan 4, 2017",3.000999927520752,3.118659496307373,0.1176595687866211,3.2549595832824707,2.943899154663086,-0.31106042861938477,3.2564597129821777,3.160687208175659,-0.09577250480651855,0.5244925022125244
Fake.csv:501,Fake.csv:501,News, WATCH: Kellyanne Conway Very Upset Hillary Clinton Is Not Doing Trump’s Job,"August 24, 2017",2.785123825073242,2.9374003410339355,0.15227651596069336,3.3254919052124023,3.0066170692443848,-0.3188748359680176,3.1176257133483887,3.1381962299346924,0.02057051658630371,0.49172186851501465
Fake.csv:1201,Fake.csv:1201,News, It’s Mueller Time!: Russia Probe Just Got Worse For Trump And It’s Going To Hurt,"June 9, 2017",2.9462904930114746,3.0463218688964844,0.10003137588500977,3.2905540466308594,3.043142795562744,-0.24741125106811523,3.271544933319092,3.1826467514038086,-0.0888981819152832,0.4363408088684082
Fake.csv:6087,Fake.csv:6087,News, Why This Attorney General Is Going After Trump For ‘Fraud’,"May 31, 2016",2.766150951385498,2.8553032875061035,0.08915233612060547,3.256891965866089,3.078172206878662,-0.17871975898742676,3.066866397857666,3.1981825828552246,0.1313161849975586,0.3991882801055908
Fake.csv:9514,Fake.csv:9514,politics,JUST IN: RAND PAUL ASSAULTED By Democrat Doctor…Here’s What We Know About The Attacker,"Nov 4, 2017",2.6960105895996094,2.8799195289611816,0.18390893936157227,3.2170424461364746,3.0878145694732666,-0.129227876663208,3.0800247192382812,3.1499626636505127,0.06993794441223145,0.3830747604370117
Fake.csv:6173,Fake.csv:6173,News, Watch Hillary’s Reaction When Security Tries To Kick Shirtless Male Supporters Out Of Her Rally,"May 26, 2016",3.131903648376465,2.8980460166931152,-0.2338576316833496,3.4019076824188232,3.273066997528076,-0.12884068489074707,3.184988021850586,3.204692840576172,0.019704818725585938,0.3824031352996826
Fake.csv:7285,Fake.csv:7285,News, Everyone Is Freaking Out Over This ‘Visitor’ At A Bernie Sanders Rally (VIDEO/TWEETS),"March 25, 2016",3.029834747314453,2.93391752243042,-0.0959172248840332,3.420793056488037,3.1519925594329834,-0.2688004970550537,3.1329119205474854,3.1152706146240234,-0.017641305923461914,0.38235902786254883
Fake.csv:7931,Fake.csv:7931,News, Elijah Cummings Made Sure The GOP Is Well Aware They’re Hypocritical A**holes Regarding Flint,"February 22, 2016",2.6722378730773926,2.7938904762268066,0.12165260314941406,3.2215192317962646,2.977567672729492,-0.24395155906677246,3.1351675987243652,3.129629373550415,-0.005538225173950195,0.3711423873901367
Fake.csv:6134,Fake.csv:6134,News, Chris Cuomo SLAMS Trump For Promising “A Lot Of Things That Can’t Be Done” In Energy Speech (VIDEO),"May 28, 2016",2.715289354324341,2.828312397003174,0.11302304267883301,3.2598178386688232,3.118217945098877,-0.1415998935699463,3.300337314605713,3.2292914390563965,-0.0710458755493164,0.3256688117980957
Fake.csv:1510,Fake.csv:1510,News, Trump Displays Incredible Ignorance Yet Again — Claims Credit For Term Coined Over A Hundred Years Ago,"May 11, 2017",2.928774833679199,3.0875794887542725,0.15880465507507324,3.0687906742095947,3.077780246734619,0.008989572525024414,3.137935161590576,3.2925944328308105,0.15465927124023438,0.32245349884033203
Fake.csv:10276,Fake.csv:10276,politics,FARMER FINED A WHOPPING $2.8 MILLION Asks President Trump For Help,"Jul 29, 2017",2.90212345123291,2.968662738800049,0.06653928756713867,3.0658648014068604,2.930508613586426,-0.13535618782043457,3.222752094268799,3.1211729049682617,-0.10157918930053711,0.30347466468811035
Fake.csv:17798,Fake.csv:17798,left-news,TRUMP HITS BACK After Cowgirl Congresswoman Trashes Him Over Words Said to Grieving Widow,"Oct 18, 2017",2.6298069953918457,2.7319016456604004,0.10209465026855469,3.2452218532562256,3.1154465675354004,-0.1297752857208252,3.034621238708496,3.096569538116455,0.061948299407958984,0.29381823539733887
Fake.csv:6815,Fake.csv:6815,News, Ben & Jerry’s Ice Cream Founders Get Arrested At U.S. Capitol,"April 19, 2016",2.7873804569244385,2.889171600341797,0.1017911434173584,3.2430057525634766,3.158867120742798,-0.08413863182067871,3.1433181762695312,3.2173657417297363,0.07404756546020508,0.2599773406982422
Fake.csv:9504,Fake.csv:9504,politics,MEDIA DOWNPLAYS Attack By Unhinged Neighbor On Senator Rand Paul…’Minor Injuries’ Not So Minor,"Nov 6, 2017",2.6298484802246094,2.5063207149505615,-0.12352776527404785,3.1219706535339355,3.2057011127471924,0.08373045921325684,3.034292697906494,3.080906867980957,0.04661417007446289,0.2538723945617676
Fake.csv:16423,Fake.csv:16423,Government News,ANGRY Venezuelans CHASE Their President…Bang On Pots And Yell [Video],"Sep 3, 2016",2.7054920196533203,2.6126365661621094,-0.09285545349121094,3.382183313369751,3.3175535202026367,-0.06462979316711426,3.0745387077331543,3.1176910400390625,0.0431523323059082,0.2006375789642334
Fake.csv:3492,Fake.csv:3492,News," GOP Gives Trump The Middle Finger, Prepares To Launch Probe Into Russia","December 9, 2016",2.852538585662842,2.806460380554199,-0.04607820510864258,3.178802967071533,3.069716691970825,-0.10908627510070801,3.1442623138427734,3.1688599586486816,0.024597644805908203,0.1797621250152588
Fake.csv:22940,Fake.csv:22940,Middle-east,Billionaire ‘Bilderberger’ David Rockefeller dead at 101,"March 20, 2017",2.8903660774230957,2.970560073852539,0.08019399642944336,3.0277771949768066,3.0345611572265625,0.006783962249755859,3.0425329208374023,3.1085751056671143,0.06604218482971191,0.15302014350891113
Fake.csv:18726,Fake.csv:18726,left-news,"COWARDLY BLACK BLOC THUG Dane Powell Pleads Guilty…Faces 6 Yrs In Prison For Rioting, Assaulting Police During Trump’s Inauguration [VIDEO]","Apr 29, 2017",2.5980539321899414,2.6213488578796387,0.023294925689697266,3.384800434112549,3.2875638008117676,-0.09723663330078125,3.1444649696350098,3.171126365661621,0.026661396026611328,0.14719295501708984
