component,value,cluster_id
theme,Nicolas Maduro's second US court appearance after his capture,6
theme,Nicolas Maduro’s US criminal case following his capture and removal from power,6
theme,Murder charges against Bairon Posada-Hernandez after subway-track victim's death,2
theme,Murder charge upgrade against Bairon Posada-Hernandez after subway victim's death,2
theme,Sodexo's international Cook for Change! culinary competition finale,0
theme,Sodexo's 2026 Cook for Change! sustainable chef competition finale,0
theme,FTC settlement banning Air AI from marketing business opportunities over deceptive consumer claims,3
theme,FTC settlement banning Air AI from marketing business opportunities,3
theme,Odisha’s mushroom production and expansion of mushroom cultivation,0
theme,Odisha mushroom cultivation expansion and production,0
theme,University of Benin appoints its first female Registrar,1
theme,Appointment of UNIBEN's first female Registrar,1
theme,Kim Kardashian shares family vacation content from Japan,5
theme,Kim Kardashian shares family vacation photos from Japan,5
theme,CPCL interim dividend announcement for financial year 2025-26,8
theme,CPCL interim dividend announcement,8
theme,"Summer football transfer developments, especially Marcus Rashford’s potential move to Barcelona",7
theme,Manchester United's stance on Marcus Rashford's potential transfer to Barcelona,7
theme,CyrusOne's first data centre development in Italy,3
theme,Dubai Health and DFDF partnership to build a global HealthTech launchpad,1
theme,Dubai Health and DFDF partnership to establish a HealthTech regulatory and commercialization launchpad,1
theme,Benjamin Logan wrestlers' results at the OAC junior high state tournament,4
theme,India U20 men's team prepares for the SAFF U20 Championship,7
theme,India U20 men's team preparation for the SAFF U20 Championship,7
theme,Appointment of Periasamy Kumaran as India’s High Commissioner to the United Kingdom,1
theme,Periasamy Kumaran's appointment as India's High Commissioner to the United Kingdom,1
theme,Kenya hosts Mozambique president for a state visit,1
theme,President Ruto hosts SolarTech Global CEO for Kenya investment mission,1
theme,Great Bend girls soccer ended its Western Athletic Conference losing streak with a 2-1 win over Hays High,4
theme,Great Bend girls soccer's 2-1 upset victory over Hays High,4
theme,Yemen’s vice foreign minister meets diplomatic mission heads to address Yemeni communities’ conditions abroad,1
theme,Yemen’s vice foreign minister meeting with diplomatic missions on Yemeni communities abroad,1
theme,CPA concerns about the legal basis of GACL's takeover of McDan's jet terminal,6
theme,CPA challenges the legal basis of the government takeover of a private jet terminal,3
theme,Praise for Alex Otti’s governance and transformation of Abia State,1
theme,Uche Ogah's praise of Alex Otti's governance in Abia State,1
theme,Apple's expansion of U.S. manufacturing for iPhone and other product components,5
theme,Apple expands U.S. renewable energy and component manufacturing partnerships,5
theme,LOCOMS support for Heath Goldfields’ efforts to revive the Bogoso-Prestea mine,4
theme,LOCOMS support for Heath Goldfields' mine revival efforts,4
theme,Rajasthan United and Diamond Harbour draw 1-1 in the Indian Football League,7
theme,Goldman Sachs's Coinbase price target and potential stock upside,7
theme,Goldman Sachs's bullish price outlook for Coinbase,7
theme,Review of progress on the Tawi Artificial Lake and Riverfront Development Project,4
theme,SUPP Kuching Branch leadership changes after Lily Yong’s expulsion,1
theme,SUPP Miri Branch appoints acting leadership after Lily Yong’s expulsion,1
theme,Proposed measures to support India’s hospitality sector amid a commercial LPG shortage,1
theme,Tehseen Poonawalla's three-point relief plan for India's hospitality sector amid a commercial LPG shortage,1
theme,Poverty reduction in Romania,3
theme,Romania's progress in reducing poverty,3
theme,Navi Mumbai property tax crackdown,3
theme,Navi Mumbai crackdown on illegal street vendors,3
theme,iCAUR V27 hybrid SUV for Middle Eastern drivers,9
theme,Aureon V27 hybrid SUV positioning for Middle Eastern drivers,9
theme,Police investigation of a shooting in Northeast Oklahoma City,2
theme,EFCC arrest of suspected Internet fraudsters in Ilorin,3
theme,EFCC arrest of suspected internet fraudsters in Ilorin,3
theme,St. Francis Falcons competing in the Millstone Annual Archery Tournament,4
theme,St. Mary’s Eagles competing in the Millstone Annual Archery Tournament,4
theme,Biola Bayo's appreciation message to supporters amid backlash over her Baba Ijesha interview,0
theme,Biola Bayo's appreciation for support amid backlash over an interview,0
theme,Punjab's national ranking in scholarship disbursement,1
theme,Kai Havertz's bond with donkeys and commitment to animal welfare,5
theme,Kai Havertz's advocacy for donkey welfare,5
theme,Change in LHV Group Audit Committee membership,8
theme,Appointment of Christian Schröder as LHV Group Chief Financial Officer,1
theme,Rajasthan Police advisory on preventing NAS-targeted cyberfraud,3
theme,Rajasthan Police advisory on cyberattacks targeting institutions,3
theme,Ontario tax credits available when filing 2025 tax returns,8
theme,Ontario tax credits available when filing a 2025 tax return,8
theme,NBA exploration of expansion to Seattle and Las Vegas,2
theme,NBA expansion exploration in Seattle and Las Vegas,2
theme,Sarah Katz's death allegedly linked to drinking Charged Lemonade and her parents' advocacy,2
theme,Death of a college student allegedly linked to an energy drink,2
theme,The theatrical adaptation of Abiola Salami's No More Shrinking,0
theme,Theatrical adaptation of No More Shrinking addressing climate change and environmental displacement,0
theme,Supreme Court rebuke and contempt warning over alleged interference in judicial proceedings,6
theme,CJI Surya Kant warns of contempt action after litigant’s father allegedly contacted his family,6
theme,The Super Mario Galaxy Movie's crossover with a Nintendo franchise,5
theme,The Super Mario Galaxy Movie crossover with the Sonic franchise,5
theme,Arrest of an Oklahoma man wanted in connection with two killings,6
theme,Arrest of an Oklahoma man wanted in an interstate auto-theft investigation,6
theme,WHO recommends new diagnostic tools to accelerate tuberculosis detection and control,3
theme,Expanding access to new diagnostic tools to accelerate tuberculosis elimination,3
theme,Calgary Flames evaluating future prospects late in the NHL season,2
theme,Calgary's 2025–26 municipal budget process,2
theme,Catalogue of nearby habitable-zone rocky exoplanets that may harbor alien life,9
theme,Searching for nearby habitable exoplanets that could host alien life,9
theme,Paank allegations of enforced disappearances and extrajudicial killings by Pakistani forces in Balochistan,6
theme,Alleged extrajudicial killings and enforced disappearances in Balochistan,6
theme,Henderson Loggie expands its forensic accounting team by appointing Christine Rolland,3
theme,Henderson Loggie expands its forensic accounting team by promoting Christine Rolland,3
theme,Verdict in the 2021 Montreal drive-by shooting,2
theme,Verdict in Montreal drive-by shooting case,2
subtopic,criminal charges,7
subtopic,legal representation dispute,7
subtopic,US pressure on Venezuela,9
subtopic,conditions of detention,17
subtopic,Defense funding under US sanctions,15
subtopic,Detention conditions,17
subtopic,US military operation in Venezuela,9
subtopic,Venezuela’s political transition,16
subtopic,US-Venezuela relations,9
subtopic,New York City subway attack,13
subtopic,Victim death,17
subtopic,Immigration and deportation history,15
subtopic,Prior criminal charges,7
subtopic,Legal defense,7
subtopic,New York City subway assault,3
subtopic,victim's death,17
subtopic,immigration and criminal history,7
subtopic,pretrial proceedings,7
subtopic,family reaction,18
subtopic,culinary excellence,1
subtopic,sustainable food,1
subtopic,chef awards,1
subtopic,food-system transformation,1
subtopic,client sustainability goals,5
subtopic,healthy eating,1
subtopic,food systems transformation,1
subtopic,client sustainability support,5
subtopic,deceptive earnings claims,2
subtopic,refund and buy-back guarantees,2
subtopic,consumer protection,15
subtopic,Telemarketing Sales Rule violations,3
subtopic,business opportunity marketing,4
subtopic,business model restructuring,4
subtopic,farmer livelihoods,5
subtopic,entrepreneurship,4
subtopic,market linkages,2
subtopic,sustainable agriculture,5
subtopic,female leadership,16
subtopic,university administration,16
subtopic,institutional milestone,4
subtopic,University administration,16
subtopic,Gender milestone,18
subtopic,celebrity family,18
subtopic,Instagram posts,18
subtopic,Japan vacation,9
subtopic,Lewis Hamilton relationship,18
subtopic,celebrity family life,18
subtopic,romantic link to Lewis Hamilton,18
subtopic,Rs 8 per share dividend,2
subtopic,record date,3
subtopic,shareholder eligibility,2
subtopic,shareholder approval,2
subtopic,dividend eligibility,2
subtopic,Manchester United midfield shortlist,12
subtopic,Pep Guardiola’s future at Manchester City,12
subtopic,Sandro Tonali interest,18
subtopic,Morgan Rogers’ future,18
subtopic,Julian Alvarez,18
subtopic,Kvaratskhelia,17
subtopic,Tottenham manager shortlist,12
subtopic,summer transfer stories,18
subtopic,manager shortlist,12
subtopic,"interest in Sandro Tonali, Morgan Rogers, Julián Álvarez and Kvaratskhelia",18
subtopic,Pep Guardiola updates,12
subtopic,Milan market entry,2
subtopic,data centre construction,13
subtopic,planned IT capacity,4
subtopic,data centre infrastructure,13
subtopic,planned capacity and development,4
subtopic,HealthTech ecosystem development,1
subtopic,Biotech and digital health innovation,4
subtopic,Startup growth and commercialization,4
subtopic,Clinical and commercial evidence,8
subtopic,Dubai D33 Economic Agenda,5
subtopic,HealthTech regulation,4
subtopic,AI diagnostics,8
subtopic,Data governance,16
subtopic,Clinical trials,8
subtopic,Healthcare commercialization,4
subtopic,Patient safety,17
subtopic,Bristol Blair's first-place finish,0
subtopic,individual match results,0
subtopic,Benjamin Logan boys' tournament records,0
subtopic,boys' team record,0
subtopic,girls' wrestling championship,0
subtopic,Bristol Blair's debut,18
subtopic,player development,14
subtopic,transition to the senior team,14
subtopic,matches against Pakistan and Bangladesh,0
subtopic,competitive experience,14
subtopic,playing philosophy,14
subtopic,squad scheduling changes,12
subtopic,Indian diplomatic appointments,9
subtopic,Kumaran’s diplomatic career,9
subtopic,Leadership change at the Indian High Commission in the UK,16
subtopic,India-UK diplomatic relations,9
subtopic,Kumaran's foreign-service career,9
subtopic,Vikram Doraiswami's appointment as Ambassador to China,9
subtopic,Kenya-Mozambique cooperation,9
subtopic,bilateral diplomacy,9
subtopic,state visit,9
subtopic,renewable energy,6
subtopic,clean-energy investment,4
subtopic,Kenya partnerships,9
subtopic,conference streak snapped,0
subtopic,penalty-kick game-winner,10
subtopic,team defense and midfield performance,14
subtopic,goalkeeper performance,10
subtopic,defensive performance,14
subtopic,Western Athletic Conference drought,0
subtopic,penalty goal,10
subtopic,goalkeeping,10
subtopic,team contributions,14
subtopic,consular assistance,11
subtopic,stranded Yemenis,18
subtopic,humanitarian concerns,15
subtopic,diplomatic coordination,9
subtopic,citizen safety,15
subtopic,airport management,13
subtopic,private-sector concession,2
subtopic,contract termination,3
subtopic,unpaid obligations,11
subtopic,unpaid fees,11
subtopic,contractual breaches,3
subtopic,public accountability,16
subtopic,urban renewal,13
subtopic,road rehabilitation,13
subtopic,transparency and accountability,16
subtopic,economic improvement,4
subtopic,political support,16
subtopic,Abia State development,16
subtopic,American Manufacturing Program,4
subtopic,semiconductor production,4
subtopic,U.S. supplier partnerships,4
subtopic,AI and high-performance computing materials,14
subtopic,Apple's U.S. manufacturing investment,4
subtopic,U.S. manufacturing,4
subtopic,renewable energy infrastructure,6
subtopic,battery and energy storage technology,6
subtopic,Apple's $600 billion U.S. investment commitment,2
subtopic,mining,5
subtopic,indigenous contractors,5
subtopic,mine revival,18
subtopic,mandate revocation calls,16
subtopic,mining services,5
subtopic,community pressure,16
subtopic,mandate revocation,16
subtopic,Penalty goal,10
subtopic,League standings,0
subtopic,Saved penalty,10
subtopic,Own goal,10
subtopic,Diamond Harbour remains second in standings,0
subtopic,Coinbase share decline,2
subtopic,cryptocurrency market downturn,5
subtopic,analyst Buy rating,2
subtopic,cryptocurrency market weakness,5
subtopic,price targets,4
subtopic,riverfront development,6
subtopic,barrage construction,6
subtopic,sewerage interception,13
subtopic,project protection measures,15
subtopic,Smart City initiatives,13
subtopic,Jammu urban infrastructure,13
subtopic,Smart City initiative,13
subtopic,Barrage construction,6
subtopic,Sewerage interception,13
subtopic,Riverfront protection and beautification,6
subtopic,formation of a special task force,16
subtopic,appointment of acting branch leaders,16
subtopic,party disciplinary action,3
subtopic,branch reorganization,16
subtopic,interim committee formation,12
subtopic,GST input tax credit,11
subtopic,Electric induction adoption,4
subtopic,Tax waivers,11
subtopic,Restaurant and hotel financial pressures,4
subtopic,West Asia crisis,9
subtopic,commercial LPG shortage,4
subtopic,GST input tax credits,11
subtopic,tax concessions,2
subtopic,electric induction adoption,4
subtopic,hospitality-sector financial strain,4
subtopic,post-COVID recovery,17
subtopic,Romania's communist past,16
subtopic,economic development,4
subtopic,current poverty,5
subtopic,communist legacy,16
subtopic,historical economic struggle,5
subtopic,debate over poverty trends,5
subtopic,regime transition,16
subtopic,property tax arrears,2
subtopic,property attachment and auction,2
subtopic,late-fee amnesty,15
subtopic,stall confiscation,15
subtopic,fines,3
subtopic,vendor notices,17
subtopic,licence fee amnesty,15
subtopic,boxy SUV design,15
subtopic,Middle Eastern driving conditions,15
subtopic,range-extended electric technology,6
subtopic,desert and off-road capability,5
subtopic,urban and outdoor lifestyles,5
subtopic,Boxy SUV design,15
subtopic,Range-extended electric technology,6
subtopic,Desert off-road capability,5
subtopic,Urban and outdoor versatility,13
subtopic,police response,7
subtopic,unclear circumstances,17
subtopic,possible injuries,17
subtopic,Officer-involved shooting,7
subtopic,Unclear circumstances,17
subtopic,Possible injuries,17
subtopic,EFCC sting operation,15
subtopic,Kwara State Polytechnic protest,16
subtopic,denial of alleged connection,7
subtopic,Kwara State Polytechnic student protests,16
subtopic,Internet fraud investigation,3
subtopic,archery,14
subtopic,personal best scores,10
subtopic,tournament results,0
subtopic,personal-best scores,10
subtopic,NASP tournament results,0
subtopic,public backlash,16
subtopic,apology,3
subtopic,religious encouragement,18
subtopic,public apology,3
subtopic,zoning changes,13
subtopic,constituent support,16
subtopic,continued public service,16
subtopic,SC student scholarships,11
subtopic,education promotion,16
subtopic,scholarship awareness,11
subtopic,Scheduled Caste student scholarships,11
subtopic,government welfare programs,11
subtopic,figures under review,2
subtopic,animal welfare,5
subtopic,personal interests,18
subtopic,Germany national team return,12
subtopic,Arsenal,10
subtopic,Germany squad,12
subtopic,supervisory board appointment,12
subtopic,committee member replacement,12
subtopic,corporate governance,2
subtopic,management board transition,16
subtopic,end of Tauno Tats's term,16
subtopic,ransomware attacks,15
subtopic,Network Attached Storage security,15
subtopic,institutional data protection,15
subtopic,cybercrime reporting,7
subtopic,NAS vulnerabilities,15
subtopic,ransomware,15
subtopic,cybersecurity precautions,15
subtopic,incident reporting,17
subtopic,refundable and non-refundable credits,11
subtopic,eligibility requirements,11
subtopic,income tax filing forms,11
subtopic,child care and fertility expenses,11
subtopic,senior expenses,11
subtopic,political and charitable contributions,16
subtopic,Refundable and non-refundable credits,11
subtopic,Low-income tax relief,11
subtopic,Fertility and child care expenses,11
subtopic,Political and agricultural donations,5
subtopic,Dividend income,2
subtopic,Senior medical and transit expenses,11
subtopic,potential new franchises,4
subtopic,Seattle Sonics return,0
subtopic,expansion bids,2
subtopic,franchise bids,2
subtopic,ownership group evaluation,2
subtopic,arena readiness,14
subtopic,market assessment,2
subtopic,QT syndrome type 1,8
subtopic,energy drink risks,15
subtopic,family advocacy,18
subtopic,Energy drink risks,15
subtopic,Parental advocacy,18
subtopic,Sudden cardiac episode,17
subtopic,women's leadership,16
subtopic,professional self-expression,18
subtopic,personal development,14
subtopic,Nigerian theatre,0
subtopic,workplace self-doubt,17
subtopic,climate change,1
subtopic,coastal erosion,6
subtopic,flooding,6
subtopic,forced migration,1
subtopic,community resilience,15
subtopic,medical admission dispute,17
subtopic,Buddhist minority quota eligibility,11
subtopic,alleged misuse of minority status,17
subtopic,minority certificate guidelines,15
subtopic,Scheduled Caste status after religious conversion,1
subtopic,judicial interference,7
subtopic,land acquisition litigation,2
subtopic,environmental-clearance claims,15
subtopic,alleged tactical litigation,7
subtopic,protected land conversion,15
subtopic,sequel character introduction,14
subtopic,theatrical release,0
subtopic,theatrical release date,0
subtopic,Nintendo-Sega crossover,14
subtopic,Car chase,15
subtopic,Interstate arrest,7
subtopic,Oklahoma killings,7
subtopic,Interstate auto theft,15
subtopic,Extradition,7
subtopic,tuberculosis elimination,8
subtopic,point-of-care diagnostic tests,8
subtopic,tongue-swab testing,8
subtopic,access to lifesaving services,11
subtopic,point-of-care testing,8
subtopic,tongue swabs,8
subtopic,global TB services,8
subtopic,government action,16
subtopic,NHL playoff race,0
subtopic,Trade deadline,12
subtopic,Player line evaluation,14
subtopic,infrastructure funding,13
subtopic,municipal budget deadline,16
subtopic,upcoming council vote,16
subtopic,Exoplanet habitability,18
subtopic,Search for extraterrestrial life,18
subtopic,Project Hail Mary comparison,6
subtopic,rocky exoplanets,0
subtopic,habitable zones,5
subtopic,citizen science,15
subtopic,search for extraterrestrial life,18
subtopic,Baloch women targeted,18
subtopic,collective punishment,3
subtopic,Mahjabeen Baloch disappearance,17
subtopic,Muhammad Aamir killing,7
subtopic,accountability and independent investigation,7
subtopic,Erosion of due process,6
subtopic,Impunity and lack of accountability,16
subtopic,Targeting of Baloch civilians,15
subtopic,Calls for independent investigations,7
subtopic,forensic accounting,7
subtopic,specialist advisory services,8
subtopic,executive appointment,16
subtopic,internal promotion,16
subtopic,talent retention,14
subtopic,first-degree murder conviction,7
subtopic,attempted murder convictions,7
subtopic,co-accused acquittal,7
subtopic,teenager shooting,7
subtopic,First-degree murder conviction,7
subtopic,Attempted murder convictions,7
subtopic,Co-accused acquittal,7
subtopic,Pending sentencing,7
entity,Nicolas Maduro,2
entity,Cilia Flores,11
entity,United States,19
entity,Venezuela,19
entity,Donald Trump,2
entity,Barry Pollack,2
entity,Delcy Rodriguez,2
entity,New York court,17
entity,Manhattan courthouse,17
entity,Metropolitan Detention Center,17
entity,Bairon Posada-Hernandez,11
entity,Richard Williams,2
entity,New York City Police Department,17
entity,Department of Homeland Security,17
entity,New York City,0
entity,Lexington Avenue-63rd Street station,0
entity,New York City subway,17
entity,New York City prosecutors,17
entity,Debbie Williams,11
entity,Sodexo,5
entity,Cook for Change!,15
entity,Robert Janse,2
entity,Gordon Carberry,2
entity,Randall Prudden,2
entity,Brent Loken,2
entity,WWF,7
entity,London,0
entity,Frédéric Anton,2
entity,Thierry Delaporte,2
entity,Paris,0
entity,Air AI,8
entity,Federal Trade Commission,5
entity,Air AI owners,8
entity,entrepreneurs,15
entity,small businesses,15
entity,Air AI Access Cards,8
entity,Air AI licenses,8
entity,Telemarketing Sales Rule,6
entity,Mushroom Conclave 2026,18
entity,Odisha,12
entity,Agricultural Promotion and Investment Corporation of Odisha Limited,6
entity,Department of Agriculture & Farmers’ Empowerment,6
entity,University of Benin,1
entity,Bimpe Omoyiwola,16
entity,Benedicta Ehanire,16
entity,Nigeria,1
entity,University of Benin governing council,1
entity,"Benin, Nigeria",1
entity,Kim Kardashian,11
entity,Saint West,0
entity,Chicago West,0
entity,Psalm West,2
entity,North West,0
entity,Lewis Hamilton,2
entity,Khloe Kardashian,11
entity,True Thompson,2
entity,Tatum Thompson,2
entity,Kanye West,2
entity,teamLab Planets,18
entity,Tokyo,19
entity,Japan,19
entity,Chennai Petroleum Corporation Limited,6
entity,CPCL Board of Directors,6
entity,CPCL shareholders,6
entity,CPCL board,6
entity,Fabrizio Romano,2
entity,Barcelona,9
entity,Manchester United,9
entity,Marcus Rashford,2
entity,Manchester City,9
entity,Pep Guardiola,2
entity,Sandro Tonali,11
entity,Morgan Rogers,2
entity,Julian Alvarez,2
entity,Kvaratskhelia,18
entity,Tottenham,9
entity,Julián Álvarez,2
entity,CyrusOne,16
entity,Italy,19
entity,Milan,9
entity,MIL1,5
entity,Dubai Health,4
entity,Dubai Future District Fund,4
entity,Dubai,4
entity,Atif Al Braiki,16
entity,Nader Albastaki,11
entity,Bristol Blair,2
entity,Benjamin Logan,2
entity,OAC junior high girls state wrestling tournament,14
entity,OAC junior high state tournament,14
entity,Owen Marshall,2
entity,Jennings Bednarki,2
entity,Carter Crumm,2
entity,Marshall Elliott,2
entity,Bryson Greiner,2
entity,OAC junior high state wrestling tournament,14
entity,India U20 men's national team,1
entity,Mahesh Gawali,16
entity,SAFF U20 Championship,14
entity,Maldives,4
entity,Pakistan,4
entity,Bangladesh,4
entity,Periasamy Kumaran,16
entity,Ministry of External Affairs,5
entity,India,19
entity,United Kingdom,19
entity,Vikram Doraiswami,16
entity,Indian Foreign Service,13
entity,William Ruto,2
entity,Daniel Francisco Chapo,2
entity,Kenya,19
entity,Mozambique,19
entity,State House Nairobi,1
entity,Maria Almeida,11
entity,SolarTech Global,18
entity,Great Bend Panthers,7
entity,Hays High Indians,16
entity,Western Athletic Conference,14
entity,Xali Arias,11
entity,Natalia Rodriguez,11
entity,Paige Trendel,11
entity,Noel Rodriguez,2
entity,Hays,11
entity,Mustafa Noman,16
entity,Yemen’s Ministry of Foreign Affairs and Expatriates,4
entity,Yemeni diplomatic missions,4
entity,Yemeni communities,4
entity,Gulf Cooperation Council countries,4
entity,Jordan,2
entity,Iraq,19
entity,Committee for Public Accountability,17
entity,Ghana Airport Company Limited,1
entity,McDan Aviation,8
entity,Accra International Airport,8
entity,AeroServe Aviation,8
entity,Ghanaian government,1
entity,Uche Ogah,16
entity,Alex Otti,11
entity,Abia State,12
entity,All Progressives Congress,7
entity,Yemi Osinbajo,16
entity,Abia residents,12
entity,Abians,16
entity,Apple,19
entity,TDK,5
entity,Bosch,5
entity,Cirrus Logic,8
entity,Qnity Electronics,18
entity,TSMC,7
entity,GlobalFoundries,19
entity,HD MicroSystems,18
entity,Tim Cook,2
entity,American Renewable Energy Program,18
entity,Local Companies in Mining Services,6
entity,Heath Goldfields Limited,0
entity,Bogoso-Prestea mining enclave,12
entity,Western Region,4
entity,community groups,15
entity,Rajasthan United FC,12
entity,Diamond Harbour FC,0
entity,Jonathan Feranandes,2
entity,R. Ramdinthara,16
entity,Vidhyadhar Nagar Stadium,12
entity,Jaipur,12
entity,Star Cement Indian Football League 2025-26,12
entity,Star Cement Indian Football League,12
entity,Coinbase Global,18
entity,Goldman Sachs,2
entity,COIN,7
entity,crypto market,15
entity,cryptocurrency market,15
entity,Atal Dulloo,16
entity,Government of Jammu and Kashmir,13
entity,Tawi Artificial Lake,18
entity,Tawi Riverfront Development Project,18
entity,Jammu,12
entity,Smart City initiative,17
entity,Tawi Artificial Lake and Riverfront Development Project,18
entity,Task force,5
entity,SUPP Kuching Branch,5
entity,Sarawak United People’s Party,9
entity,Lily Yong,11
entity,Voong Nam Jin,16
entity,Central Working Committee,5
entity,Nicholas Wung,2
entity,SUPP Miri Branch,5
entity,Tan Keng Liang,16
entity,Tehseen Poonawalla,16
entity,India’s hospitality sector,15
entity,Restaurants,15
entity,Hotels,15
entity,GST,13
entity,Commercial LPG,7
entity,India's hospitality industry,15
entity,restaurants,15
entity,hotels,15
entity,West Asia,4
entity,Romania,19
entity,Nicolae Ceausescu,16
entity,communist regime,19
entity,Navi Mumbai Municipal Corporation,6
entity,property tax defaulters,3
entity,property owners,6
entity,illegal street vendors,15
entity,street stalls,15
entity,iCAUR V27,18
entity,iCAUR,18
entity,Middle East,4
entity,GCC markets,6
entity,Golden REEV,8
entity,CATL,11
entity,Aureon V27,18
entity,Aureon,16
entity,Oklahoma City Police,17
entity,Northeast Oklahoma City,0
entity,NE 10th St. and Missouri Ave.,0
entity,Oklahoma City police,17
entity,Officers,17
entity,NE 10th Street and Missouri Avenue,0
entity,Economic and Financial Crimes Commission,17
entity,Ilorin Zonal Directorate,5
entity,Ilorin,16
entity,Kwara State,1
entity,Kwara State Polytechnic students,1
entity,EFCC Ilorin Zonal Directorate,5
entity,Kwara State Polytechnic,1
entity,30 suspected internet fraudsters,17
entity,St. Francis Falcons,7
entity,Millstone Annual Archery Tournament,14
entity,National Archery in the Schools Program,14
entity,Slave Lake,10
entity,St. Mary’s Eagles,15
entity,Biola Bayo,11
entity,Baba Ijesha,16
entity,supporters,9
entity,city council,17
entity,residents,0
entity,constituents,6
entity,Punjab,12
entity,Dr Baljit Kaur,16
entity,"Punjab Minister for Social Justice, Empowerment and Minorities",13
entity,Scheduled Caste students,13
entity,"Punjab Department of Social Justice, Empowerment and Minorities",13
entity,SAS Nagar,12
entity,Kai Havertz,16
entity,Arsenal,9
entity,Germany national team,9
entity,donkeys,7
entity,AS LHV Group,9
entity,LHV Group Supervisory Board,5
entity,Audit Committee,5
entity,Christian Schröder,16
entity,Tauno Tats,16
entity,Indrek Heinloo,16
entity,Verner Uibo,11
entity,Rain Lõhmus,16
entity,Supervisory Board,5
entity,Management Board,5
entity,Rajasthan Police,12
entity,Rajiv Kumar Sharma,16
entity,Shantanu Kumar Singh,16
entity,Indian Cyber Crime Coordination Centre,13
entity,cybercriminals,17
entity,institutions using NAS devices,6
entity,chartered accountancy firms,6
entity,hospitals,15
entity,educational institutions,1
entity,IT and media professionals,19
entity,Ontario,3
entity,Canada Revenue Agency,3
entity,Ontario tax credits,3
entity,Ontario residents,3
entity,Ontario seniors,3
entity,Ontario families,3
entity,Ontario taxpayers,3
entity,Ontario fertility treatment tax credit,3
entity,Ontario child care tax credit,3
entity,Ontario seniors care at home tax credit,3
entity,Ontario seniors' public transit tax credit,3
entity,NBA,7
entity,NBA Board of Governors,7
entity,Seattle,0
entity,Las Vegas,0
entity,Seattle Sonics,7
entity,league executives,7
entity,prospective ownership groups,6
entity,Sarah Katz,11
entity,Jill Katz,11
entity,Michael Katz,2
entity,Charged Lemonade,15
entity,QT syndrome type 1,18
entity,No More Shrinking,5
entity,Abiola Salami,16
entity,Sola Benson,11
entity,Terra Kulture,18
entity,Ogun State,14
entity,Lagos State,1
entity,coastal communities,4
entity,Supreme Court of India,13
entity,Chief Justice Surya Kant,13
entity,Justice Joymalya Bagchi,16
entity,petitioners from Haryana,13
entity,petitioners' father,13
entity,Chief Secretary of Haryana,13
entity,private medical college in Uttar Pradesh,1
entity,Chief Justice of India Surya Kant,13
entity,litigant’s father,2
entity,private developer,6
entity,The Super Mario Galaxy Movie,18
entity,Nintendo,7
entity,Sonic franchise,7
entity,Sega,7
entity,Grant Hoffman Wilson,2
entity,Monroe County deputies,10
entity,"Monroe County, Georgia",10
entity,"Poteau, Oklahoma",0
entity,I-475,10
entity,Monroe County,10
entity,Georgia,0
entity,World Health Organization,19
entity,countries,19
entity,tuberculosis patients,7
entity,Médecins Sans Frontières,5
entity,governments,19
entity,health authorities,17
entity,tuberculosis,7
entity,Calgary Flames,7
entity,Matvei Gridin,5
entity,Morgan Frost,2
entity,Matt Coronato,2
entity,NHL,7
entity,Calgary,7
entity,city officials,17
entity,Calgary city council,3
entity,Astronomers,18
entity,45 rocky exoplanets,18
entity,Cornell University,1
entity,Universe Today,19
entity,Sci.News,18
entity,ScienceDaily,19
entity,Space,19
entity,Project Hail Mary,18
entity,citizen scientists,17
entity,45 exoplanets,18
entity,Paank,16
entity,Baloch National Movement,5
entity,Pakistani forces,4
entity,Pakistan Frontier Corps,4
entity,Mahjabeen Baloch,16
entity,Younus Baloch,16
entity,Muhammad Aamir,16
entity,Balochistan,4
entity,Mastung District,19
entity,Frontier Corps,5
entity,Henderson Loggie,2
entity,Christine Rolland,11
entity,forensic accounting team,5
entity,Salim Touaibi,16
entity,Aymane Bouadi,16
entity,Montreal,7
entity,Superior Court,17
entity,Karim Toumi,16
entity,Quebec Superior Court,3
relation,subject: Nicolas Maduro | action: faces | object: US charges including narco-terrorism and weapons conspiracies,18
relation,subject: US forces | action: captured | object: Nicolas Maduro and Cilia Flores in Caracas,18
relation,subject: Barry Pollack | action: seeks | object: dismissal of Maduro's case over legal-fee and licensing issues,2
relation,subject: Delcy Rodriguez | action: leads | object: Venezuela after Maduro's removal,18
relation,subject: United States | action: pressures | object: Venezuela's government,18
relation,subject: Nicolas Maduro | action: faces | object: US federal charges including narco-terrorism and cocaine importation conspiracy,18
relation,subject: US commandos | action: captured | object: Nicolas Maduro and Cilia Flores in Caracas,18
relation,subject: Barry Pollack | action: seeks dismissal of | object: the case over restrictions on defense funding,2
relation,subject: Venezuelan government | action: wants to fund | object: Maduro’s legal defense,18
relation,subject: Delcy Rodriguez | action: leads | object: Venezuela,18
relation,subject: United States | action: pressures | object: Venezuela to enact political and economic reforms,18
relation,subject: Bairon Posada-Hernandez | action: was accused of shoving | object: Richard Williams onto New York City subway tracks,2
relation,subject: Richard Williams | action: died from | object: multiple blunt-force injuries,2
relation,subject: Prosecutors | action: upgraded charges against Bairon Posada-Hernandez to | object: murder,2
relation,subject: Department of Homeland Security | action: said Bairon Posada-Hernandez had been deported | object: four times,2
relation,subject: Bairon Posada-Hernandez | action: pleaded | object: not guilty,2
relation,subject: Bairon Posada-Hernandez | action: was deported | object: four times,2
relation,subject: Sodexo | action: hosted | object: the international Cook for Change! Grand Finale in London,1
relation,"subject: Nine finalists | action: competed to create | object: tasty, healthy and low-impact dishes",10
relation,subject: Robert Janse | action: won | object: Chef of the Year 2026,16
relation,subject: Gordon Carberry | action: won | object: the Culinary Innovation Award,16
relation,subject: Randall Prudden | action: won | object: the Impact at Scale Award,16
relation,"subject: Sodexo | action: promotes | object: tasty, healthy and sustainable food offers",10
relation,subject: Sodexo | action: hosted | object: the international Cook for Change! Grand Finale in Paris,1
relation,"subject: Cook for Change! | action: promotes | object: tasty, healthy, and sustainable food",10
relation,subject: Chefs | action: help transform | object: food systems through creative sustainable dishes,10
relation,subject: Federal Trade Commission | action: announced a settlement with | object: Air AI,14
relation,subject: Federal Trade Commission | action: alleged deceptive claims by | object: Air AI and related companies,14
relation,"subject: Air AI | action: made misleading claims about | object: business growth, earnings potential, and refund guarantees",14
relation,subject: Settlement | action: bans | object: Air AI from marketing business opportunities,14
relation,subject: Settlement | action: bars | object: Air AI from marketing business opportunities,14
relation,"subject: Federal Trade Commission complaint | action: alleged deceptive claims about | object: business growth, earnings potential, and refund guarantees",14
relation,subject: Air AI | action: marketed | object: Air AI Access Cards and licenses,14
relation,subject: Agricultural Promotion and Investment Corporation of Odisha Limited | action: organised | object: Mushroom Conclave 2026,10
relation,"subject: Odisha | action: reported mushroom production of | object: 63,000 MT",10
relation,subject: Mushroom Conclave 2026 | action: focused on expanding | object: mushroom cultivation as a livelihood option,10
relation,subject: Department of Agriculture & Farmers’ Empowerment | action: organized | object: Mushroom Conclave 2026,10
relation,subject: Agricultural Promotion and Investment Corporation of Odisha Limited | action: supported | object: Mushroom Conclave 2026,10
relation,"subject: Odisha | action: reached | object: 63,000 MT of mushroom production",10
relation,subject: Mushroom Conclave 2026 participants | action: discussed strengthening | object: farmer livelihoods and market linkages,10
relation,subject: University of Benin | action: appointed | object: Bimpe Omoyiwola as its 10th substantive Registrar,0
relation,subject: Bimpe Omoyiwola | action: becomes | object: the University of Benin's first female Registrar,0
relation,subject: Benedicta Ehanire | action: issued | object: the appointment announcement,5
relation,subject: University of Benin governing council | action: approved | object: Bimpe Omoyiwola as the university's 10th substantive Registrar,0
relation,subject: Bimpe Omoyiwola | action: will assume | object: Registrar duties on April 1,5
relation,subject: University of Benin | action: appointed | object: its first female Registrar,5
relation,subject: Kim Kardashian | action: shared | object: pictures and videos from her Japan vacation,16
relation,subject: Kim Kardashian | action: visited | object: teamLab Planets museum in Tokyo with her children,16
relation,subject: Kim Kardashian | action: vacationed with | object: Lewis Hamilton and their children,16
relation,subject: Lewis Hamilton | action: competed in | object: the Japan Grand Prix,16
relation,subject: Kim Kardashian | action: shares children with | object: Kanye West,16
relation,subject: Kim Kardashian | action: shared | object: photos and videos from a Japan vacation,16
relation,subject: Kim Kardashian | action: traveled with | object: Lewis Hamilton and their respective families,16
relation,subject: Lewis Hamilton | action: is romantically linked with | object: Kim Kardashian,16
relation,subject: CPCL Board of Directors | action: declared | object: an interim dividend of Rs 8 per share,8
relation,"subject: CPCL Board of Directors | action: fixed | object: April 2, 2026 as the dividend record date",8
relation,subject: CPCL | action: will pay | object: the interim dividend to eligible shareholders,8
relation,subject: CPCL shareholders | action: approved | object: an interim dividend of Rs 8 per share,8
relation,"subject: CPCL board | action: fixed | object: April 2, 2026 as the dividend record date",8
relation,subject: Barcelona | action: want | object: Marcus Rashford,4
relation,subject: Fabrizio Romano | action: breaks down | object: summer football transfer stories,4
relation,subject: Manchester United | action: has | object: a clear answer regarding Marcus Rashford,4
relation,subject: Manchester United | action: has a stated transfer stance on | object: Marcus Rashford,4
relation,subject: Fabrizio Romano | action: outlines | object: summer transfer stories,16
relation,subject: Manchester United | action: is considering | object: midfield targets,4
relation,subject: Tottenham | action: has | object: a manager shortlist,4
relation,subject: CyrusOne | action: broke ground on | object: its first data centre in Italy,17
relation,subject: MIL1 | action: will provide | object: 27MW of IT capacity,1
relation,subject: CyrusOne | action: planned | object: two developments in the Milan area,17
relation,"subject: MIL1 | action: will provide | object: 27MW of IT capacity across 7,000m2 of technical space",1
relation,subject: CyrusOne | action: planned | object: two data centre developments in the Milan area,17
relation,subject: Dubai Health | action: signed a Memorandum of Understanding with | object: Dubai Future District Fund,7
relation,subject: Dubai Health and Dubai Future District Fund | action: will collaborate to build | object: a HealthTech and TechBio ecosystem in Dubai,7
relation,subject: Dubai Health and Dubai Future District Fund | action: aim to accelerate | object: high-impact HealthTech ventures,7
relation,"subject: Dubai Health and Dubai Future District Fund | action: will advance innovation in | object: biotech, digital health, AI diagnostics, drug discovery, robotics, medical devices, and personalized medicine",7
relation,"subject: Dubai Health and Dubai Future District Fund | action: are developing | object: regulatory, governance and translation pathways for HealthTech",7
relation,"subject: Dubai Health and Dubai Future District Fund | action: intend to coordinate | object: regulators, clinical leaders and industry",7
relation,subject: Dubai Health and Dubai Future District Fund | action: aim to make | object: Dubai a global HealthTech launchpad,7
relation,subject: Bristol Blair | action: placed first in | object: her weight class at the OAC junior high girls state wrestling tournament,15
relation,subject: Bristol Blair | action: won | object: two of three tournament matches,4
relation,subject: Benjamin Logan | action: had five boys compete in | object: the junior high state tournament,15
relation,subject: Benjamin Logan boys wrestlers | action: combined for | object: a 9-10 record,15
relation,subject: Bristol Blair | action: won | object: her weight class title,16
relation,subject: Bristol Blair | action: won | object: two of three matches,4
relation,subject: India U20 men's national team | action: prepares for | object: SAFF U20 Championship in the Maldives,4
relation,subject: Mahesh Gawali | action: coaches | object: India U20 men's national team,4
relation,subject: India U20 men's national team | action: is scheduled to face | object: Pakistan and Bangladesh,4
relation,subject: SAFF U20 Championship | action: provides | object: a platform for young players to develop and showcase their skills,4
relation,subject: India U20 men's national team | action: is preparing for | object: the SAFF U20 Championship in the Maldives,4
relation,subject: Mahesh Gawali | action: coaches | object: the India U20 men's national team,4
relation,subject: the tournament | action: provides | object: a platform for young talents to showcase their skills,15
relation,subject: scheduling changes | action: prevented the squad from meeting | object: Pakistan or Bangladesh in the Maldives,9
relation,subject: Periasamy Kumaran | action: was appointed as | object: India’s next High Commissioner to the United Kingdom,5
relation,subject: Periasamy Kumaran | action: currently serves as | object: Secretary (East) in the Ministry of External Affairs,5
relation,subject: Vikram Doraiswami | action: was appointed as | object: India’s Ambassador to China,5
relation,subject: Periasamy Kumaran | action: will replace | object: Vikram Doraiswami as High Commissioner to the United Kingdom,5
relation,subject: Ministry of External Affairs | action: appointed | object: Periasamy Kumaran as India's High Commissioner to the United Kingdom,5
relation,subject: Periasamy Kumaran | action: will replace | object: Vikram Doraiswami,5
relation,subject: Vikram Doraiswami | action: was appointed | object: India's Ambassador to China,5
relation,subject: William Ruto | action: hosted | object: Daniel Francisco Chapo at State House Nairobi,0
relation,subject: Daniel Francisco Chapo | action: began | object: a three-day state visit to Kenya,0
relation,subject: Kenya and Mozambique | action: maintain | object: deep cooperation,0
relation,subject: William Ruto | action: hosted | object: Maria Almeida at State House Nairobi,0
relation,subject: Maria Almeida | action: leads | object: SolarTech Global,16
relation,subject: SolarTech Global | action: plans to expand | object: clean-energy projects across Kenya,0
relation,subject: Kenyan government | action: promotes | object: renewable-energy partnership opportunities,0
relation,subject: Great Bend Panthers | action: defeated | object: Hays High Indians 2-1,15
relation,subject: Great Bend Panthers | action: ended | object: 40-match Western Athletic Conference winless streak,15
relation,subject: Xali Arias | action: scored | object: the second-half game-winning penalty kick,16
relation,subject: Natalia Rodriguez | action: assisted | object: Xali Arias's first-half goal,16
relation,subject: Paige Trendel | action: made | object: plenty of saves,16
relation,subject: Great Bend defense | action: supported | object: the team's victory,15
relation,subject: Great Bend Panthers | action: ended | object: seven-year Western Athletic Conference win drought,15
relation,subject: Great Bend Panthers | action: snapped | object: 40-match WAC losing streak,15
relation,subject: Xali Arias | action: converted | object: the game-winning second-half penalty,16
relation,subject: Paige Trendel | action: made | object: crucial saves,16
relation,subject: Great Bend defense | action: repelled | object: Hays attacks,19
relation,subject: Mustafa Noman | action: held a virtual meeting with | object: heads of Yemen’s diplomatic missions,9
relation,subject: The meeting | action: addressed | object: the conditions of Yemeni communities and stranded Yemenis,7
relation,"subject: Heads of mission | action: presented | object: briefings, observations, and recommendations",5
relation,subject: Mustafa Noman | action: will submit recommendations to | object: the Prime Minister and Minister of Foreign Affairs and Expatriates,9
relation,subject: The participants | action: agreed to hold | object: regular consultations,5
relation,subject: Mustafa Noman | action: held | object: an expanded virtual meeting with heads of Yemeni diplomatic missions,9
relation,subject: The meeting | action: addressed | object: the conditions of Yemeni communities and stranded Yemenis in host countries,7
relation,"subject: Heads of mission | action: presented | object: briefings, observations, and recommendations on Yemeni nationals’ welfare",0
relation,subject: Mustafa Noman | action: commended | object: the missions’ efforts to follow up on citizens’ conditions,9
relation,subject: The meeting participants | action: decided | object: to hold future consultations on an ad hoc basis,5
relation,subject: Committee for Public Accountability | action: questioned | object: the legal basis of the takeover,5
relation,subject: Ghana Airport Company Limited | action: terminated | object: McDan Aviation's Fixed Base Operator agreement,6
relation,subject: Ghana Airport Company Limited | action: took over | object: the private jet terminal operated by McDan Aviation,6
relation,subject: Ghanaian government | action: took over | object: the private jet terminal operated by AeroServe Aviation,6
relation,subject: Ghana Airport Company Limited | action: terminated | object: AeroServe Aviation's Fixed Base Operator agreement,6
relation,subject: Ghana Airport Company Limited | action: cited | object: unpaid fees and contractual breaches,6
relation,subject: Uche Ogah | action: praised | object: Alex Otti’s leadership and governance in Abia State,0
relation,subject: Alex Otti’s administration | action: prioritized | object: urban renewal and road rehabilitation,0
relation,subject: Alex Otti’s administration | action: improved | object: economic activities and residents’ daily lives,0
relation,subject: Yemi Osinbajo | action: commended | object: Alex Otti’s transformational leadership,0
relation,subject: Uche Ogah | action: urged | object: Abia residents to support the government,0
relation,subject: Uche Ogah | action: praised | object: Alex Otti's leadership in Abia State,0
relation,subject: Alex Otti's administration | action: pursued | object: urban renewal and road rehabilitation,0
relation,subject: Alex Otti's administration | action: promoted | object: transparency and accountability,0
relation,subject: Yemi Osinbajo | action: praised | object: Alex Otti's leadership,0
relation,"subject: Apple | action: announced | object: TDK, Bosch, Cirrus Logic, and Qnity Electronics as new American Manufacturing Program members",12
relation,subject: TDK | action: will manufacture | object: tunnel magnetoresistance sensors in the United States,12
relation,"subject: Apple, Bosch, and TSMC | action: will produce | object: integrated circuits at a TSMC facility in Washington",12
relation,subject: Apple and Cirrus Logic | action: are working with GlobalFoundries to establish | object: new semiconductor process technologies in New York,12
relation,subject: Qnity Electronics and HD MicroSystems | action: will provide | object: materials and technologies for semiconductor manufacturing,12
relation,subject: Apple | action: is dedicating | object: $400 million to the four new program members through 2030,14
relation,subject: Apple | action: announced | object: four new members of its American Renewable Energy Program,12
relation,subject: TDK | action: will deploy | object: power-management sensors and energy storage systems in the United States,12
relation,"subject: Apple, Bosch, and TSMC | action: will produce | object: power-conversion integrated circuits at a TSMC facility in Washington",12
relation,"subject: Apple, Cirrus Logic, and GlobalFoundries | action: will establish | object: new semiconductor process technologies at a GlobalFoundries facility in New York",12
relation,subject: Qnity Electronics and HD MicroSystems | action: will provide | object: materials and technologies for battery and power-system manufacturing,12
relation,subject: LOCOMS | action: represents | object: indigenous contractors and service providers in the Bogoso-Prestea mining enclave,0
relation,subject: LOCOMS | action: backs | object: Heath Goldfields Limited,1
relation,subject: LOCOMS | action: urges stakeholders to support | object: Heath Goldfields Limited’s efforts to revive the mine,1
relation,subject: Some groups | action: call for | object: revocation of Heath Goldfields Limited’s mandate,0
relation,subject: LOCOMS | action: supports | object: Heath Goldfields Limited's efforts to revive the mine,1
relation,subject: LOCOMS | action: would back calls to revoke | object: Heath Goldfields Limited's mandate if progress is not immediate,5
relation,subject: Community groups | action: exerted pressure on | object: stakeholders concerning Heath Goldfields Limited,0
relation,subject: Rajasthan United FC | action: drew | object: 1-1 with Diamond Harbour FC,4
relation,subject: Jonathan Feranandes | action: scored | object: Rajasthan United's penalty goal,4
relation,subject: R. Ramdinthara | action: equalised | object: for Diamond Harbour FC,4
relation,subject: Diamond Harbour FC | action: remained | object: in second place in the league,4
relation,subject: Rajasthan United FC | action: drew with | object: Diamond Harbour FC 1-1,4
relation,subject: Jonathan Feranandes | action: had | object: a penalty saved,2
relation,subject: Rajasthan United FC | action: took the lead through | object: a Diamond Harbour own goal,4
relation,subject: R. Ramdinthara | action: equalised for | object: Diamond Harbour FC,4
relation,subject: Diamond Harbour FC | action: remained in | object: second place in the standings,4
relation,subject: Goldman Sachs | action: reaffirmed | object: its Buy rating on Coinbase,8
relation,subject: Goldman Sachs | action: set | object: a $235 price target for Coinbase,8
relation,subject: Coinbase shares | action: declined | object: nearly 20% year-to-date,8
relation,subject: crypto complex | action: dropped | object: 46% since its October 2025 peak,19
relation,subject: Coinbase Global | action: trades at | object: $177.82,8
relation,subject: Goldman Sachs | action: reaffirmed a Buy rating for | object: Coinbase Global,8
relation,subject: Goldman Sachs | action: set a price target of | object: $235 for Coinbase,8
relation,subject: Goldman Sachs | action: projects potential upside of | object: roughly 30% for Coinbase,8
relation,subject: Atal Dulloo | action: chaired a review meeting on | object: the Tawi Artificial Lake and Riverfront Development Project,1
relation,subject: Atal Dulloo | action: assessed | object: completed and ongoing project works,1
relation,"subject: Tawi Riverfront Development Project | action: includes | object: riverfront works, barrage construction, sewerage interception, and protection measures",1
relation,subject: Atal Dulloo | action: delegated | object: review of the Tawi Artificial Lake and Riverfront Development Project to a task force,1
relation,subject: Task force | action: assessed | object: completed and ongoing project works,5
relation,"subject: Project | action: includes | object: riverfront development, barrage construction, sewerage interception, and protection measures",1
relation,subject: Atal Dulloo | action: reviewed | object: preliminary reports submitted by the task force,1
relation,subject: SUPP Kuching Branch | action: formed | object: a special task force,5
relation,subject: SUPP Kuching Branch | action: appointed | object: acting leaders,5
relation,subject: Central Working Committee | action: expelled | object: Lily Yong and Voong Nam Jin,5
relation,subject: Nicholas Wung | action: announced | object: the branch meeting and leadership changes,5
relation,subject: SUPP Central Working Committee | action: expelled | object: Lily Yong and Voong Nam Jin,5
relation,subject: SUPP Miri Branch | action: formed | object: a special task force,5
relation,subject: SUPP Miri Branch | action: appointed | object: Tan Keng Liang as acting chief,5
relation,subject: SUPP Miri Branch | action: appointed | object: an interim committee,5
relation,subject: Tehseen Poonawalla | action: proposed | object: three measures to support restaurants and hotels,12
relation,subject: Commercial LPG shortage | action: has affected | object: India’s hospitality sector,12
relation,subject: Restaurants and hotels | action: would receive | object: GST input tax credit under the proposal,12
relation,subject: Restaurants adopting electric induction systems | action: would receive | object: GST benefits and a six-month interest-waiver EMI facility,12
relation,subject: Local and state taxes | action: would be waived | object: for six months under the proposal,13
relation,subject: Tehseen Poonawalla | action: proposed | object: a three-point relief plan for the hospitality sector,0
relation,subject: commercial LPG shortage | action: strained | object: restaurant and hotel operations,12
relation,subject: Tehseen Poonawalla | action: urged | object: GST input tax credit eligibility for restaurants and hotels,12
relation,subject: Tehseen Poonawalla | action: demanded | object: GST concessions and financing support for establishments switching to electric induction,12
relation,subject: Tehseen Poonawalla | action: called for | object: a six-month waiver of local and state taxes,13
relation,subject: Nicolae Ceausescu | action: ruled | object: Romania for 24 years,17
relation,subject: communist regime | action: fell in | object: 1989,17
relation,subject: Romania | action: changed considerably since | object: the fall of communism,17
relation,subject: Romania | action: has changed considerably since | object: the fall of the communist regime,17
relation,subject: Romania | action: continues to debate progress in reducing | object: poverty,17
relation,subject: some observers | action: contend the communist regime ended in | object: 1991,17
relation,subject: Navi Mumbai Municipal Corporation | action: issued notices to | object: thousands of property tax defaulters,13
relation,subject: Navi Mumbai Municipal Corporation | action: warned of attachment and auction of properties | object: owners who fail to clear dues by March 31,6
relation,subject: Navi Mumbai Municipal Corporation | action: offered a 50% waiver on late fees | object: property tax defaulters,13
relation,subject: Navi Mumbai Municipal Corporation | action: issued notices to | object: thousands of street vendors,6
relation,subject: Navi Mumbai Municipal Corporation | action: warned of confiscation and fines for | object: stalls not removed by March 31,6
relation,subject: amnesty scheme | action: offers a 50% waiver on | object: licence fees,6
relation,subject: iCAUR | action: positions | object: the V27 as a modern boxy SUV for the Middle East,1
relation,subject: iCAUR V27 | action: uses | object: Golden REEV range-extended electric technology,1
relation,subject: iCAUR V27 | action: features | object: intelligent all-wheel drive with desert driving modes,1
relation,"subject: iCAUR V27 | action: combines | object: urban comfort, off-road capability, and boxy SUV styling",1
relation,subject: CATL LFP battery | action: supports | object: the V27's electric power system,12
relation,subject: Aureon | action: positions | object: the V27 as a new-energy boxy SUV for the Middle East,1
relation,subject: Aureon V27 | action: uses | object: Golden REEV range-extended electric technology,1
relation,subject: Aureon V27 | action: features | object: Aureon all-wheel drive with desert and gravel driving modes,1
relation,subject: Aureon V27 | action: combines | object: urban comfort with off-road capability,1
relation,subject: Police | action: are investigating | object: a shooting in Northeast Oklahoma City,2
relation,subject: Officers | action: responded to | object: the area of NE 10th St. and Missouri Ave.,2
relation,subject: Oklahoma City police | action: investigated | object: a shooting involving officers,2
relation,subject: Officers | action: were called to | object: NE 10th Street and Missouri Avenue,2
relation,subject: Economic and Financial Crimes Commission | action: arrested | object: 30 suspected Internet fraudsters in Ilorin,14
relation,subject: Economic and Financial Crimes Commission | action: denied linking | object: the Ilorin operation to Kwara State Polytechnic protests,0
relation,subject: EFCC Ilorin Zonal Directorate | action: arrested | object: 30 suspected internet fraudsters,6
relation,subject: Kwara State Polytechnic students | action: provided information and protested about | object: suspected internet fraud,6
relation,subject: EFCC | action: linked the operation to | object: reports and protests from Kwara State Polytechnic students,0
relation,subject: St. Francis Falcons | action: competed in | object: Millstone Annual Archery Tournament,15
relation,subject: Six Falcons | action: took part in | object: Millstone Annual Archery Tournament,15
relation,subject: Most Falcons | action: achieved | object: personal best scores,15
relation,subject: National Archery in the Schools Program | action: published | object: tournament results online,15
relation,subject: St. Mary’s Eagles | action: competed in | object: Millstone Annual Archery Tournament,15
relation,subject: Six Eagles | action: achieved | object: personal-best scores,15
relation,subject: NASP tournament results | action: reported | object: archers’ results online,15
relation,subject: Biola Bayo | action: wrote an appreciation post for | object: people supporting her,16
relation,subject: Biola Bayo | action: faced backlash over | object: her interview with Baba Ijesha,16
relation,subject: Biola Bayo | action: expressed appreciation for | object: her supporters' love,16
relation,subject: Biola Bayo | action: wrote an appreciation post | object: supporters who stood by her amid backlash,16
relation,subject: Biola Bayo | action: apologized for | object: her interview about recent zoning changes,16
relation,subject: Biola Bayo | action: pledged to continue serving | object: constituents,16
relation,subject: Residents | action: supported | object: Biola Bayo during a difficult period,16
relation,subject: Punjab | action: secured | object: second position nationally in scholarship disbursement,9
relation,subject: Dr Baljit Kaur | action: stated | object: Punjab's second-place national ranking,9
relation,subject: Punjab | action: disbursed | object: scholarships promoting education among SC and other students,9
relation,subject: Punjab | action: was reported to rank second nationally in | object: scholarship disbursement,9
relation,subject: Dr Baljit Kaur | action: claimed Punjab topped the country in | object: scholarship disbursement,9
relation,subject: Officials | action: said | object: the figures were under review,5
relation,subject: Kai Havertz | action: plays for | object: Arsenal,4
relation,subject: Kai Havertz | action: has a strong bond with | object: donkeys,16
relation,subject: Kai Havertz | action: is committed to | object: animal welfare,5
relation,subject: Kai Havertz | action: returned to | object: the Germany national team,4
relation,subject: Kai Havertz | action: advocates for | object: donkey welfare,0
relation,subject: Kai Havertz | action: returned to | object: the Germany squad,4
relation,subject: AS LHV Group Supervisory Board | action: appointed | object: Christian Schröder as an Audit Committee member,3
relation,subject: Tauno Tats | action: ended | object: Audit Committee membership term,3
relation,subject: LHV Group Audit Committee | action: continues with | object: four members,3
relation,subject: AS LHV Group Supervisory Board | action: appointed | object: Christian Schröder as Chief Financial Officer for a three-year term,3
relation,subject: Tauno Tats | action: ended | object: his term as Chief Financial Officer,3
relation,"subject: LHV Group Management Board | action: continues with | object: Indrek Heinloo, Verner Uibo, Christian Schröder and Rain Lõhmus",3
relation,subject: Rajasthan Police | action: issued | object: an advisory on preventing cyberfraud attacks,19
relation,subject: cybercriminals | action: target | object: institutions using publicly accessible or vulnerable NAS devices,19
relation,subject: cybercriminals | action: exploit | object: weak passwords and outdated software,19
relation,subject: cybercriminals | action: copy or encrypt | object: institutions' critical data,19
relation,"subject: cyber experts | action: recommend | object: multi-factor authentication, software updates, backups, and restricted NAS internet access",19
relation,subject: Rajasthan Police | action: issued | object: an advisory warning institutions about cyberattacks,19
relation,subject: Cybercriminals | action: target | object: institutions using vulnerable Network Attached Storage systems,19
relation,subject: Cybercriminals | action: copy or encrypt | object: institutional data,19
relation,subject: Cybercriminals | action: demand | object: ransoms,19
relation,"subject: Cyber experts | action: recommend | object: multifactor authentication, security patches, restricted NAS access, and secure backups",19
relation,subject: Ontario | action: offers | object: refundable and non-refundable tax credits,13
relation,subject: Ontario tax credits | action: reduce | object: income tax owed or provide refunds,13
relation,subject: Eligible Ontario taxpayers | action: claim | object: tax credits on their income tax returns,13
relation,"subject: Ontario fertility treatment tax credit | action: refunds | object: 25% of eligible fertility and surrogacy expenses up to $5,000",13
relation,subject: Ontario child care tax credit | action: covers | object: up to 75% of eligible child care expenses,13
relation,subject: Ontario seniors' care at home tax credit | action: supports | object: eligible medical expenses for qualifying seniors,13
relation,subject: Ontario seniors' public transit tax credit | action: supports | object: eligible public transit expenses for seniors,13
relation,subject: Ontario | action: offers | object: refundable and non-refundable provincial tax credits,13
relation,subject: Ontario tax credits | action: reduce | object: provincial tax owed or provide refunds,13
relation,subject: Ontario taxpayers | action: claim | object: eligible credits on their 2025 tax returns,13
relation,subject: Ontario fertility treatment tax credit | action: covers | object: 25% of eligible fertility treatment and surrogacy expenses,13
relation,subject: Ontario child care tax credit | action: provides | object: a percentage of eligible child care expenses,13
relation,subject: Ontario seniors' public transit tax credit | action: supports | object: eligible transit costs for Ontario seniors,13
relation,subject: NBA Board of Governors | action: approved exploration of | object: NBA expansion to Seattle and Las Vegas,4
relation,subject: Seattle and Las Vegas | action: could host | object: new NBA teams,4
relation,subject: NBA Board of Governors | action: approved formal exploration of expansion to | object: Seattle and Las Vegas,4
relation,subject: NBA owners | action: authorized league executives to solicit and evaluate | object: expansion proposals and ownership groups,4
relation,subject: League executives | action: will assess | object: arena and market readiness,4
relation,subject: Seattle groups | action: signaled preparedness to submit | object: expansion bids,5
relation,subject: Sarah Katz | action: suffered from | object: QT syndrome type 1,16
relation,subject: Sarah Katz | action: drank | object: 30-ounce Charged Lemonade,16
relation,subject: Jill and Michael Katz | action: are turning their daughter's death into | object: advocacy,2
relation,subject: Sarah Katz | action: had | object: QT syndrome type 1,16
relation,subject: Jill and Michael Katz | action: believe the drink caused | object: a fatal episode,2
relation,subject: Jill and Michael Katz | action: turned their daughter's death into | object: advocacy about energy drink risks,2
relation,subject: Abiola Salami | action: wrote | object: No More Shrinking,16
relation,subject: No More Shrinking | action: is being adapted into | object: a theatrical production,16
relation,"subject: the production | action: is scheduled to premiere at | object: Terra Kulture on March 28, 2026",1
relation,"subject: the play | action: explores | object: leadership, self-doubt, and women's professional voice",16
relation,subject: the adaptation | action: contributes to | object: the evolution of Nigeria's performing arts,0
relation,"subject: the theatrical production | action: examines | object: climate change, coastal erosion, and environmental displacement",1
relation,subject: the production | action: is scheduled to premiere at | object: Terra Kulture,1
relation,subject: the production | action: draws on experiences of | object: residents of Ogun and Lagos states,0
relation,subject: Chief Justice Surya Kant | action: warned of | object: criminal contempt proceedings against the petitioner's father,5
relation,subject: petitioner's father | action: allegedly contacted | object: a member of the Chief Justice's family,5
relation,subject: Supreme Court | action: questioned | object: the bona fides of the petitioners' claimed religious conversion,5
relation,subject: Supreme Court | action: directed | object: the Chief Secretary of Haryana to clarify minority certificate guidelines,5
relation,subject: Supreme Court | action: held | object: that conversion to Christianity causes immediate loss of Scheduled Caste status,5
relation,subject: Chief Justice Surya Kant | action: warned of | object: criminal contempt proceedings against the litigant’s father,5
relation,subject: litigant’s father | action: allegedly contacted | object: a family member of Chief Justice Surya Kant,5
relation,subject: Supreme Court | action: directed | object: the Chief Secretary of Haryana to provide guidelines on ecological-sensitivity certificates,5
relation,subject: two Haryana landowners | action: challenged | object: the acquisition of their agricultural land and related environmental clearances,10
relation,subject: Supreme Court | action: held | object: unauthorized conversion of protected land for industrial use without prior environmental clearance is void,2
relation,subject: The Super Mario Galaxy Movie | action: reveals | object: a crossover with a Nintendo franchise,16
relation,subject: A new character | action: joins | object: The Super Mario Galaxy Movie sequel,16
relation,subject: The Super Mario Galaxy Movie | action: will feature a crossover with | object: the Sonic franchise,16
relation,subject: Sonic franchise | action: will contribute | object: an unnamed character,16
relation,"subject: The Super Mario Galaxy Movie | action: will be released in theaters on | object: April 1, 2026",16
relation,subject: Grant Hoffman Wilson | action: was wanted in connection with | object: two killings in Oklahoma,2
relation,subject: Monroe County deputies | action: arrested | object: Grant Hoffman Wilson,2
relation,subject: Monroe County deputies | action: stopped | object: Grant Hoffman Wilson's vehicle on I-475,2
relation,subject: Grant Hoffman Wilson | action: is wanted in connection with | object: an interstate auto-theft ring in Oklahoma,2
relation,subject: Investigators | action: are pursuing | object: the trafficking network,18
relation,subject: World Health Organization | action: urges | object: countries to accelerate action to end tuberculosis,11
relation,subject: World Health Organization | action: recommends | object: new point-of-care diagnostic tools and tongue swabs,11
relation,subject: new diagnostic tools | action: help detect | object: tuberculosis faster,11
relation,subject: Médecins Sans Frontières | action: urges | object: governments and health authorities to accelerate action to end tuberculosis,11
relation,subject: Médecins Sans Frontières | action: recommends expanding access to | object: new TB diagnostic tools,11
relation,subject: tongue swabs | action: help detect | object: tuberculosis faster,11
relation,subject: Calgary Flames | action: are evaluating | object: their future with eleven games remaining,4
relation,subject: Calgary Flames | action: are involved in | object: the battle for the final NHL playoff spots,4
relation,subject: Calgary | action: is conducting | object: its 2025–26 municipal budget process,13
relation,subject: city officials | action: are evaluating | object: the final infrastructure allocations,0
relation,subject: Calgary city council | action: will vote on | object: the municipal budget,13
relation,subject: Astronomers | action: created | object: a catalogue of 45 habitable-zone rocky exoplanets,1
relation,subject: 45 rocky exoplanets | action: could harbor | object: alien life,1
relation,subject: Cornell University exoplanet expert | action: discussed | object: where to search for life,1
relation,subject: Citizen scientists | action: created | object: a catalogue of habitable-zone rocky exoplanets,1
relation,subject: 45 exoplanets | action: could harbor | object: alien life,1
relation,subject: Cornell exoplanet expert | action: discussed | object: where to search for life,1
relation,subject: Paank | action: reported | object: enforced disappearances of Baloch women by Pakistani forces,9
relation,subject: Pakistani forces | action: abducted | object: Mahjabeen Baloch,9
relation,subject: Pakistan Frontier Corps personnel | action: shot dead | object: Muhammad Aamir,9
relation,subject: Paank | action: called on Pakistani authorities to investigate | object: Muhammad Aamir's killing,9
relation,subject: Paank | action: urged Pakistani authorities to release | object: Mahjabeen Baloch,9
relation,subject: Pakistani forces | action: allegedly abducted | object: Mahjabeen Baloch,9
relation,subject: Pakistani forces | action: allegedly subjected | object: Younus Baloch to enforced disappearance and torture,9
relation,subject: Frontier Corps personnel | action: allegedly killed | object: Muhammad Aamir,9
relation,subject: Paank | action: accused | object: Pakistani authorities and forces of bypassing legal safeguards,9
relation,subject: Paank | action: called for | object: transparent investigations and accountability,5
relation,subject: Henderson Loggie | action: appointed | object: Christine Rolland as head of forensic accounting,3
relation,subject: Henderson Loggie | action: is expanding | object: its specialist advisory services,3
relation,subject: Christine Rolland | action: has worked at | object: Henderson Loggie for six years as a director,3
relation,subject: Henderson Loggie | action: promoted | object: Christine Rolland to head of forensic accounting,3
relation,subject: Christine Rolland | action: will lead | object: the forensic accounting team,3
relation,subject: Salim Touaibi | action: was found guilty of | object: first-degree murder and four counts of attempted murder,2
relation,subject: Aymane Bouadi | action: was acquitted of | object: all charges,2
relation,subject: Salim Touaibi | action: fired shots during | object: a 2021 drive-by shooting in Montreal,2
relation,subject: Aymane Bouadi | action: was inside | object: the car during the shooting,2
relation,subject: Karim Toumi | action: was found guilty of | object: first-degree murder and four counts of attempted murder,2
relation,subject: Karim Toumi | action: fired shots during | object: a 2021 drive-by shooting of a Montreal teenager,2
relation,subject: Quebec Superior Court | action: heard | object: evidence and witness testimony,2
