pair_id,topic,context_polarity,focal_event,context_frame,article_text,vad_valence,vad_arousal,vad_dominance,model,token_coverage,normalized_valence,normalized_arousal,normalized_dominance,vad_model,nrc_native_valence,nrc_native_arousal,nrc_native_dominance,nrc_token_count,nrc_matched_token_count,nrc_matched_term_count,nrc_multiword_match_count,nrc_token_coverage,memolon_native_valence,memolon_native_arousal,memolon_native_dominance,memolon_token_count,memolon_matched_token_count,memolon_matched_term_count,memolon_multiword_match_count,memolon_token_coverage
1,animals,positive,A dog died,A broadly positive context softens the negative focal event.,"Although the country reported better animal welfare indicators and expanded adoption campaigns, a dog died after failing to survive emergency surgery.",2.6955268383026123,3.101815938949585,2.889536142349243,Current BERT,,0.4238817095756531,0.5254539847373962,0.4723840355873108,,,,,,,,,,,,,,,,,
1,animals,negative,A dog died,A broadly negative context intensifies the negative focal event.,"Amid rising animal abandonment and a shortage of public veterinary care in the region, a dog died after failing to survive emergency surgery.",2.01697325706482,3.258279800415039,2.620042562484741,Current BERT,,0.25424331426620495,0.5645699501037598,0.4050106406211853,,,,,,,,,,,,,,,,,
2,health,positive,A hospital lost power for one hour,Recent health improvements surround a problematic event.,"Even after a week of shorter waiting lines and newly opened hospital beds, a hospital lost power for one hour during unexpected maintenance.",2.836850166320801,3.080179452896118,3.0309643745422363,Current BERT,,0.4592125415802002,0.5200448632240295,0.5077410936355591,,,,,,,,,,,,,,,,,
2,health,negative,A hospital lost power for one hour,A health crisis surrounds the same problematic event.,"At the height of a crisis with patients waiting in corridors and exhausted medical teams, a hospital lost power for one hour during unexpected maintenance.",2.717020034790039,3.222593069076538,2.9639408588409424,Current BERT,,0.42925500869750977,0.5556482672691345,0.4909852147102356,,,,,,,,,,,,,,,,,
3,education,positive,A school canceled Friday classes,A one-day cancellation appears inside a favorable education scenario.,"After reaching a record approval rate and receiving new laboratories, a school canceled Friday classes to repair the electrical system.",2.8452799320220947,3.1948082447052,2.933652877807617,Current BERT,,0.4613199830055237,0.5487020611763,0.4834132194519043,,,,,,,,,,,,,,,,,
3,education,negative,A school canceled Friday classes,The cancellation appears as part of a deteriorating education scenario.,"After months of teacher shortages, damaged classrooms, and falling student attendance, a school canceled Friday classes to repair the electrical system.",2.380934000015259,3.1454904079437256,2.753895998001098,Current BERT,,0.3452335000038147,0.5363726019859314,0.43847399950027455,,,,,,,,,,,,,,,,,
4,economy,positive,A factory laid off 30 workers,Local layoffs contrast with broader economic improvement.,"Despite thousands of new jobs across the state and rising average income, a factory laid off 30 workers because of an equipment replacement.",2.523350238800049,3.253445863723755,2.863150119781494,Current BERT,,0.3808375597000122,0.5633614659309387,0.46578752994537354,,,,,,,,,,,,,,,,,
4,economy,negative,A factory laid off 30 workers,Local layoffs reinforce a weak economic scenario.,"With the city already facing closed stores, growing debt, and persistent unemployment, a factory laid off 30 workers because of an equipment replacement.",2.107788562774658,3.2787203788757324,2.7826945781707764,Current BERT,,0.27694714069366455,0.5696800947189331,0.4456736445426941,,,,,,,,,,,,,,,,,
5,public_safety,positive,A robbery happened downtown,An isolated crime appears in a context of improving safety.,"Even with fewer thefts in the neighborhood and reopened public spaces, a robbery happened downtown on Tuesday night.",2.80035662651062,3.260956048965454,3.080470323562622,Current BERT,,0.45008915662765503,0.5652390122413635,0.5201175808906555,,,,,,,,,,,,,,,,,
5,public_safety,negative,A robbery happened downtown,The same crime appears inside an escalation of insecurity.,"After a sequence of assaults, fear among shopkeepers, and insufficient patrols, a robbery happened downtown on Tuesday night.",2.4280855655670166,3.4233667850494385,2.7851548194885254,Current BERT,,0.35702139139175415,0.6058416962623596,0.44628870487213135,,,,,,,,,,,,,,,,,
6,environment,positive,A fire reached a forest area,A local environmental loss contrasts with broader recovery.,"After months of spring restoration and reduced regional deforestation, a fire reached a forest area near the road.",2.851933479309082,3.0787312984466557,2.827077627182007,Current BERT,,0.4629833698272705,0.5196828246116639,0.4567694067955017,,,,,,,,,,,,,,,,,
6,environment,negative,A fire reached a forest area,The environmental loss reinforces a critical ecological situation.,"In a region marked by severe drought, constant smoke, and biodiversity loss, a fire reached a forest area near the road.",2.3769073486328125,3.24379301071167,2.6531901359558105,Current BERT,,0.3442268371582031,0.5609482526779175,0.41329753398895264,,,,,,,,,,,,,,,,,
7,transport,positive,A bus broke down in the morning,A transport failure occurs during service improvement.,"In the first month with a renewed fleet, fewer delays, and integrated fares, a bus broke down in the morning on a busy avenue.",2.856545209884644,3.1314733028411865,2.9848902225494385,Current BERT,,0.464136302471161,0.5328683257102966,0.4962225556373596,,,,,,,,,,,,,,,,,
7,transport,negative,A bus broke down in the morning,A transport failure occurs during an already chaotic service period.,"During a week of strikes, overcrowding, and daily passenger complaints, a bus broke down in the morning on a busy avenue.",2.352142572402954,3.2785141468048096,2.772571563720703,Current BERT,,0.3380356431007385,0.5696285367012024,0.4431428909301758,,,,,,,,,,,,,,,,,
8,technology,positive,An app went offline for two hours,A technical failure contrasts with good user reception.,"After receiving positive user reviews and helping thousands of appointments, an app went offline for two hours because of server instability.",3.0150821208953857,3.1033198833465576,2.8398005962371826,Current BERT,,0.5037705302238464,0.5258299708366394,0.45995014905929565,,,,,,,,,,,,,,,,,
8,technology,negative,An app went offline for two hours,A technical failure reinforces accumulated distrust.,"After data leaks, improper charges, and weeks of user complaints, an app went offline for two hours because of server instability.",2.455333948135376,3.1574692726135254,2.7676455974578857,Current BERT,,0.363833487033844,0.5393673181533813,0.44191139936447144,,,,,,,,,,,,,,,,,
9,culture,positive,A concert was postponed,A one-off postponement appears within a strong cultural calendar.,"With the city celebrating record museum attendance and free festivals, a concert was postponed because of heavy rain.",3.1369788646698,3.26729416847229,2.967217445373535,Current BERT,,0.53424471616745,0.5668235421180725,0.4918043613433838,,,,,,,,,,,,,,,,,
9,culture,negative,A concert was postponed,A one-off postponement appears within a weakened cultural calendar.,"After theater closures, funding cuts, and poor ticket sales, a concert was postponed because of heavy rain.",2.530702829360962,3.1475932598114014,2.8102927207946777,Current BERT,,0.3826757073402405,0.5368983149528503,0.45257318019866943,,,,,,,,,,,,,,,,,
10,sports,positive,A player was injured during training,An individual injury contrasts with a winning sports moment.,"Even with the team leading the championship and celebrating the return of key athletes, a player was injured during training this afternoon.",2.8287315368652344,3.1408026218414307,2.896092176437378,Current BERT,,0.4571828842163086,0.5352006554603577,0.4740230441093445,,,,,,,,,,,,,,,,,
10,sports,negative,A player was injured during training,An individual injury reinforces a bad sports moment.,"With the team in crisis, consecutive defeats, and a squad reduced by suspensions, a player was injured during training this afternoon.",2.4696786403656006,3.1090030670166016,2.8569891452789307,Current BERT,,0.36741966009140015,0.5272507667541504,0.46424728631973267,,,,,,,,,,,,,,,,,
11,agriculture,positive,A corn harvest had partial losses,An agricultural loss appears inside strong sector results.,"Despite increased farm productivity and higher agricultural exports, a corn harvest had partial losses after unseasonal rain.",2.7396910190582275,3.0500879287719727,2.9518275260925293,Current BERT,,0.4349227547645569,0.5125219821929932,0.4879568815231323,,,,,,,,,,,,,,,,,
11,agriculture,negative,A corn harvest had partial losses,An agricultural loss appears inside a sector crisis.,"With indebted farmers, idle machinery, and prolonged drought in nearby towns, a corn harvest had partial losses after unseasonal rain.",2.463886976242065,3.0656955242156982,2.793473958969116,Current BERT,,0.36597174406051625,0.5164238810539246,0.44836848974227905,,,,,,,,,,,,,,,,,
12,science,positive,An experiment was interrupted,A scientific interruption contrasts with recent progress.,"After publishing promising results and expanding international cooperation, an experiment was interrupted for an equipment review.",3.2805392742156982,3.080127239227295,3.0236289501190186,Current BERT,,0.5701348185539246,0.5200318098068237,0.5059072375297546,,,,,,,,,,,,,,,,,
12,science,negative,An experiment was interrupted,A scientific interruption reinforces uncertainty and delay.,"After funding cuts, researchers leaving the project, and repeated schedule delays, an experiment was interrupted for an equipment review.",2.6959433555603027,3.010130882263184,2.826688528060913,Current BERT,,0.4239858388900757,0.502532720565796,0.45667213201522827,,,,,,,,,,,,,,,,,
13,housing,positive,A building showed cracks,A structural problem contrasts with urban improvement.,"Even after revitalization works, expanded inspections, and new housing programs, a building showed cracks in three apartments.",2.786402940750122,2.9278292655944824,2.9304120540618896,Current BERT,,0.4466007351875305,0.4819573163986206,0.4826030135154724,,,,,,,,,,,,,,,,,
13,housing,negative,A building showed cracks,A structural problem reinforces urban precarity.,"In a neighborhood with abandoned properties, displaced families, and almost no inspection, a building showed cracks in three apartments.",2.5199685096740723,3.0652596950531006,2.8209469318389893,Current BERT,,0.37999212741851807,0.5163149237632751,0.4552367329597473,,,,,,,,,,,,,,,,,
14,food,positive,A batch of food was recalled,The recall appears within effective food safety control.,"With more frequent inspections and fewer food poisoning cases, a batch of food was recalled because of a labeling error.",3.0107383728027344,3.0505499839782715,3.058348655700684,Current BERT,,0.5026845932006836,0.5126374959945679,0.514587163925171,,,,,,,,,,,,,,,,,
14,food,negative,A batch of food was recalled,The recall appears within food safety insecurity.,"After contamination reports, fined markets, and hospitalized consumers, a batch of food was recalled because of a labeling error.",2.4684314727783203,3.0491397380828857,3.015721559524536,Current BERT,,0.3671078681945801,0.5122849345207214,0.503930389881134,,,,,,,,,,,,,,,,,
15,weather,positive,A storm flooded two streets,A local flood contrasts with climate preparedness.,"Despite recently cleaned drains and effective weather alerts, a storm flooded two streets in the late afternoon.",2.5523312091827397,3.2233803272247314,2.690553665161133,Current BERT,,0.3880828022956849,0.5558450818061829,0.4226384162902832,,,,,,,,,,,,,,,,,
15,weather,negative,A storm flooded two streets,A local flood reinforces climate vulnerability.,"With poor drainage, families already displaced, and more storms in the forecast, a storm flooded two streets in the late afternoon.",2.396124601364136,3.2358200550079346,2.7255399227142334,Current BERT,,0.34903115034103405,0.5589550137519836,0.43138498067855835,,,,,,,,,,,,,,,,,
16,politics,positive,A vote was suspended,A political suspension occurs in a stable institutional environment.,"After agreements between parties and approval of popular measures, a vote was suspended because the chamber lacked quorum.",2.8669352531433105,2.954185724258423,3.008342027664185,Current BERT,,0.46673381328582764,0.4885464310646057,0.5020855069160463,,,,,,,,,,,,,,,,,
16,politics,negative,A vote was suspended,A political suspension occurs in a conflicted institutional environment.,"Amid mutual accusations, protests outside the chamber, and stalled essential bills, a vote was suspended because the chamber lacked quorum.",2.642616510391236,3.225913524627685,2.9580793380737305,Current BERT,,0.41065412759780895,0.5564783811569213,0.4895198345184326,,,,,,,,,,,,,,,,,
17,energy,positive,A substation had a technical failure,An energy failure contrasts with system expansion and stability.,"Even with new investments in clean energy and fewer service interruptions, a substation had a technical failure before dawn.",2.7584595680236816,2.9825735092163086,3.061984777450561,Current BERT,,0.4396148920059204,0.49564337730407715,0.5154961943626403,,,,,,,,,,,,,,,,,
17,energy,negative,A substation had a technical failure,An energy failure reinforces system instability.,"After frequent blackouts, higher bills, and damaged appliances in several homes, a substation had a technical failure before dawn.",2.40662693977356,3.0480196475982666,2.696563005447388,Current BERT,,0.35165673494339,0.5120049118995667,0.42414075136184703,,,,,,,,,,,,,,,,,
18,tourism,positive,A hotel canceled reservations,A cancellation contrasts with a strong tourist season.,"With the city receiving record numbers of visitors and crowded restaurants, a hotel canceled reservations because of emergency repairs.",3.10215163230896,3.294201612472534,2.949965715408325,Current BERT,,0.52553790807724,0.5735504031181335,0.4874914288520813,,,,,,,,,,,,,,,,,
18,tourism,negative,A hotel canceled reservations,A cancellation reinforces the decline of local tourism.,"After months of empty beaches, closing businesses, and complaints about infrastructure, a hotel canceled reservations because of emergency repairs.",2.600233316421509,3.090139865875244,2.8037242889404297,Current BERT,,0.4000583291053772,0.522534966468811,0.4509310722351074,,,,,,,,,,,,,,,,,
19,justice,positive,A hearing was rescheduled,A court delay occurs during administrative improvement.,"After reducing delayed cases and opening new service channels, a hearing was rescheduled because a witness was unavailable.",3.067632913589477,2.9696574211120605,2.9656732082366943,Current BERT,,0.5169082283973693,0.49241435527801514,0.4914183020591736,,,,,,,,,,,,,,,,,
19,justice,negative,A hearing was rescheduled,A court delay occurs during slowness and frustration.,"With long lines, stalled cases, and families waiting years for answers, a hearing was rescheduled because a witness was unavailable.",2.565168857574463,3.126137971878052,2.809226751327514,Current BERT,,0.3912922143936157,0.531534492969513,0.45230668783187855,,,,,,,,,,,,,,,,,
20,community,positive,A community fair lost stalls,A local loss contrasts with positive community mobilization.,"Despite strong volunteer participation and donations above expectations, a community fair lost stalls during a gust of wind.",2.851630210876465,3.0309653282165527,2.853790521621704,Current BERT,,0.4629075527191162,0.5077413320541382,0.463447630405426,,,,,,,,,,,,,,,,,
20,community,negative,A community fair lost stalls,A local loss reinforces community fragility.,"After lack of public support, falling donations, and conflicts among organizers, a community fair lost stalls during a gust of wind.",2.6104395389556885,3.039053440093994,2.780088424682617,Current BERT,,0.4026098847389221,0.5097633600234985,0.4450221061706543,,,,,,,,,,,,,,,,,
1,animals,positive,A dog died,A broadly positive context softens the negative focal event.,"Although the country reported better animal welfare indicators and expanded adoption campaigns, a dog died after failing to survive emergency surgery.",3.0948235294117645,3.199294117647059,3.188,NRC v2.1,0.8095238095238095,0.5237058823529411,0.5498235294117647,0.547,NRC-VAD-Lexicon-v2.1,0.0474117647058823,0.0996470588235294,0.0939999999999999,21.0,17.0,17.0,0.0,0.8095238095238095,,,,,,,,
1,animals,negative,A dog died,A broadly negative context intensifies the negative focal event.,"Amid rising animal abandonment and a shortage of public veterinary care in the region, a dog died after failing to survive emergency surgery.",2.839578947368421,3.1252631578947367,2.917894736842105,NRC v2.1,0.8260869565217391,0.45989473684210525,0.5313157894736842,0.4794736842105263,NRC-VAD-Lexicon-v2.1,-0.0802105263157894,0.0626315789473684,-0.0410526315789473,23.0,19.0,19.0,0.0,0.8260869565217391,,,,,,,,
2,health,positive,A hospital lost power for one hour,Recent health improvements surround a problematic event.,"Even after a week of shorter waiting lines and newly opened hospital beds, a hospital lost power for one hour during unexpected maintenance.",2.9382352941176477,2.8692941176470588,2.8396470588235294,NRC v2.1,0.782608695652174,0.48455882352941193,0.4673235294117647,0.45991176470588235,NRC-VAD-Lexicon-v2.1,-0.0308823529411764,-0.0653529411764705,-0.0801764705882353,23.0,18.0,17.0,1.0,0.782608695652174,,,,,,,,
2,health,negative,A hospital lost power for one hour,A health crisis surrounds the same problematic event.,"At the height of a crisis with patients waiting in corridors and exhausted medical teams, a hospital lost power for one hour during unexpected maintenance.",2.773529411764706,3.014823529411765,2.8822352941176472,NRC v2.1,0.76,0.44338235294117645,0.5037058823529412,0.4705588235294118,NRC-VAD-Lexicon-v2.1,-0.113235294117647,0.0074117647058823,-0.0588823529411764,25.0,19.0,17.0,2.0,0.76,,,,,,,,
3,education,positive,A school canceled Friday classes,A one-day cancellation appears inside a favorable education scenario.,"After reaching a record approval rate and receiving new laboratories, a school canceled Friday classes to repair the electrical system.",3.553230769230769,2.8430769230769237,3.271692307692308,NRC v2.1,0.65,0.6383076923076922,0.46076923076923093,0.567923076923077,NRC-VAD-Lexicon-v2.1,0.2766153846153846,-0.0784615384615384,0.1358461538461538,20.0,13.0,13.0,0.0,0.65,,,,,,,,
3,education,negative,A school canceled Friday classes,The cancellation appears as part of a deteriorating education scenario.,"After months of teacher shortages, damaged classrooms, and falling student attendance, a school canceled Friday classes to repair the electrical system.",3.2134285714285715,2.9522857142857144,3.109714285714286,NRC v2.1,0.6666666666666666,0.5533571428571429,0.4880714285714286,0.5274285714285715,NRC-VAD-Lexicon-v2.1,0.1067142857142857,-0.0238571428571428,0.0548571428571428,21.0,14.0,14.0,0.0,0.6666666666666666,,,,,,,,
4,economy,positive,A factory laid off 30 workers,Local layoffs contrast with broader economic improvement.,"Despite thousands of new jobs across the state and rising average income, a factory laid off 30 workers because of an equipment replacement.",3.2094285714285715,2.972714285714286,3.1671428571428573,NRC v2.1,0.6956521739130435,0.5523571428571429,0.49317857142857147,0.5417857142857143,NRC-VAD-Lexicon-v2.1,0.1047142857142857,-0.0136428571428571,0.0835714285714285,23.0,16.0,14.0,2.0,0.6956521739130435,,,,,,,,
4,economy,negative,A factory laid off 30 workers,Local layoffs reinforce a weak economic scenario.,"With the city already facing closed stores, growing debt, and persistent unemployment, a factory laid off 30 workers because of an equipment replacement.",2.7528571428571427,2.8554285714285714,2.958857142857143,NRC v2.1,0.7391304347826086,0.43821428571428567,0.46385714285714286,0.48971428571428577,NRC-VAD-Lexicon-v2.1,-0.1235714285714285,-0.0722857142857142,-0.0205714285714285,23.0,17.0,14.0,3.0,0.7391304347826086,,,,,,,,
5,public_safety,positive,A robbery happened downtown,An isolated crime appears in a context of improving safety.,"Even with fewer thefts in the neighborhood and reopened public spaces, a robbery happened downtown on Tuesday night.",2.7964,2.9088,2.8508,NRC v2.1,0.5555555555555556,0.44910000000000005,0.47719999999999996,0.4627,NRC-VAD-Lexicon-v2.1,-0.1018,-0.0455999999999999,-0.0746,18.0,10.0,10.0,0.0,0.5555555555555556,,,,,,,,
5,public_safety,negative,A robbery happened downtown,The same crime appears inside an escalation of insecurity.,"After a sequence of assaults, fear among shopkeepers, and insufficient patrols, a robbery happened downtown on Tuesday night.",2.6786666666666665,2.945333333333333,2.6565,NRC v2.1,0.6666666666666666,0.41966666666666663,0.4863333333333333,0.41412499999999997,NRC-VAD-Lexicon-v2.1,-0.1606666666666666,-0.0273333333333333,-0.1717499999999999,18.0,12.0,12.0,0.0,0.6666666666666666,,,,,,,,
6,environment,positive,A fire reached a forest area,A local environmental loss contrasts with broader recovery.,"After months of spring restoration and reduced regional deforestation, a fire reached a forest area near the road.",3.1475384615384616,2.863230769230769,2.872307692307692,NRC v2.1,0.7222222222222222,0.5368846153846154,0.46580769230769226,0.46807692307692295,NRC-VAD-Lexicon-v2.1,0.0737692307692307,-0.0683846153846153,-0.0638461538461538,18.0,13.0,13.0,0.0,0.7222222222222222,,,,,,,,
6,environment,negative,A fire reached a forest area,The environmental loss reinforces a critical ecological situation.,"In a region marked by severe drought, constant smoke, and biodiversity loss, a fire reached a forest area near the road.",2.925333333333333,2.7278666666666664,2.9548,NRC v2.1,0.7142857142857143,0.4813333333333333,0.4319666666666666,0.4887,NRC-VAD-Lexicon-v2.1,-0.0373333333333333,-0.1360666666666666,-0.0226,21.0,15.0,15.0,0.0,0.7142857142857143,,,,,,,,
7,transport,positive,A bus broke down in the morning,A transport failure occurs during service improvement.,"In the first month with a renewed fleet, fewer delays, and integrated fares, a bus broke down in the morning on a busy avenue.",3.071857142857143,2.616142857142857,2.9455714285714287,NRC v2.1,0.5833333333333334,0.5179642857142858,0.4040357142857143,0.4863928571428572,NRC-VAD-Lexicon-v2.1,0.0359285714285714,-0.1919285714285714,-0.0272142857142857,24.0,14.0,14.0,0.0,0.5833333333333334,,,,,,,,
7,transport,negative,A bus broke down in the morning,A transport failure occurs during an already chaotic service period.,"During a week of strikes, overcrowding, and daily passenger complaints, a bus broke down in the morning on a busy avenue.",3.002153846153846,2.6826153846153846,2.7486153846153845,NRC v2.1,0.6190476190476191,0.5005384615384615,0.42065384615384616,0.4371538461538461,NRC-VAD-Lexicon-v2.1,0.001076923076923,-0.1586923076923077,-0.1256923076923077,21.0,13.0,13.0,0.0,0.6190476190476191,,,,,,,,
8,technology,positive,An app went offline for two hours,A technical failure contrasts with good user reception.,"After receiving positive user reviews and helping thousands of appointments, an app went offline for two hours because of server instability.",3.2192,2.9528,2.978933333333333,NRC v2.1,0.7619047619047619,0.5548,0.48819999999999997,0.49473333333333325,NRC-VAD-Lexicon-v2.1,0.1096,-0.0235999999999999,-0.0105333333333333,21.0,16.0,15.0,1.0,0.7619047619047619,,,,,,,,
8,technology,negative,An app went offline for two hours,A technical failure reinforces accumulated distrust.,"After data leaks, improper charges, and weeks of user complaints, an app went offline for two hours because of server instability.",2.9085714285714284,2.8125714285714287,2.7151428571428573,NRC v2.1,0.7142857142857143,0.4771428571428571,0.4531428571428572,0.4287857142857143,NRC-VAD-Lexicon-v2.1,-0.0457142857142857,-0.0937142857142857,-0.1424285714285714,21.0,15.0,14.0,1.0,0.7142857142857143,,,,,,,,
9,culture,positive,A concert was postponed,A one-off postponement appears within a strong cultural calendar.,"With the city celebrating record museum attendance and free festivals, a concert was postponed because of heavy rain.",3.555692307692308,3.044153846153846,3.144615384615385,NRC v2.1,0.8888888888888888,0.638923076923077,0.5110384615384616,0.5361538461538462,NRC-VAD-Lexicon-v2.1,0.2778461538461538,0.022076923076923,0.0723076923076923,18.0,16.0,13.0,3.0,0.8888888888888888,,,,,,,,
9,culture,negative,A concert was postponed,A one-off postponement appears within a weakened cultural calendar.,"After theater closures, funding cuts, and poor ticket sales, a concert was postponed because of heavy rain.",3.256727272727273,3.03,2.903090909090909,NRC v2.1,0.7647058823529411,0.5641818181818182,0.5075,0.47577272727272724,NRC-VAD-Lexicon-v2.1,0.1283636363636363,0.015,-0.0484545454545454,17.0,13.0,11.0,2.0,0.7647058823529411,,,,,,,,
10,sports,positive,A player was injured during training,An individual injury contrasts with a winning sports moment.,"Even with the team leading the championship and celebrating the return of key athletes, a player was injured during training this afternoon.",3.34875,3.229125,3.3485,NRC v2.1,0.7272727272727273,0.5871875,0.55728125,0.587125,NRC-VAD-Lexicon-v2.1,0.174375,0.1145625,0.17425,22.0,16.0,16.0,0.0,0.7272727272727273,,,,,,,,
10,sports,negative,A player was injured during training,An individual injury reinforces a bad sports moment.,"With the team in crisis, consecutive defeats, and a squad reduced by suspensions, a player was injured during training this afternoon.",2.932533333333333,3.2017333333333333,3.0976,NRC v2.1,0.7142857142857143,0.4831333333333333,0.5504333333333333,0.5244,NRC-VAD-Lexicon-v2.1,-0.0337333333333333,0.1008666666666666,0.0487999999999999,21.0,15.0,15.0,0.0,0.7142857142857143,,,,,,,,
11,agriculture,positive,A corn harvest had partial losses,An agricultural loss appears inside strong sector results.,"Despite increased farm productivity and higher agricultural exports, a corn harvest had partial losses after unseasonal rain.",3.5356666666666667,2.753,2.994,NRC v2.1,0.7058823529411765,0.6339166666666667,0.43825000000000003,0.49850000000000005,NRC-VAD-Lexicon-v2.1,0.2678333333333333,-0.1235,-0.003,17.0,12.0,12.0,0.0,0.7058823529411765,,,,,,,,
11,agriculture,negative,A corn harvest had partial losses,An agricultural loss appears inside a sector crisis.,"With indebted farmers, idle machinery, and prolonged drought in nearby towns, a corn harvest had partial losses after unseasonal rain.",2.782769230769231,2.6735384615384614,2.5966153846153848,NRC v2.1,0.65,0.4456923076923077,0.41838461538461535,0.3991538461538462,NRC-VAD-Lexicon-v2.1,-0.1086153846153846,-0.1632307692307692,-0.2016923076923076,20.0,13.0,13.0,0.0,0.65,,,,,,,,
12,science,positive,An experiment was interrupted,A scientific interruption contrasts with recent progress.,"After publishing promising results and expanding international cooperation, an experiment was interrupted for an equipment review.",3.478333333333333,3.0988333333333333,3.3793333333333333,NRC v2.1,0.75,0.6195833333333333,0.5247083333333333,0.5948333333333333,NRC-VAD-Lexicon-v2.1,0.2391666666666666,0.0494166666666666,0.1896666666666666,16.0,12.0,12.0,0.0,0.75,,,,,,,,
12,science,negative,An experiment was interrupted,A scientific interruption reinforces uncertainty and delay.,"After funding cuts, researchers leaving the project, and repeated schedule delays, an experiment was interrupted for an equipment review.",3.193857142857143,3.067428571428572,3.2422857142857144,NRC v2.1,0.7368421052631579,0.5484642857142857,0.516857142857143,0.5605714285714286,NRC-VAD-Lexicon-v2.1,0.0969285714285714,0.0337142857142857,0.1211428571428571,19.0,14.0,14.0,0.0,0.7368421052631579,,,,,,,,
13,housing,positive,A building showed cracks,A structural problem contrasts with urban improvement.,"Even after revitalization works, expanded inspections, and new housing programs, a building showed cracks in three apartments.",3.9132,2.7364,3.2924,NRC v2.1,0.5882352941176471,0.7283,0.43410000000000004,0.5731,NRC-VAD-Lexicon-v2.1,0.4566,-0.1318,0.1462,17.0,10.0,10.0,0.0,0.5882352941176471,,,,,,,,
13,housing,negative,A building showed cracks,A structural problem reinforces urban precarity.,"In a neighborhood with abandoned properties, displaced families, and almost no inspection, a building showed cracks in three apartments.",3.0458333333333334,2.581166666666667,2.946833333333333,NRC v2.1,0.631578947368421,0.5114583333333333,0.3952916666666667,0.4867083333333333,NRC-VAD-Lexicon-v2.1,0.0229166666666666,-0.2094166666666666,-0.0265833333333333,19.0,12.0,12.0,0.0,0.631578947368421,,,,,,,,
14,food,positive,A batch of food was recalled,The recall appears within effective food safety control.,"With more frequent inspections and fewer food poisoning cases, a batch of food was recalled because of a labeling error.",3.035833333333333,2.8728333333333333,2.836666666666667,NRC v2.1,0.7,0.5089583333333333,0.46820833333333334,0.4591666666666667,NRC-VAD-Lexicon-v2.1,0.0179166666666666,-0.0635833333333333,-0.0816666666666666,20.0,14.0,12.0,2.0,0.7,,,,,,,,
14,food,negative,A batch of food was recalled,The recall appears within food safety insecurity.,"After contamination reports, fined markets, and hospitalized consumers, a batch of food was recalled because of a labeling error.",2.7734,2.7596,2.5362,NRC v2.1,0.5789473684210527,0.44335,0.43989999999999996,0.38405,NRC-VAD-Lexicon-v2.1,-0.1133,-0.1202,-0.2319,19.0,11.0,10.0,1.0,0.5789473684210527,,,,,,,,
15,weather,positive,A storm flooded two streets,A local flood contrasts with climate preparedness.,"Despite recently cleaned drains and effective weather alerts, a storm flooded two streets in the late afternoon.",2.993777777777778,3.1493333333333333,3.1744444444444446,NRC v2.1,0.5882352941176471,0.49844444444444447,0.5373333333333333,0.5436111111111112,NRC-VAD-Lexicon-v2.1,-0.0031111111111111,0.0746666666666666,0.0872222222222222,17.0,10.0,9.0,1.0,0.5882352941176471,,,,,,,,
15,weather,negative,A storm flooded two streets,A local flood reinforces climate vulnerability.,"With poor drainage, families already displaced, and more storms in the forecast, a storm flooded two streets in the late afternoon.",2.983,2.7278333333333333,2.870833333333333,NRC v2.1,0.6190476190476191,0.49575,0.43195833333333333,0.4677083333333333,NRC-VAD-Lexicon-v2.1,-0.0085,-0.1360833333333333,-0.0645833333333333,21.0,13.0,12.0,1.0,0.6190476190476191,,,,,,,,
16,politics,positive,A vote was suspended,A political suspension occurs in a stable institutional environment.,"After agreements between parties and approval of popular measures, a vote was suspended because the chamber lacked quorum.",3.3607692307692307,3.055384615384616,3.178769230769231,NRC v2.1,0.7222222222222222,0.5901923076923077,0.513846153846154,0.5446923076923077,NRC-VAD-Lexicon-v2.1,0.1803846153846154,0.0276923076923076,0.0893846153846153,18.0,13.0,13.0,0.0,0.7222222222222222,,,,,,,,
16,politics,negative,A vote was suspended,A political suspension occurs in a conflicted institutional environment.,"Amid mutual accusations, protests outside the chamber, and stalled essential bills, a vote was suspended because the chamber lacked quorum.",3.175666666666667,2.6853333333333333,2.962333333333333,NRC v2.1,0.6,0.5439166666666667,0.42133333333333334,0.49058333333333326,NRC-VAD-Lexicon-v2.1,0.0878333333333333,-0.1573333333333333,-0.0188333333333333,20.0,12.0,12.0,0.0,0.6,,,,,,,,
17,energy,positive,A substation had a technical failure,An energy failure contrasts with system expansion and stability.,"Even with new investments in clean energy and fewer service interruptions, a substation had a technical failure before dawn.",3.339636363636364,2.8305454545454545,2.9487272727272726,NRC v2.1,0.631578947368421,0.584909090909091,0.4576363636363636,0.48718181818181816,NRC-VAD-Lexicon-v2.1,0.1698181818181818,-0.0847272727272727,-0.0256363636363636,19.0,12.0,11.0,1.0,0.631578947368421,,,,,,,,
17,energy,negative,A substation had a technical failure,An energy failure reinforces system instability.,"After frequent blackouts, higher bills, and damaged appliances in several homes, a substation had a technical failure before dawn.",3.087,2.843,2.873,NRC v2.1,0.631578947368421,0.52175,0.46075,0.46825000000000006,NRC-VAD-Lexicon-v2.1,0.0434999999999999,-0.0785,-0.0635,19.0,12.0,12.0,0.0,0.631578947368421,,,,,,,,
18,tourism,positive,A hotel canceled reservations,A cancellation contrasts with a strong tourist season.,"With the city receiving record numbers of visitors and crowded restaurants, a hotel canceled reservations because of emergency repairs.",3.2176,2.972,3.0116,NRC v2.1,0.6842105263157895,0.5544,0.493,0.5029,NRC-VAD-Lexicon-v2.1,0.1088,-0.0139999999999999,0.0057999999999999,19.0,13.0,10.0,3.0,0.6842105263157895,,,,,,,,
18,tourism,negative,A hotel canceled reservations,A cancellation reinforces the decline of local tourism.,"After months of empty beaches, closing businesses, and complaints about infrastructure, a hotel canceled reservations because of emergency repairs.",3.0788,2.9348,2.7942,NRC v2.1,0.5789473684210527,0.5197,0.4837,0.44855,NRC-VAD-Lexicon-v2.1,0.0394,-0.0326,-0.1029,19.0,11.0,10.0,1.0,0.5789473684210527,,,,,,,,
19,justice,positive,A hearing was rescheduled,A court delay occurs during administrative improvement.,"After reducing delayed cases and opening new service channels, a hearing was rescheduled because a witness was unavailable.",3.209,2.8641666666666667,2.889,NRC v2.1,0.6666666666666666,0.55225,0.4660416666666667,0.47224999999999995,NRC-VAD-Lexicon-v2.1,0.1045,-0.0679166666666666,-0.0555,18.0,12.0,12.0,0.0,0.6666666666666666,,,,,,,,
19,justice,negative,A hearing was rescheduled,A court delay occurs during slowness and frustration.,"With long lines, stalled cases, and families waiting years for answers, a hearing was rescheduled because a witness was unavailable.",3.1214285714285714,2.640571428571429,2.9122857142857144,NRC v2.1,0.7,0.5303571428571429,0.41014285714285725,0.4780714285714286,NRC-VAD-Lexicon-v2.1,0.0607142857142857,-0.1797142857142857,-0.0438571428571428,20.0,14.0,14.0,0.0,0.7,,,,,,,,
20,community,positive,A community fair lost stalls,A local loss contrasts with positive community mobilization.,"Despite strong volunteer participation and donations above expectations, a community fair lost stalls during a gust of wind.",3.393,3.0862857142857143,3.2368571428571427,NRC v2.1,0.7777777777777778,0.59825,0.5215714285714286,0.5592142857142857,NRC-VAD-Lexicon-v2.1,0.1964999999999999,0.0431428571428571,0.1184285714285714,18.0,14.0,14.0,0.0,0.7777777777777778,,,,,,,,
20,community,negative,A community fair lost stalls,A local loss reinforces community fragility.,"After lack of public support, falling donations, and conflicts among organizers, a community fair lost stalls during a gust of wind.",3.061733333333333,3.008,2.9650666666666665,NRC v2.1,0.7619047619047619,0.5154333333333333,0.502,0.49126666666666663,NRC-VAD-Lexicon-v2.1,0.0308666666666666,0.004,-0.0174666666666666,21.0,16.0,15.0,1.0,0.7619047619047619,,,,,,,,
1,animals,positive,A dog died,A broadly positive context softens the negative focal event.,"Although the country reported better animal welfare indicators and expanded adoption campaigns, a dog died after failing to survive emergency surgery.",2.9773888888888886,2.5648432539682537,3.066960317460317,MEmoLon MTL_grouped,1.0,0.49434722222222216,0.39121081349206344,0.5167400793650793,MEmoLon-MTL_grouped,,,,,,,,,4.954777777777777,4.129686507936508,5.133920634920635,21.0,21.0,21.0,0.0,1.0
1,animals,negative,A dog died,A broadly negative context intensifies the negative focal event.,"Amid rising animal abandonment and a shortage of public veterinary care in the region, a dog died after failing to survive emergency surgery.",2.9518913043478263,2.570813405797101,3.0378985507246377,MEmoLon MTL_grouped,1.0,0.4879728260869566,0.39270335144927526,0.5094746376811594,MEmoLon-MTL_grouped,,,,,,,,,4.903782608695653,4.141626811594203,5.075797101449275,23.0,23.0,23.0,0.0,1.0
2,health,positive,A hospital lost power for one hour,Recent health improvements surround a problematic event.,"Even after a week of shorter waiting lines and newly opened hospital beds, a hospital lost power for one hour during unexpected maintenance.",3.0479658385093167,2.484787008281573,3.108934265010352,MEmoLon MTL_grouped,1.0,0.5119914596273292,0.37119675207039327,0.527233566252588,MEmoLon-MTL_grouped,,,,,,,,,5.095931677018633,3.969574016563147,5.217868530020704,23.0,23.0,23.0,0.0,1.0
2,health,negative,A hospital lost power for one hour,A health crisis surrounds the same problematic event.,"At the height of a crisis with patients waiting in corridors and exhausted medical teams, a hospital lost power for one hour during unexpected maintenance.",3.021328571428572,2.530079047619048,3.08706119047619,MEmoLon MTL_grouped,1.0,0.505332142857143,0.382519761904762,0.5217652976190476,MEmoLon-MTL_grouped,,,,,,,,,5.042657142857143,4.060158095238095,5.17412238095238,25.0,25.0,25.0,0.0,1.0
3,education,positive,A school canceled Friday classes,A one-day cancellation appears inside a favorable education scenario.,"After reaching a record approval rate and receiving new laboratories, a school canceled Friday classes to repair the electrical system.",3.1264166666666666,2.463864583333333,3.1725416666666666,MEmoLon MTL_grouped,1.0,0.5316041666666667,0.3659661458333332,0.5431354166666666,MEmoLon-MTL_grouped,,,,,,,,,5.252833333333333,3.9277291666666665,5.345083333333333,20.0,20.0,20.0,0.0,1.0
3,education,negative,A school canceled Friday classes,The cancellation appears as part of a deteriorating education scenario.,"After months of teacher shortages, damaged classrooms, and falling student attendance, a school canceled Friday classes to repair the electrical system.",2.9894841269841272,2.479188492063492,3.059079365079365,MEmoLon MTL_grouped,1.0,0.4973710317460318,0.369797123015873,0.5147698412698413,MEmoLon-MTL_grouped,,,,,,,,,4.978968253968255,3.958376984126984,5.11815873015873,21.0,21.0,21.0,0.0,1.0
4,economy,positive,A factory laid off 30 workers,Local layoffs contrast with broader economic improvement.,"Despite thousands of new jobs across the state and rising average income, a factory laid off 30 workers because of an equipment replacement.",3.142235507246377,2.487567028985507,3.18236231884058,MEmoLon MTL_grouped,1.0,0.5355588768115942,0.3718917572463768,0.545590579710145,MEmoLon-MTL_grouped,,,,,,,,,5.284471014492754,3.9751340579710144,5.364724637681159,23.0,23.0,23.0,0.0,1.0
4,economy,negative,A factory laid off 30 workers,Local layoffs reinforce a weak economic scenario.,"With the city already facing closed stores, growing debt, and persistent unemployment, a factory laid off 30 workers because of an equipment replacement.",3.0329021739130435,2.492146739130435,3.1113623188405795,MEmoLon MTL_grouped,1.0,0.5082255434782609,0.37303668478260876,0.5278405797101449,MEmoLon-MTL_grouped,,,,,,,,,5.065804347826087,3.9842934782608697,5.222724637681159,23.0,23.0,23.0,0.0,1.0
5,public_safety,positive,A robbery happened downtown,An isolated crime appears in a context of improving safety.,"Even with fewer thefts in the neighborhood and reopened public spaces, a robbery happened downtown on Tuesday night.",3.049023148148148,2.4929050925925926,3.104435185185185,MEmoLon MTL_grouped,1.0,0.512255787037037,0.37322627314814816,0.5261087962962963,MEmoLon-MTL_grouped,,,,,,,,,5.098046296296296,3.985810185185185,5.20887037037037,18.0,18.0,18.0,0.0,1.0
5,public_safety,negative,A robbery happened downtown,The same crime appears inside an escalation of insecurity.,"After a sequence of assaults, fear among shopkeepers, and insufficient patrols, a robbery happened downtown on Tuesday night.",2.948328703703704,2.573185185185185,3.0367291666666665,MEmoLon MTL_grouped,1.0,0.48708217592592595,0.39329629629629625,0.5091822916666666,MEmoLon-MTL_grouped,,,,,,,,,4.896657407407407,4.14637037037037,5.073458333333333,18.0,18.0,18.0,0.0,1.0
6,environment,positive,A fire reached a forest area,A local environmental loss contrasts with broader recovery.,"After months of spring restoration and reduced regional deforestation, a fire reached a forest area near the road.",3.0945555555555555,2.49105787037037,3.127275462962963,MEmoLon MTL_grouped,1.0,0.5236388888888889,0.3727644675925925,0.5318188657407408,MEmoLon-MTL_grouped,,,,,,,,,5.189111111111111,3.9821157407407406,5.254550925925926,18.0,18.0,18.0,0.0,1.0
6,environment,negative,A fire reached a forest area,The environmental loss reinforces a critical ecological situation.,"In a region marked by severe drought, constant smoke, and biodiversity loss, a fire reached a forest area near the road.",3.0288849206349204,2.516251984126984,3.0801924603174604,MEmoLon MTL_grouped,1.0,0.5072212301587301,0.379062996031746,0.5200481150793651,MEmoLon-MTL_grouped,,,,,,,,,5.057769841269841,4.032503968253968,5.160384920634921,21.0,21.0,21.0,0.0,1.0
7,transport,positive,A bus broke down in the morning,A transport failure occurs during service improvement.,"In the first month with a renewed fleet, fewer delays, and integrated fares, a bus broke down in the morning on a busy avenue.",3.120824652777778,2.44546875,3.1779166666666665,MEmoLon MTL_grouped,1.0,0.5302061631944445,0.36136718749999996,0.5444791666666666,MEmoLon-MTL_grouped,,,,,,,,,5.241649305555556,3.8909375,5.355833333333333,24.0,24.0,24.0,0.0,1.0
7,transport,negative,A bus broke down in the morning,A transport failure occurs during an already chaotic service period.,"During a week of strikes, overcrowding, and daily passenger complaints, a bus broke down in the morning on a busy avenue.",3.019623015873016,2.486212301587302,3.1105079365079367,MEmoLon MTL_grouped,1.0,0.504905753968254,0.37155307539682547,0.5276269841269842,MEmoLon-MTL_grouped,,,,,,,,,5.039246031746032,3.9724246031746033,5.221015873015873,21.0,21.0,21.0,0.0,1.0
8,technology,positive,An app went offline for two hours,A technical failure contrasts with good user reception.,"After receiving positive user reviews and helping thousands of appointments, an app went offline for two hours because of server instability.",3.1324087301587302,2.525196428571429,3.187289682539683,MEmoLon MTL_grouped,1.0,0.5331021825396826,0.3812991071428572,0.5468224206349207,MEmoLon-MTL_grouped,,,,,,,,,5.2648174603174605,4.050392857142858,5.374579365079366,21.0,21.0,21.0,0.0,1.0
8,technology,negative,An app went offline for two hours,A technical failure reinforces accumulated distrust.,"After data leaks, improper charges, and weeks of user complaints, an app went offline for two hours because of server instability.",2.962170634920635,2.524720238095238,3.0881626984126984,MEmoLon MTL_grouped,1.0,0.4905426587301588,0.3811800595238095,0.5220406746031746,MEmoLon-MTL_grouped,,,,,,,,,4.92434126984127,4.049440476190476,5.176325396825397,21.0,21.0,21.0,0.0,1.0
9,culture,positive,A concert was postponed,A one-off postponement appears within a strong cultural calendar.,"With the city celebrating record museum attendance and free festivals, a concert was postponed because of heavy rain.",3.159564153439153,2.534708664021164,3.1458842592592595,MEmoLon MTL_grouped,1.0,0.5398910383597882,0.383677166005291,0.5364710648148149,MEmoLon-MTL_grouped,,,,,,,,,5.319128306878307,4.069417328042328,5.291768518518519,18.0,18.0,18.0,0.0,1.0
9,culture,negative,A concert was postponed,A one-off postponement appears within a weakened cultural calendar.,"After theater closures, funding cuts, and poor ticket sales, a concert was postponed because of heavy rain.",2.9971610644257707,2.4974243697478995,3.0772230392156863,MEmoLon MTL_grouped,1.0,0.49929026610644267,0.3743560924369749,0.5193057598039216,MEmoLon-MTL_grouped,,,,,,,,,4.994322128851541,3.994848739495799,5.154446078431373,17.0,17.0,17.0,0.0,1.0
10,sports,positive,A player was injured during training,An individual injury contrasts with a winning sports moment.,"Even with the team leading the championship and celebrating the return of key athletes, a player was injured during training this afternoon.",3.139483225108225,2.548291937229437,3.200530844155844,MEmoLon MTL_grouped,1.0,0.5348708062770563,0.38707298430735926,0.550132711038961,MEmoLon-MTL_grouped,,,,,,,,,5.27896645021645,4.096583874458874,5.401061688311688,22.0,22.0,22.0,0.0,1.0
10,sports,negative,A player was injured during training,An individual injury reinforces a bad sports moment.,"With the team in crisis, consecutive defeats, and a squad reduced by suspensions, a player was injured during training this afternoon.",2.99687925170068,2.535718537414966,3.102687074829932,MEmoLon MTL_grouped,1.0,0.49921981292517004,0.3839296343537415,0.525671768707483,MEmoLon-MTL_grouped,,,,,,,,,4.99375850340136,4.071437074829932,5.205374149659864,21.0,21.0,21.0,0.0,1.0
11,agriculture,positive,A corn harvest had partial losses,An agricultural loss appears inside strong sector results.,"Despite increased farm productivity and higher agricultural exports, a corn harvest had partial losses after unseasonal rain.",3.0661568627450984,2.4812401960784314,3.102639705882353,MEmoLon MTL_grouped,1.0,0.5165392156862746,0.37031004901960785,0.5256599264705882,MEmoLon-MTL_grouped,,,,,,,,,5.132313725490197,3.962480392156863,5.205279411764706,17.0,17.0,17.0,0.0,1.0
11,agriculture,negative,A corn harvest had partial losses,An agricultural loss appears inside a sector crisis.,"With indebted farmers, idle machinery, and prolonged drought in nearby towns, a corn harvest had partial losses after unseasonal rain.",2.9728791666666665,2.4600541666666667,3.0340145833333336,MEmoLon MTL_grouped,1.0,0.49321979166666663,0.36501354166666666,0.5085036458333334,MEmoLon-MTL_grouped,,,,,,,,,4.945758333333333,3.9201083333333337,5.068029166666667,20.0,20.0,20.0,0.0,1.0
12,science,positive,An experiment was interrupted,A scientific interruption contrasts with recent progress.,"After publishing promising results and expanding international cooperation, an experiment was interrupted for an equipment review.",3.1455513392857144,2.5240316220238097,3.210390625,MEmoLon MTL_grouped,1.0,0.5363878348214286,0.3810079055059524,0.55259765625,MEmoLon-MTL_grouped,,,,,,,,,5.291102678571429,4.048063244047619,5.42078125,16.0,16.0,16.0,0.0,1.0
12,science,negative,An experiment was interrupted,A scientific interruption reinforces uncertainty and delay.,"After funding cuts, researchers leaving the project, and repeated schedule delays, an experiment was interrupted for an equipment review.",2.993284461152882,2.4689586466165414,3.0881951754385963,MEmoLon MTL_grouped,1.0,0.49832111528822054,0.36723966165413535,0.5220487938596491,MEmoLon-MTL_grouped,,,,,,,,,4.986568922305764,3.9379172932330833,5.176390350877193,19.0,19.0,19.0,0.0,1.0
13,housing,positive,A building showed cracks,A structural problem contrasts with urban improvement.,"Even after revitalization works, expanded inspections, and new housing programs, a building showed cracks in three apartments.",3.1534803921568626,2.448676470588235,3.220870098039216,MEmoLon MTL_grouped,1.0,0.5383700980392156,0.3621691176470587,0.555217524509804,MEmoLon-MTL_grouped,,,,,,,,,5.306960784313725,3.8973529411764702,5.441740196078432,17.0,17.0,17.0,0.0,1.0
13,housing,negative,A building showed cracks,A structural problem reinforces urban precarity.,"In a neighborhood with abandoned properties, displaced families, and almost no inspection, a building showed cracks in three apartments.",3.1354135338345865,2.4650407268170422,3.1715209899749373,MEmoLon MTL_grouped,1.0,0.5338533834586466,0.36626018170426056,0.5428802474937343,MEmoLon-MTL_grouped,,,,,,,,,5.270827067669173,3.930081453634085,5.3430419799498745,19.0,19.0,19.0,0.0,1.0
14,food,positive,A batch of food was recalled,The recall appears within effective food safety control.,"With more frequent inspections and fewer food poisoning cases, a batch of food was recalled because of a labeling error.",3.0308785714285715,2.5194125,3.1308872023809524,MEmoLon MTL_grouped,1.0,0.5077196428571429,0.379853125,0.5327218005952381,MEmoLon-MTL_grouped,,,,,,,,,5.061757142857143,4.038825,5.261774404761905,20.0,20.0,20.0,0.0,1.0
14,food,negative,A batch of food was recalled,The recall appears within food safety insecurity.,"After contamination reports, fined markets, and hospitalized consumers, a batch of food was recalled because of a labeling error.",2.932043233082706,2.5457788220551376,3.0559934210526314,MEmoLon MTL_grouped,1.0,0.48301080827067655,0.3864447055137844,0.5139983552631578,MEmoLon-MTL_grouped,,,,,,,,,4.864086466165413,4.091557644110275,5.111986842105263,19.0,19.0,19.0,0.0,1.0
15,weather,positive,A storm flooded two streets,A local flood contrasts with climate preparedness.,"Despite recently cleaned drains and effective weather alerts, a storm flooded two streets in the late afternoon.",2.9994117647058824,2.5113602941176474,3.0622303921568625,MEmoLon MTL_grouped,1.0,0.4998529411764706,0.37784007352941185,0.5155575980392156,MEmoLon-MTL_grouped,,,,,,,,,4.998823529411765,4.022720588235295,5.124460784313725,17.0,17.0,17.0,0.0,1.0
15,weather,negative,A storm flooded two streets,A local flood reinforces climate vulnerability.,"With poor drainage, families already displaced, and more storms in the forecast, a storm flooded two streets in the late afternoon.",2.9816071428571425,2.5371485260770976,3.025749716553288,MEmoLon MTL_grouped,1.0,0.4954017857142856,0.3842871315192744,0.506437429138322,MEmoLon-MTL_grouped,,,,,,,,,4.963214285714285,4.074297052154195,5.051499433106576,21.0,21.0,21.0,0.0,1.0
16,politics,positive,A vote was suspended,A political suspension occurs in a stable institutional environment.,"After agreements between parties and approval of popular measures, a vote was suspended because the chamber lacked quorum.",3.0895641534391536,2.4786901455026458,3.172828703703704,MEmoLon MTL_grouped,1.0,0.5223910383597884,0.36967253637566144,0.543207175925926,MEmoLon-MTL_grouped,,,,,,,,,5.179128306878307,3.957380291005291,5.345657407407408,18.0,18.0,18.0,0.0,1.0
16,politics,negative,A vote was suspended,A political suspension occurs in a conflicted institutional environment.,"Amid mutual accusations, protests outside the chamber, and stalled essential bills, a vote was suspended because the chamber lacked quorum.",2.912520238095238,2.497956547619048,3.039322916666667,MEmoLon MTL_grouped,1.0,0.4781300595238095,0.37448913690476204,0.5098307291666667,MEmoLon-MTL_grouped,,,,,,,,,4.825040476190476,3.995913095238096,5.078645833333334,20.0,20.0,20.0,0.0,1.0
17,energy,positive,A substation had a technical failure,An energy failure contrasts with system expansion and stability.,"Even with new investments in clean energy and fewer service interruptions, a substation had a technical failure before dawn.",3.1435789473684213,2.4812412280701754,3.206703947368421,MEmoLon MTL_grouped,1.0,0.5358947368421053,0.37031030701754386,0.5516759868421053,MEmoLon-MTL_grouped,,,,,,,,,5.2871578947368425,3.962482456140351,5.413407894736842,19.0,19.0,19.0,0.0,1.0
17,energy,negative,A substation had a technical failure,An energy failure reinforces system instability.,"After frequent blackouts, higher bills, and damaged appliances in several homes, a substation had a technical failure before dawn.",2.9986666666666664,2.499421052631579,3.0792916666666663,MEmoLon MTL_grouped,1.0,0.4996666666666666,0.37485526315789475,0.5198229166666666,MEmoLon-MTL_grouped,,,,,,,,,4.997333333333333,3.9988421052631575,5.158583333333333,19.0,19.0,19.0,0.0,1.0
18,tourism,positive,A hotel canceled reservations,A cancellation contrasts with a strong tourist season.,"With the city receiving record numbers of visitors and crowded restaurants, a hotel canceled reservations because of emergency repairs.",3.0725570175438595,2.5166732456140357,3.113855263157894,MEmoLon MTL_grouped,1.0,0.5181392543859649,0.37916831140350893,0.5284638157894735,MEmoLon-MTL_grouped,,,,,,,,,5.145114035087719,4.033346491228071,5.227710526315789,19.0,19.0,19.0,0.0,1.0
18,tourism,negative,A hotel canceled reservations,A cancellation reinforces the decline of local tourism.,"After months of empty beaches, closing businesses, and complaints about infrastructure, a hotel canceled reservations because of emergency repairs.",3.005912280701754,2.5159166666666666,3.0720679824561405,MEmoLon MTL_grouped,1.0,0.5014780701754386,0.37897916666666664,0.5180169956140351,MEmoLon-MTL_grouped,,,,,,,,,5.011824561403508,4.031833333333333,5.144135964912281,19.0,19.0,19.0,0.0,1.0
19,justice,positive,A hearing was rescheduled,A court delay occurs during administrative improvement.,"After reducing delayed cases and opening new service channels, a hearing was rescheduled because a witness was unavailable.",2.955549603174603,2.465972883597884,3.0510208333333333,MEmoLon MTL_grouped,1.0,0.4888874007936508,0.366493220899471,0.5127552083333333,MEmoLon-MTL_grouped,,,,,,,,,4.911099206349206,3.931945767195768,5.102041666666667,18.0,18.0,18.0,0.0,1.0
19,justice,negative,A hearing was rescheduled,A court delay occurs during slowness and frustration.,"With long lines, stalled cases, and families waiting years for answers, a hearing was rescheduled because a witness was unavailable.",2.966473809523809,2.4424901785714286,3.0422625,MEmoLon MTL_grouped,1.0,0.49161845238095225,0.36062254464285715,0.510565625,MEmoLon-MTL_grouped,,,,,,,,,4.932947619047619,3.884980357142857,5.084525,20.0,20.0,20.0,0.0,1.0
20,community,positive,A community fair lost stalls,A local loss contrasts with positive community mobilization.,"Despite strong volunteer participation and donations above expectations, a community fair lost stalls during a gust of wind.",3.255949074074074,2.4931157407407407,3.274585648148148,MEmoLon MTL_grouped,1.0,0.5639872685185185,0.3732789351851852,0.568646412037037,MEmoLon-MTL_grouped,,,,,,,,,5.511898148148148,3.9862314814814814,5.549171296296296,18.0,18.0,18.0,0.0,1.0
20,community,negative,A community fair lost stalls,A local loss reinforces community fragility.,"After lack of public support, falling donations, and conflicts among organizers, a community fair lost stalls during a gust of wind.",3.111984126984127,2.499230158730158,3.165390873015873,MEmoLon MTL_grouped,1.0,0.5279960317460317,0.37480753968253955,0.5413477182539682,MEmoLon-MTL_grouped,,,,,,,,,5.223968253968254,3.998460317460317,5.330781746031746,21.0,21.0,21.0,0.0,1.0
