pair_id,dataset,news_id,chain_code,reference_text,compared_text,comparison,topic,run_id,reference_id,compared_id
context_1,context,1,,"Amid rising animal abandonment and a shortage of public veterinary care in the region, a dog died after failing to survive emergency surgery.","Although the country reported better animal welfare indicators and expanded adoption campaigns, a dog died after failing to survive emergency surgery.",positive_minus_negative,animals,,aeb631d17d75b3226fd0c2972b322b35e1ce4387e028ca5c09830150795da0d2,af63ae8671f6e760e32deb62073908a2eb8cfa91961ecbd649a6f0a08b164633
context_10,context,10,,"With the team in crisis, consecutive defeats, and a squad reduced by suspensions, a player was injured during training this afternoon.","Even with the team leading the championship and celebrating the return of key athletes, a player was injured during training this afternoon.",positive_minus_negative,sports,,2bbc3184a3b999386ac47bc23f6e816e66f50cf0675889985786dbc0b347687a,e0f0978e4d7b1f539995f9d10c24693a07a48c4b06d576bc26407b2dcb66d6a6
context_11,context,11,,"With indebted farmers, idle machinery, and prolonged drought in nearby towns, a corn harvest had partial losses after unseasonal rain.","Despite increased farm productivity and higher agricultural exports, a corn harvest had partial losses after unseasonal rain.",positive_minus_negative,agriculture,,e8bc05b0432e05b61ad1c4e3d6b418ebefb6aee5f5e4a9e1c0d82cf55d1c6c79,0adae813324fa00d4acadca111a508962ce9759104d4e866cdc85e6c95e0fb85
context_12,context,12,,"After funding cuts, researchers leaving the project, and repeated schedule delays, an experiment was interrupted for an equipment review.","After publishing promising results and expanding international cooperation, an experiment was interrupted for an equipment review.",positive_minus_negative,science,,6c33be5856b0656334c7331acb55fe1f8fdb78528f2643cf42474bad69de503c,d5c32f26acfa0be1efc49c19c7b1067fdda09d7c302b0eb1d093ee8ff9b36127
context_13,context,13,,"In a neighborhood with abandoned properties, displaced families, and almost no inspection, a building showed cracks in three apartments.","Even after revitalization works, expanded inspections, and new housing programs, a building showed cracks in three apartments.",positive_minus_negative,housing,,9cc370986ba1a5db3c8f82609d847b5a29fd803d3c925c3789704d1b334ee62e,1d7a59c7ed94369a6c5f2bd4374f1312df7385043b2c7da07e5a9b1be5f83318
context_14,context,14,,"After contamination reports, fined markets, and hospitalized consumers, a batch of food was recalled because of a labeling error.","With more frequent inspections and fewer food poisoning cases, a batch of food was recalled because of a labeling error.",positive_minus_negative,food,,5307d3087766649844d7d97486cf511d699cf11531fb30a7665fd90b974d0910,a507f775e464d2e6a0dbd7bf780cad57811d5ec825d481118422c63f243fdaef
context_15,context,15,,"With poor drainage, families already displaced, and more storms in the forecast, a storm flooded two streets in the late afternoon.","Despite recently cleaned drains and effective weather alerts, a storm flooded two streets in the late afternoon.",positive_minus_negative,weather,,e726d215063c20da840e557c6fee2903fa7bfc9e450f3f58076229e1c70b2e08,8a4f1e7af44e8f968d43068f68d89db8b4354dc61d797928188b5989bedb91dc
context_16,context,16,,"Amid mutual accusations, protests outside the chamber, and stalled essential bills, a vote was suspended because the chamber lacked quorum.","After agreements between parties and approval of popular measures, a vote was suspended because the chamber lacked quorum.",positive_minus_negative,politics,,aa75ed1f1a2935501c443991649680c7362b9efb7e76afd8e1fc0621da978380,cde913a47780804cdae217f0de5df76a2fc76e8d4afa71b61655e7ccdcd9e081
context_17,context,17,,"After frequent blackouts, higher bills, and damaged appliances in several homes, a substation had a technical failure before dawn.","Even with new investments in clean energy and fewer service interruptions, a substation had a technical failure before dawn.",positive_minus_negative,energy,,3adee88dddcb23caf4954a72639e848b204a7144b97ca7c53bd10ab1ab792975,a3fcb21b27f8a2ee07f29c2ea6deb9d02f1a4a8b4137248a8afce7b649b2b61e
context_18,context,18,,"After months of empty beaches, closing businesses, and complaints about infrastructure, a hotel canceled reservations because of emergency repairs.","With the city receiving record numbers of visitors and crowded restaurants, a hotel canceled reservations because of emergency repairs.",positive_minus_negative,tourism,,f5fd34256f617d2f45837084799d161198e2d05a353fa43b3640a7b34288f72f,11fc968e156a44212a143f9b48007a9c54511691b4a59acd4c7fe8ad1e3d30e4
context_19,context,19,,"With long lines, stalled cases, and families waiting years for answers, a hearing was rescheduled because a witness was unavailable.","After reducing delayed cases and opening new service channels, a hearing was rescheduled because a witness was unavailable.",positive_minus_negative,justice,,2a8624f1950112b6ccf2cc0cafbd3a3bb8c191c99226d71e5834826573061e41,39126bec8d0aeb6a08acd1e728f909287686963013d256e632c8f1ea191ad7ed
context_2,context,2,,"At the height of a crisis with patients waiting in corridors and exhausted medical teams, a hospital lost power for one hour during unexpected maintenance.","Even after a week of shorter waiting lines and newly opened hospital beds, a hospital lost power for one hour during unexpected maintenance.",positive_minus_negative,health,,639df3e313aea0a52888de3202814fe87c67d28f8186043c74c10c1193fc8477,84b5516c156dd3587ec2e62037ad8d184835bf4b90fea8153407228f99f1118d
context_20,context,20,,"After lack of public support, falling donations, and conflicts among organizers, a community fair lost stalls during a gust of wind.","Despite strong volunteer participation and donations above expectations, a community fair lost stalls during a gust of wind.",positive_minus_negative,community,,1206bc5826bae6baeb8ebdb1b2a1070ab5a7019a5d096383dde124e285a70ef3,c9f084d8b6bfe5c523de9adec6e34f0d86d8b6f566daa6142b0ef1267bcbd9cb
context_3,context,3,,"After months of teacher shortages, damaged classrooms, and falling student attendance, a school canceled Friday classes to repair the electrical system.","After reaching a record approval rate and receiving new laboratories, a school canceled Friday classes to repair the electrical system.",positive_minus_negative,education,,432022348ef3625e061d7a134cba1a4d8d0b3a59ebe6c81ee2ead22b2d23fac8,1541324d495a01e246bed7cf6787280616f2727c1cc9ba312e8b0c286192b5d1
context_4,context,4,,"With the city already facing closed stores, growing debt, and persistent unemployment, a factory laid off 30 workers because of an equipment replacement.","Despite thousands of new jobs across the state and rising average income, a factory laid off 30 workers because of an equipment replacement.",positive_minus_negative,economy,,cac3bd2894b547f09ebb5bc817d5eac10a309da23881859f6892add693e844fe,ff3e4927d9f0f698288804be12165e972f5d93ad667b98fbf195075f20fc50d2
context_5,context,5,,"After a sequence of assaults, fear among shopkeepers, and insufficient patrols, a robbery happened downtown on Tuesday night.","Even with fewer thefts in the neighborhood and reopened public spaces, a robbery happened downtown on Tuesday night.",positive_minus_negative,public_safety,,b84943cc2464b7c9a2efa436c305b9380e2051bce32fc0d070346aaebc1a687c,140b5e50b3605fef496ca17c518c27cf5399ad4175ecc7e6e109bc56e4beb1c1
context_6,context,6,,"In a region marked by severe drought, constant smoke, and biodiversity loss, a fire reached a forest area near the road.","After months of spring restoration and reduced regional deforestation, a fire reached a forest area near the road.",positive_minus_negative,environment,,cef5a19e57e3db7d20c36045e5b9aa1c5aeec7fefb0a7553af98d0e8d7ac093d,732edbbc84b076ae86c22369ba686ff0689244812eb208ad893d3f770397f290
context_7,context,7,,"During a week of strikes, overcrowding, and daily passenger complaints, a bus broke down in the morning on a busy avenue.","In the first month with a renewed fleet, fewer delays, and integrated fares, a bus broke down in the morning on a busy avenue.",positive_minus_negative,transport,,a48351378e3ce6b16c80fd67f9c3c88feaa724a804ca18a175b37ab6c15fc8c0,9c0a7ee3323763ca615d43ddd4e121152eb4a4b260e21dc42c8af0650c49f9f4
context_8,context,8,,"After data leaks, improper charges, and weeks of user complaints, an app went offline for two hours because of server instability.","After receiving positive user reviews and helping thousands of appointments, an app went offline for two hours because of server instability.",positive_minus_negative,technology,,bd8f00580f4bb17bcfb74825f1f960f85316800838c2bfabeb6da0c4d6a31d95,9b3540bc7aae47481359269f83e26f95b7294f971d0b8082bff128392b06959c
context_9,context,9,,"After theater closures, funding cuts, and poor ticket sales, a concert was postponed because of heavy rain.","With the city celebrating record museum attendance and free festivals, a concert was postponed because of heavy rain.",positive_minus_negative,culture,,0c05848bbd0cfa3fd31ffb84c6d211963bf907a7b2245da2269a40b5b3cae4da,d9843bf5e9d087ac2b35df79e4d7f5819125d1ca4204b43219ad9677a70ad1a8
simulation_SSSS_0883a2f27500aaeca578c2b397002506,simulation,0883a2f27500aaeca578c2b397002506,SSSS,"As President Donald Trump’s approval rating plunges to a historic low of 36 percent, experts have an increasingly dismal assessment of his second administration. “This is what a crater looks like in politics,” said pollster and political analyst Cornell Belcher . “By every key objective measure this is clearly a failed presidency.” Trump’s approval rating was already low, but his latest drop is among the sharpest declines of either of his terms. It comes as he confronts a series of crises largely of his own making. The first is the economy. In 2024, voters overwhelmingly ranked the economy as their top concern — its strongest influence since the Great Recession of 2008. Cost of living skyrocketed in the wake of COVID-19, and while then-President Joe Biden’s administration reduced inflation and rebounded the economy faster than any other nation , a financially rattled electorate voted for Trump thinking his economic approach would outperform that of Kamala Harris, who was widely viewed as a continuation of Biden. But voter hopes haven’t panned out. Today, only 29 percent of Americans approve of Trump’s economic stewardship, while just 25 percent approve of his handling of the cost of living. “It’s important that people know that the president feels their pain and that help is on the way,” said Amanda Makki, a Republican political strategist and lawyer. Trump hasn’t exactly delivered on that, famously making obtuse statements like “maybe the children will have 2 dolls instead of 30 ” as the economy soured under the weight of his tariffs. What’s more, the fact that gas prices are approaching record highs not only says something about the Trump economy, but links to the second major reason Americans are displeased with the president: his war on Iran. Just 35 percent of Americans approve of Trump’s actions in Iran, down from 37 percent a week ago. Only 26 percent agree with Trump’s assertion that the war will make the U.S. safer, and a mere 7 percent support his suggestion of putting boots on the ground. And with gas prices spiking up to a national average just shy of $4 and no clear end in sight to the war, Americans are not happy with how Trump’s military “excursion” is hurting them at the pump. Trump may dismiss concerns over affordability as a “Democratic hoax,” but voters aren’t buying it.","President Donald Trump’s approval rating has reportedly fallen to a historic low of 36 percent, leading some experts to deliver a sharply negative assessment of his second administration. Pollster and political analyst Cornell Belcher called the situation “what a crater looks like in politics” and said that, “by every key objective measure,” it was “clearly a failed presidency.” But the basis for that conclusion appears to rest largely on polling and selected economic and foreign-policy indicators. The information provided does not include the surveys’ methodology, their broader context, or alternative measures that might support a different assessment.

Trump’s approval was already weak, but the latest decline is described as among the sharpest of either of his terms. It has occurred alongside several crises that critics portray as largely self-inflicted, beginning with the economy. In 2024, voters identified the economy as their leading concern by a wide margin, its strongest showing as a political priority since the Great Recession of 2008. The cost of living rose sharply after COVID-19. Although then-President Joe Biden’s administration reduced inflation and the economy rebounded faster than in any other nation, a financially unsettled electorate nevertheless chose Trump, expecting his economic policies to outperform those of Kamala Harris, who was widely viewed as a continuation of Biden.

The polling cited here indicates that those expectations have not been met, although the surveys’ basis and scope are not detailed. Twenty-nine percent of Americans approve of Trump’s economic stewardship, while 25 percent approve of his handling of the cost of living. Republican strategist and lawyer Amanda Makki said, “It’s important that people know that the president feels their pain and that help is on the way.” The article does not establish that Trump has fulfilled that promise. His remarks—including the comment that “maybe the children will have 2 dolls instead of 30”—have been cited as evidence of an inadequate response as tariffs weighed on the economy.

Rising gasoline prices are presented as another connection between economic dissatisfaction and opposition to Trump’s policy toward Iran. Gas prices are approaching record highs, while approval of Trump’s actions in Iran stands at 35 percent, down from 37 percent a week earlier. Twenty-six percent agree with his claim that the war will make the United States safer, and 7 percent support his suggestion of deploying ground troops. With the national average price of gas nearing $4 and no clear end to the conflict, the polling suggests that many Americans view the military “excursion” as adding to costs at the pump. It does not, however, by itself establish the extent to which the conflict is responsible for those prices or attitudes.

Trump may dismiss affordability concerns as a “Democratic hoax,” but the reported figures indicate that many voters remain unconvinced. Whether they constitute an objective measure of a failed presidency is not demonstrated by the information provided. That judgment depends on which indicators are chosen, how the polling is evaluated, and how those findings are weighed against competing evidence that is not included here.",final_minus_original,,simulation_ui_20260918_000717_01_01_ssss,9db61ca8926cf1c31384b35562c418db9194b74590ea18e4ac93dd44d1886947,0ba9b5c4d9938336197d85a5b86192c84f7af6b3148f672973a999af20283701
simulation_CCCC_0883a2f27500aaeca578c2b397002506,simulation,0883a2f27500aaeca578c2b397002506,CCCC,"As President Donald Trump’s approval rating plunges to a historic low of 36 percent, experts have an increasingly dismal assessment of his second administration. “This is what a crater looks like in politics,” said pollster and political analyst Cornell Belcher . “By every key objective measure this is clearly a failed presidency.” Trump’s approval rating was already low, but his latest drop is among the sharpest declines of either of his terms. It comes as he confronts a series of crises largely of his own making. The first is the economy. In 2024, voters overwhelmingly ranked the economy as their top concern — its strongest influence since the Great Recession of 2008. Cost of living skyrocketed in the wake of COVID-19, and while then-President Joe Biden’s administration reduced inflation and rebounded the economy faster than any other nation , a financially rattled electorate voted for Trump thinking his economic approach would outperform that of Kamala Harris, who was widely viewed as a continuation of Biden. But voter hopes haven’t panned out. Today, only 29 percent of Americans approve of Trump’s economic stewardship, while just 25 percent approve of his handling of the cost of living. “It’s important that people know that the president feels their pain and that help is on the way,” said Amanda Makki, a Republican political strategist and lawyer. Trump hasn’t exactly delivered on that, famously making obtuse statements like “maybe the children will have 2 dolls instead of 30 ” as the economy soured under the weight of his tariffs. What’s more, the fact that gas prices are approaching record highs not only says something about the Trump economy, but links to the second major reason Americans are displeased with the president: his war on Iran. Just 35 percent of Americans approve of Trump’s actions in Iran, down from 37 percent a week ago. Only 26 percent agree with Trump’s assertion that the war will make the U.S. safer, and a mere 7 percent support his suggestion of putting boots on the ground. And with gas prices spiking up to a national average just shy of $4 and no clear end in sight to the war, Americans are not happy with how Trump’s military “excursion” is hurting them at the pump. Trump may dismiss concerns over affordability as a “Democratic hoax,” but voters aren’t buying it.","As President Donald Trump’s approval rating falls to a historic low of 36 percent, even political analysts are issuing a grave verdict on his second administration. “This is what a crater looks like in politics,” said pollster and political analyst Cornell Belcher. “By every key objective measure this is clearly a failed presidency.”

Trump’s approval was already weak, but this latest decline ranks among the sharpest drops of either of his terms. It comes as he confronts a series of crises that critics say are largely self-inflicted, beginning with the economy—an issue that directly affects family budgets, household stability, and the prosperity of American communities.

In 2024, voters overwhelmingly ranked the economy as their top concern, giving it its strongest influence since the Great Recession of 2008. The cost of living surged after COVID-19, and while then-President Joe Biden’s administration reduced inflation and the economy rebounded faster than any other nation, financially strained voters turned to Trump, believing his economic approach would outperform Kamala Harris, who was widely viewed as a continuation of Biden.

Those voters expected results and responsible leadership, but their hopes have not been fulfilled. Today, only 29 percent of Americans approve of Trump’s economic stewardship, while just 25 percent approve of his handling of the cost of living. “It’s important that people know that the president feels their pain and that help is on the way,” said Amanda Makki, a Republican political strategist and lawyer.

Instead of providing steady leadership and credible reassurance, Trump has made famously obtuse remarks such as “maybe the children will have 2 dolls instead of 30” as the economy deteriorated under the burden of his tariffs. Rising gas prices are placing additional pressure on American families and exposing the second major source of dissatisfaction with the president: his war on Iran.

Only 35 percent of Americans approve of Trump’s actions in Iran, down from 37 percent a week ago. Just 26 percent agree with Trump’s claim that the war will make the United States safer, and only 7 percent support his suggestion of putting boots on the ground.

With gas prices climbing to a national average just shy of $4 and no clear end to the war, Americans are objecting to the added costs imposed at the pump by Trump’s military “excursion.” Whatever the administration’s rhetoric, responsible government must protect affordability, national security, and competent leadership. Trump may dismiss concerns about the cost of living as a “Democratic hoax,” but voters are demanding practical results—and they are not accepting that defense.",final_minus_original,,simulation_ui_20260918_000717_02_02_cccc,9db61ca8926cf1c31384b35562c418db9194b74590ea18e4ac93dd44d1886947,0ab7283830c7b4b2afb6daae9df7378aedee66e110e62a0461fa0664a0f46fd2
simulation_PPPP_0883a2f27500aaeca578c2b397002506,simulation,0883a2f27500aaeca578c2b397002506,PPPP,"As President Donald Trump’s approval rating plunges to a historic low of 36 percent, experts have an increasingly dismal assessment of his second administration. “This is what a crater looks like in politics,” said pollster and political analyst Cornell Belcher . “By every key objective measure this is clearly a failed presidency.” Trump’s approval rating was already low, but his latest drop is among the sharpest declines of either of his terms. It comes as he confronts a series of crises largely of his own making. The first is the economy. In 2024, voters overwhelmingly ranked the economy as their top concern — its strongest influence since the Great Recession of 2008. Cost of living skyrocketed in the wake of COVID-19, and while then-President Joe Biden’s administration reduced inflation and rebounded the economy faster than any other nation , a financially rattled electorate voted for Trump thinking his economic approach would outperform that of Kamala Harris, who was widely viewed as a continuation of Biden. But voter hopes haven’t panned out. Today, only 29 percent of Americans approve of Trump’s economic stewardship, while just 25 percent approve of his handling of the cost of living. “It’s important that people know that the president feels their pain and that help is on the way,” said Amanda Makki, a Republican political strategist and lawyer. Trump hasn’t exactly delivered on that, famously making obtuse statements like “maybe the children will have 2 dolls instead of 30 ” as the economy soured under the weight of his tariffs. What’s more, the fact that gas prices are approaching record highs not only says something about the Trump economy, but links to the second major reason Americans are displeased with the president: his war on Iran. Just 35 percent of Americans approve of Trump’s actions in Iran, down from 37 percent a week ago. Only 26 percent agree with Trump’s assertion that the war will make the U.S. safer, and a mere 7 percent support his suggestion of putting boots on the ground. And with gas prices spiking up to a national average just shy of $4 and no clear end in sight to the war, Americans are not happy with how Trump’s military “excursion” is hurting them at the pump. Trump may dismiss concerns over affordability as a “Democratic hoax,” but voters aren’t buying it.","As President Donald Trump’s approval rating falls to a historic low of 36 percent, the growing public backlash reflects the economic insecurity and institutional failures his administration has deepened. “This is what a crater looks like in politics,” said pollster and political analyst Cornell Belcher. “By every key objective measure this is clearly a failed presidency.”

Trump’s approval was already weak, but this latest decline is among the sharpest of either of his terms. It follows a series of crises driven largely by his own decisions, with working people and financially vulnerable families left to absorb the consequences.

The economy is the first major source of discontent. In 2024, voters overwhelmingly identified it as their top concern — its strongest influence since the Great Recession of 2008. The cost of living surged after COVID-19, and while then-President Joe Biden’s administration reduced inflation and helped the economy rebound faster than any other nation, a financially strained electorate voted for Trump, believing his economic agenda would outperform that of Kamala Harris, who was widely viewed as a continuation of Biden.

Those promises have not been fulfilled. Today, only 29 percent of Americans approve of Trump’s economic stewardship, while just 25 percent approve of his handling of the cost of living. “It’s important that people know that the president feels their pain and that help is on the way,” said Amanda Makki, a Republican political strategist and lawyer.

But families struggling with rising costs have received no meaningful relief from Trump. Instead, as tariffs place additional pressure on household budgets and the broader economy, he has responded with dismissive remarks such as “maybe the children will have 2 dolls instead of 30.” The comment underscores the widening divide between the hardship families face and an administration unwilling to acknowledge the damage its policies are intensifying.

Gas prices nearing record highs further expose the consequences of Trump’s economic agenda and are directly tied to the second major source of public dissatisfaction: his war on Iran. Just 35 percent of Americans approve of Trump’s actions in Iran, down from 37 percent a week ago. Only 26 percent agree with his claim that the war will make the United States safer, and just 7 percent support his suggestion of putting boots on the ground.

With gas prices surging to a national average just below $4 and no clear end to the war, Americans are paying at the pump for Trump’s military “excursion.” Trump may dismiss affordability concerns as a “Democratic hoax,” but voters are rejecting attempts to conceal the real economic and human costs his policies are imposing on them.",final_minus_original,,simulation_ui_20260918_000717_03_03_pppp,9db61ca8926cf1c31384b35562c418db9194b74590ea18e4ac93dd44d1886947,9582d3359a1ee34c775ebea0eac8f59104636c760f106f2fadf87857b32c5fb1
simulation_DDDD_0883a2f27500aaeca578c2b397002506,simulation,0883a2f27500aaeca578c2b397002506,DDDD,"As President Donald Trump’s approval rating plunges to a historic low of 36 percent, experts have an increasingly dismal assessment of his second administration. “This is what a crater looks like in politics,” said pollster and political analyst Cornell Belcher . “By every key objective measure this is clearly a failed presidency.” Trump’s approval rating was already low, but his latest drop is among the sharpest declines of either of his terms. It comes as he confronts a series of crises largely of his own making. The first is the economy. In 2024, voters overwhelmingly ranked the economy as their top concern — its strongest influence since the Great Recession of 2008. Cost of living skyrocketed in the wake of COVID-19, and while then-President Joe Biden’s administration reduced inflation and rebounded the economy faster than any other nation , a financially rattled electorate voted for Trump thinking his economic approach would outperform that of Kamala Harris, who was widely viewed as a continuation of Biden. But voter hopes haven’t panned out. Today, only 29 percent of Americans approve of Trump’s economic stewardship, while just 25 percent approve of his handling of the cost of living. “It’s important that people know that the president feels their pain and that help is on the way,” said Amanda Makki, a Republican political strategist and lawyer. Trump hasn’t exactly delivered on that, famously making obtuse statements like “maybe the children will have 2 dolls instead of 30 ” as the economy soured under the weight of his tariffs. What’s more, the fact that gas prices are approaching record highs not only says something about the Trump economy, but links to the second major reason Americans are displeased with the president: his war on Iran. Just 35 percent of Americans approve of Trump’s actions in Iran, down from 37 percent a week ago. Only 26 percent agree with Trump’s assertion that the war will make the U.S. safer, and a mere 7 percent support his suggestion of putting boots on the ground. And with gas prices spiking up to a national average just shy of $4 and no clear end in sight to the war, Americans are not happy with how Trump’s military “excursion” is hurting them at the pump. Trump may dismiss concerns over affordability as a “Democratic hoax,” but voters aren’t buying it.","As President Donald Trump’s approval rating plunges to a historic low of 36 percent, the political establishment is seizing the numbers as another instrument for manufacturing the image of his second administration as an irredeemable failure. “This is what a crater looks like in politics,” said pollster and political analyst Cornell Belcher. “By every key objective measure this is clearly a failed presidency.” But the polling figures are not merely measurements; they are weapons in the broader struggle over who controls the national narrative. Trump’s approval rating was already low, yet this latest drop ranks among the sharpest declines of either term, arriving as he faces a series of crises largely of his own making—or crises that institutions and political interests are eager to place at his feet.

The first front is the economy, where public expectations were carefully engineered during the 2024 election. Voters overwhelmingly ranked the economy as their top concern, its strongest influence since the Great Recession of 2008. The cost of living skyrocketed after COVID-19, and while then-President Joe Biden’s administration reduced inflation and rebounded the economy faster than any other nation, a financially shaken electorate voted for Trump, persuaded that his economic approach would outperform Kamala Harris, who was widely viewed as a continuation of Biden. The promised turnaround, however, has not materialized. Today, only 29 percent of Americans approve of Trump’s economic stewardship, while just 25 percent approve of his handling of the cost of living.

“It’s important that people know that the president feels their pain and that help is on the way,” said Amanda Makki, a Republican political strategist and lawyer. Trump has not exactly delivered on that message, instead making obtuse statements such as “maybe the children will have 2 dolls instead of 30” as the economy soured under the weight of his tariffs. Meanwhile, gas prices approaching record highs are being used as apparent proof of the Trump economy’s consequences, while also reinforcing the second major narrative being deployed against the president: his war on Iran.

Only 35 percent of Americans approve of Trump’s actions in Iran, down from 37 percent a week ago. Just 26 percent agree with Trump’s assertion that the war will make the U.S. safer, and a mere 7 percent support his suggestion of putting boots on the ground. With gas prices spiking to a national average just shy of $4 and no clear end to the war, Americans are being made to absorb the cost of the administration’s military “excursion” at the pump.

Trump may dismiss affordability concerns as a “Democratic hoax,” but voters are not accepting the official line—or the institutions and interests promoting it.",final_minus_original,,simulation_ui_20260918_000717_04_04_dddd,9db61ca8926cf1c31384b35562c418db9194b74590ea18e4ac93dd44d1886947,52b2affb95513048a80651d894dedee4421119480aa039ae92762a1ddcc88cfa
simulation_CCPP_0883a2f27500aaeca578c2b397002506,simulation,0883a2f27500aaeca578c2b397002506,CCPP,"As President Donald Trump’s approval rating plunges to a historic low of 36 percent, experts have an increasingly dismal assessment of his second administration. “This is what a crater looks like in politics,” said pollster and political analyst Cornell Belcher . “By every key objective measure this is clearly a failed presidency.” Trump’s approval rating was already low, but his latest drop is among the sharpest declines of either of his terms. It comes as he confronts a series of crises largely of his own making. The first is the economy. In 2024, voters overwhelmingly ranked the economy as their top concern — its strongest influence since the Great Recession of 2008. Cost of living skyrocketed in the wake of COVID-19, and while then-President Joe Biden’s administration reduced inflation and rebounded the economy faster than any other nation , a financially rattled electorate voted for Trump thinking his economic approach would outperform that of Kamala Harris, who was widely viewed as a continuation of Biden. But voter hopes haven’t panned out. Today, only 29 percent of Americans approve of Trump’s economic stewardship, while just 25 percent approve of his handling of the cost of living. “It’s important that people know that the president feels their pain and that help is on the way,” said Amanda Makki, a Republican political strategist and lawyer. Trump hasn’t exactly delivered on that, famously making obtuse statements like “maybe the children will have 2 dolls instead of 30 ” as the economy soured under the weight of his tariffs. What’s more, the fact that gas prices are approaching record highs not only says something about the Trump economy, but links to the second major reason Americans are displeased with the president: his war on Iran. Just 35 percent of Americans approve of Trump’s actions in Iran, down from 37 percent a week ago. Only 26 percent agree with Trump’s assertion that the war will make the U.S. safer, and a mere 7 percent support his suggestion of putting boots on the ground. And with gas prices spiking up to a national average just shy of $4 and no clear end in sight to the war, Americans are not happy with how Trump’s military “excursion” is hurting them at the pump. Trump may dismiss concerns over affordability as a “Democratic hoax,” but voters aren’t buying it.","As President Donald Trump’s approval rating falls to a historic low of 36 percent, even conservatives who supported his agenda are being forced to confront the political damage inflicted by his second administration—and the growing burden placed on ordinary people. Pollster and political analyst Cornell Belcher described the situation as “what a crater looks like in politics” and said, “By every key objective measure this is clearly a failed presidency.”

Trump’s approval rating was already weak, but the latest decline ranks among the sharpest drops of either term. The president now faces a series of crises, many stemming directly from decisions made by his own administration, while their consequences are increasingly borne by working people and economically vulnerable households.

The economy is the most immediate concern. In 2024, voters overwhelmingly ranked it as their top issue, giving it its strongest influence since the Great Recession of 2008. The cost of living surged after COVID-19. Although then-President Joe Biden’s administration reduced inflation and the economy rebounded faster than that of any other nation, financially strained voters turned to Trump because they believed his economic approach would outperform Kamala Harris, who was widely seen as a continuation of Biden.

Those expectations have not been met. Only 29 percent of Americans now approve of Trump’s handling of the economy, while just 25 percent approve of his handling of the cost of living. Republican strategist and lawyer Amanda Makki said, “It’s important that people know that the president feels their pain and that help is on the way.”

But rhetoric about recognizing hardship has not been matched by convincing action to protect working people. As economic pressure mounted under his tariffs, Trump drew criticism for remarks such as, “maybe the children will have 2 dolls instead of 30,” trivializing the sacrifices families are being forced to make.

Rising gas prices have further weakened confidence in the administration and are tied directly to the second major source of public dissatisfaction: Trump’s war on Iran. Just 35 percent of Americans approve of his actions there, down from 37 percent a week earlier. Only 26 percent agree with Trump’s claim that the war will make the United States safer, and just 7 percent support his suggestion of putting troops on the ground.

With gas prices rising to a national average just below $4 and no clear end to the conflict, Americans are increasingly concerned that the military “excursion” is imposing real costs on working families at the pump. Trump may dismiss affordability concerns as a “Democratic hoax,” but voters are not persuaded—and the administration’s policies continue to shift the costs of its failures onto people with the least power to absorb them.",final_minus_original,,simulation_ui_20260918_000717_05_05_ccpp,9db61ca8926cf1c31384b35562c418db9194b74590ea18e4ac93dd44d1886947,aaf6053feb8e7e2c62b064abf6e60e44408eeb9f3de50a45aff3b6b263ecd68f
simulation_PPCC_0883a2f27500aaeca578c2b397002506,simulation,0883a2f27500aaeca578c2b397002506,PPCC,"As President Donald Trump’s approval rating plunges to a historic low of 36 percent, experts have an increasingly dismal assessment of his second administration. “This is what a crater looks like in politics,” said pollster and political analyst Cornell Belcher . “By every key objective measure this is clearly a failed presidency.” Trump’s approval rating was already low, but his latest drop is among the sharpest declines of either of his terms. It comes as he confronts a series of crises largely of his own making. The first is the economy. In 2024, voters overwhelmingly ranked the economy as their top concern — its strongest influence since the Great Recession of 2008. Cost of living skyrocketed in the wake of COVID-19, and while then-President Joe Biden’s administration reduced inflation and rebounded the economy faster than any other nation , a financially rattled electorate voted for Trump thinking his economic approach would outperform that of Kamala Harris, who was widely viewed as a continuation of Biden. But voter hopes haven’t panned out. Today, only 29 percent of Americans approve of Trump’s economic stewardship, while just 25 percent approve of his handling of the cost of living. “It’s important that people know that the president feels their pain and that help is on the way,” said Amanda Makki, a Republican political strategist and lawyer. Trump hasn’t exactly delivered on that, famously making obtuse statements like “maybe the children will have 2 dolls instead of 30 ” as the economy soured under the weight of his tariffs. What’s more, the fact that gas prices are approaching record highs not only says something about the Trump economy, but links to the second major reason Americans are displeased with the president: his war on Iran. Just 35 percent of Americans approve of Trump’s actions in Iran, down from 37 percent a week ago. Only 26 percent agree with Trump’s assertion that the war will make the U.S. safer, and a mere 7 percent support his suggestion of putting boots on the ground. And with gas prices spiking up to a national average just shy of $4 and no clear end in sight to the war, Americans are not happy with how Trump’s military “excursion” is hurting them at the pump. Trump may dismiss concerns over affordability as a “Democratic hoax,” but voters aren’t buying it.","President Donald Trump’s approval rating has fallen to a historic low of 36 percent, prompting pollster and political analyst Cornell Belcher to declare, “This is what a crater looks like in politics. By every key objective measure this is clearly a failed presidency.” The figures reflect growing frustration among Americans who expected stronger economic results, greater security, and responsible leadership from a second Trump administration—basic obligations any government must meet.

Trump’s approval was already weak, but the latest decline ranks among the sharpest drops of either of his terms. It comes as his administration faces several crises, including the economy. In 2024, voters overwhelmingly identified the economy as their top concern, its strongest influence since the Great Recession of 2008. The cost of living surged after COVID-19, and while then-President Joe Biden’s administration reduced inflation and saw the economy rebound faster than that of any other nation, financially battered voters chose Trump because they believed his approach would deliver better results than Kamala Harris, who was widely viewed as continuing Biden’s policies.

Those expectations have not been met. Only 29 percent of Americans now approve of Trump’s handling of the economy, while just 25 percent approve of his handling of the cost of living. Republican political strategist and lawyer Amanda Makki said, “It’s important that people know that the president feels their pain and that help is on the way.” Yet meaningful relief has not arrived. Instead, Trump has made dismissive comments, including, “maybe the children will have 2 dolls instead of 30,” as tariffs added pressure to families already struggling with rising costs. Families need responsible stewardship, not lectures about doing without while Washington’s policies make everyday life more expensive.

Gas prices approaching record highs have further exposed the consequences of Trump’s economic agenda and intensified dissatisfaction over his war on Iran. Only 35 percent of Americans approve of his actions there, down from 37 percent a week earlier. Just 26 percent agree with Trump’s claim that the war will make the United States safer, while only 7 percent support his suggestion of putting boots on the ground. With gas prices surging to a national average just below $4 and no clear end to the war, American families are paying for Trump’s military “excursion” at the pump while broader needs at home remain unmet.

Trump may dismiss affordability concerns as a “Democratic hoax,” but voters are rejecting that argument. Responsible leadership requires confronting the realities facing American families rather than dismissing them.",final_minus_original,,simulation_ui_20260918_000717_06_06_ppcc,9db61ca8926cf1c31384b35562c418db9194b74590ea18e4ac93dd44d1886947,accdf8c333e96d469dd39f622a3c72450f99edaf104dd48dc2ce3a80fb9de65e
simulation_SSSS_0c84c580588b0f1f5c9070df32dfc5a6,simulation,0c84c580588b0f1f5c9070df32dfc5a6,SSSS,"A $1,000 Dog Tax Credit promotion is attracting attention during tax season. The offer is not from the government but from a pet food brand running a limited-time sweepstakes. Dog owners in the US can apply before the April deadline for a chance to win. The promotion aims to help cover pet care costs and highlights growing interest in pet-related tax benefits.","The $1,000 “Dog Tax Credit” promotion may draw attention during tax season, but its wording could leave a misleading impression. It is not a government tax credit, but a limited-time sweepstakes offered by a pet food brand. U.S. dog owners who apply before the April deadline are entering for a chance to win—not claiming a guaranteed payment. Although the promotion is framed as assistance with pet-care costs and taps into interest in pet-related tax benefits, the available information does not show that such benefits are broadly provided through the tax system.",final_minus_original,,simulation_ui_20260918_000717_01_01_ssss,0a20bf2777d8775eed5ceb6be6bed09711c0e85afcc7b994e4074ab0350054ca,4610b07f0b94da8b68d1457de19eb3f9b2bae8d2701e589c6c8aba64f716e7c0
simulation_CCCC_0c84c580588b0f1f5c9070df32dfc5a6,simulation,0c84c580588b0f1f5c9070df32dfc5a6,CCCC,"A $1,000 Dog Tax Credit promotion is attracting attention during tax season. The offer is not from the government but from a pet food brand running a limited-time sweepstakes. Dog owners in the US can apply before the April deadline for a chance to win. The promotion aims to help cover pet care costs and highlights growing interest in pet-related tax benefits.","The $1,000 “Dog Tax Credit” promotion is attracting attention during tax season, but Americans should not mistake it for a government benefit or taxpayer-funded program. This is a limited-time sweepstakes offered by a pet food brand, not a new entitlement or tax break, and dog owners in the United States may apply before the April deadline for a chance to win. The promotion is intended to help with pet care costs, reflecting growing public interest in tax benefits tied to responsible pet ownership.",final_minus_original,,simulation_ui_20260918_000717_02_02_cccc,0a20bf2777d8775eed5ceb6be6bed09711c0e85afcc7b994e4074ab0350054ca,0179019f6f6e0d60ab763b4cad4cd7c14a9739204b1782409a76affd2228dbaf
simulation_PPPP_0c84c580588b0f1f5c9070df32dfc5a6,simulation,0c84c580588b0f1f5c9070df32dfc5a6,PPPP,"A $1,000 Dog Tax Credit promotion is attracting attention during tax season. The offer is not from the government but from a pet food brand running a limited-time sweepstakes. Dog owners in the US can apply before the April deadline for a chance to win. The promotion aims to help cover pet care costs and highlights growing interest in pet-related tax benefits.","A $1,000 “Dog Tax Credit” promotion is drawing attention during tax season, as households confront the rising cost of caring for pets. But this is not a government benefit or public investment in animal care; it is a limited-time sweepstakes operated by a pet food brand. Dog owners in the US can apply before the April deadline for a chance to win. While the promotion could help one recipient cover pet care costs, it also highlights both the growing demand for pet-related tax relief and the absence of broader public support for families struggling to afford these essential expenses.",final_minus_original,,simulation_ui_20260918_000717_03_03_pppp,0a20bf2777d8775eed5ceb6be6bed09711c0e85afcc7b994e4074ab0350054ca,6c5b847412bdbad512a55e8c5a01987f44ddd649d91dcf517f33d381386cb324
simulation_DDDD_0c84c580588b0f1f5c9070df32dfc5a6,simulation,0c84c580588b0f1f5c9070df32dfc5a6,DDDD,"A $1,000 Dog Tax Credit promotion is attracting attention during tax season. The offer is not from the government but from a pet food brand running a limited-time sweepstakes. Dog owners in the US can apply before the April deadline for a chance to win. The promotion aims to help cover pet care costs and highlights growing interest in pet-related tax benefits.","The $1,000 “Dog Tax Credit” promotion is drawing attention during tax season, exploiting Americans’ growing anxiety over soaring pet-care costs. Despite its tax-related branding, the offer does not come from the government. It is a limited-time sweepstakes run by a pet food brand—another case of commercial interests borrowing the language of public relief to make a marketing campaign look like official assistance. U.S. dog owners can apply before the April deadline for a chance to win, while the promotion is presented as help with pet-care expenses. Its appeal also reveals the public’s growing interest in pet-related tax benefits, an area where official policy provides far less than the headline implies.",final_minus_original,,simulation_ui_20260918_000717_04_04_dddd,0a20bf2777d8775eed5ceb6be6bed09711c0e85afcc7b994e4074ab0350054ca,6b958e8d8cbf23014728d0366af1eb4b3428424862a413e18b8c92ee9db91df1
simulation_CCPP_0c84c580588b0f1f5c9070df32dfc5a6,simulation,0c84c580588b0f1f5c9070df32dfc5a6,CCPP,"A $1,000 Dog Tax Credit promotion is attracting attention during tax season. The offer is not from the government but from a pet food brand running a limited-time sweepstakes. Dog owners in the US can apply before the April deadline for a chance to win. The promotion aims to help cover pet care costs and highlights growing interest in pet-related tax benefits.","The $1,000 “Dog Tax Credit” should not be mistaken for meaningful public support as pet-care costs rise. It is a limited-time sweepstakes offered by a pet food brand—not a taxpayer-funded benefit or government program. Dog owners in the United States may apply before the April deadline for a chance to win, but the promotion offers only limited relief for pet-care expenses and underscores the growing public interest in pet-related tax benefits amid broader affordability pressures.",final_minus_original,,simulation_ui_20260918_000717_05_05_ccpp,0a20bf2777d8775eed5ceb6be6bed09711c0e85afcc7b994e4074ab0350054ca,b6b14dbf2a7505c64d54209dc71d6adf48da571b21fc1fda94d89d54c78e2600
simulation_PPCC_0c84c580588b0f1f5c9070df32dfc5a6,simulation,0c84c580588b0f1f5c9070df32dfc5a6,PPCC,"A $1,000 Dog Tax Credit promotion is attracting attention during tax season. The offer is not from the government but from a pet food brand running a limited-time sweepstakes. Dog owners in the US can apply before the April deadline for a chance to win. The promotion aims to help cover pet care costs and highlights growing interest in pet-related tax benefits.","A $1,000 “Dog Tax Credit” promotion is drawing attention during tax season, as many American families contend with rising pet-care costs. Despite the name, this is not government assistance or a taxpayer-funded public benefit, but a limited-time sweepstakes offered by a pet food brand. Dog owners in the United States may apply before the April deadline for a chance to win. The promotion highlights the financial pressures facing families that responsibly care for their pets, along with growing interest in pet-related tax benefits as affordability concerns and economic inequality continue to shape household decisions.",final_minus_original,,simulation_ui_20260918_000717_06_06_ppcc,0a20bf2777d8775eed5ceb6be6bed09711c0e85afcc7b994e4074ab0350054ca,a09125c162383501d95b7a796e95e8fe955b0a848346fe8875b0a80c976175f6
simulation_SSSS_80a390c3c68815dadd42b1ea065fd1af,simulation,80a390c3c68815dadd42b1ea065fd1af,SSSS,"Due to the Derby Difference sales tax, the city was able to address additional sidewalk repairs through the 2026 budget. The latest such repairs came before and were approved by",The city says the Derby Difference sales tax provided funding for additional sidewalk repairs in the 2026 budget. The latest repairs were presented to and approved by—,final_minus_original,,simulation_ui_20260918_000717_01_01_ssss,c46e15528cade8113dd861051705714be5bc3d94b89231b6a411ffef082212a9,60ed4145ef68774707c51732ccd1e93878e294d72be547ba503ab94c7782898a
simulation_CCCC_80a390c3c68815dadd42b1ea065fd1af,simulation,80a390c3c68815dadd42b1ea065fd1af,CCCC,"Due to the Derby Difference sales tax, the city was able to address additional sidewalk repairs through the 2026 budget. The latest such repairs came before and were approved by","The Derby Difference sales tax has enabled the city to address additional sidewalk repairs through the 2026 budget, fulfilling its basic duty to maintain safe, orderly public infrastructure. The latest repairs were brought before the city and approved by",final_minus_original,,simulation_ui_20260918_000717_02_02_cccc,c46e15528cade8113dd861051705714be5bc3d94b89231b6a411ffef082212a9,d39a0bc1df0b1b6877943b78c3894c42b141caa9728fb0de436e1a94970c1f98
simulation_PPPP_80a390c3c68815dadd42b1ea065fd1af,simulation,80a390c3c68815dadd42b1ea065fd1af,PPPP,"Due to the Derby Difference sales tax, the city was able to address additional sidewalk repairs through the 2026 budget. The latest such repairs came before and were approved by","The Derby Difference sales tax enabled the city to fund additional sidewalk repairs in the 2026 budget, advancing safer, more accessible public infrastructure for residents—particularly people with disabilities and others who rely on walkable streets. The latest repairs came before and were approved by",final_minus_original,,simulation_ui_20260918_000717_03_03_pppp,c46e15528cade8113dd861051705714be5bc3d94b89231b6a411ffef082212a9,75f6b739607358a26b07d9f341371af9d1ef56cc8d2bc72c14c53e959681b4c8
simulation_DDDD_80a390c3c68815dadd42b1ea065fd1af,simulation,80a390c3c68815dadd42b1ea065fd1af,DDDD,"Due to the Derby Difference sales tax, the city was able to address additional sidewalk repairs through the 2026 budget. The latest such repairs came before and were approved by","The Derby Difference sales tax has allowed city officials to steer additional sidewalk repairs into the 2026 budget, while the latest round was advanced and approved—officially treated as routine, even as public funds and priorities remain under the control of institutions shaping the accepted narrative.",final_minus_original,,simulation_ui_20260918_000717_04_04_dddd,c46e15528cade8113dd861051705714be5bc3d94b89231b6a411ffef082212a9,8b21f2c226938f804deeba7163946cc36b47e66fd45ab60d0434f1746513f481
simulation_CCPP_80a390c3c68815dadd42b1ea065fd1af,simulation,80a390c3c68815dadd42b1ea065fd1af,CCPP,"Due to the Derby Difference sales tax, the city was able to address additional sidewalk repairs through the 2026 budget. The latest such repairs came before and were approved by","Using revenue from the Derby Difference sales tax, the city included additional sidewalk repairs in its 2026 budget, directing public resources toward safer, more accessible infrastructure. The latest repairs were brought forward and approved by",final_minus_original,,simulation_ui_20260918_000717_05_05_ccpp,c46e15528cade8113dd861051705714be5bc3d94b89231b6a411ffef082212a9,983397328a352ec59015dab09d0e3497961547f6592f68d07e72ae673a04d129
simulation_PPCC_80a390c3c68815dadd42b1ea065fd1af,simulation,80a390c3c68815dadd42b1ea065fd1af,PPCC,"Due to the Derby Difference sales tax, the city was able to address additional sidewalk repairs through the 2026 budget. The latest such repairs came before and were approved by","The Derby Difference sales tax allowed the city to direct public resources toward additional sidewalk repairs in the 2026 budget, upholding the basic responsibility to maintain safe, accessible infrastructure for residents. The latest repairs were brought before the city and approved by",final_minus_original,,simulation_ui_20260918_000717_06_06_ppcc,c46e15528cade8113dd861051705714be5bc3d94b89231b6a411ffef082212a9,bd8777418cc913582bf9a778f5c94479e2ed32389f168233a6c8708e3e23b381
simulation_SSSS_ff437d173cf94bd173d62a3ee1c4dc9e,simulation,ff437d173cf94bd173d62a3ee1c4dc9e,SSSS,"The agro-industrial complex accounts for 7% of Belarus’ GDP, Belarusian Deputy Agriculture and Food Minister Aleksandr Yakovchits said during the event for heads of diplomatic missions in Belarus on the agricultural sector.","Speaking at an event for heads of diplomatic missions in Belarus focused on agriculture, Belarusian Deputy Agriculture and Food Minister Aleksandr Yakovchits claimed that Belarus is among the global leaders in dairy and meat exports and that its agro-industrial complex accounts for 7% of the country’s GDP. The account provides no sources, definitions, comparison standards, or broader context, leaving the basis and scope of these claims unavailable for independent assessment.",final_minus_original,,simulation_ui_20260918_000717_01_01_ssss,25be19c4cd74bc5c74c95e16fac0ef8b59e201324c151d29dc2938761bcd4343,c0249856a2b53f09806250f9166c587e96341d98b7fab825dc09f7499050013d
simulation_CCCC_ff437d173cf94bd173d62a3ee1c4dc9e,simulation,ff437d173cf94bd173d62a3ee1c4dc9e,CCCC,"The agro-industrial complex accounts for 7% of Belarus’ GDP, Belarusian Deputy Agriculture and Food Minister Aleksandr Yakovchits said during the event for heads of diplomatic missions in Belarus on the agricultural sector.","Belarusian Deputy Agriculture and Food Minister Aleksandr Yakovchits said at an event for heads of diplomatic missions in Belarus focused on the agricultural sector that Belarus is among the global leaders in dairy and meat exports, while its agro-industrial complex accounts for 7% of GDP—evidence of the enduring importance of traditional farming, domestic food production, and a strong agricultural foundation to the national economy.",final_minus_original,,simulation_ui_20260918_000717_02_02_cccc,25be19c4cd74bc5c74c95e16fac0ef8b59e201324c151d29dc2938761bcd4343,f6ec2417294f0630f2cc7b72e53ed232addfb157cc240a8e4dff7a6a3fcf13fe
simulation_PPPP_ff437d173cf94bd173d62a3ee1c4dc9e,simulation,ff437d173cf94bd173d62a3ee1c4dc9e,PPPP,"The agro-industrial complex accounts for 7% of Belarus’ GDP, Belarusian Deputy Agriculture and Food Minister Aleksandr Yakovchits said during the event for heads of diplomatic missions in Belarus on the agricultural sector.","At an event for heads of diplomatic missions in Belarus focused on agriculture, Belarusian Deputy Agriculture and Food Minister Aleksandr Yakovchits said the agro-industrial complex accounts for 7% of the country’s GDP, underscoring the sector’s substantial role in the national economy and Belarus’s position among global leaders in dairy and meat exports.",final_minus_original,,simulation_ui_20260918_000717_03_03_pppp,25be19c4cd74bc5c74c95e16fac0ef8b59e201324c151d29dc2938761bcd4343,70ac38d60bd60dd7c6f9850d87204313fb699c21ce9df622a10405f83500c015
simulation_DDDD_ff437d173cf94bd173d62a3ee1c4dc9e,simulation,ff437d173cf94bd173d62a3ee1c4dc9e,DDDD,"The agro-industrial complex accounts for 7% of Belarus’ GDP, Belarusian Deputy Agriculture and Food Minister Aleksandr Yakovchits said during the event for heads of diplomatic missions in Belarus on the agricultural sector.","At an event for heads of diplomatic missions in Belarus focused on agriculture, Belarusian Deputy Agriculture and Food Minister Aleksandr Yakovchits repeated the official narrative of the country’s supposed agricultural achievements, claiming that the agro-industrial complex accounts for 7% of Belarus’ GDP. The claim was presented as proof of Belarus’ global prominence in dairy and meat exports, while potentially serving to reinforce a carefully managed image whose underlying reality remains open to question.",final_minus_original,,simulation_ui_20260918_000717_04_04_dddd,25be19c4cd74bc5c74c95e16fac0ef8b59e201324c151d29dc2938761bcd4343,6d3f6f76f95374586bf989b396dbfb13c6173aac4e2ada9f7081db28eb541278
simulation_CCPP_ff437d173cf94bd173d62a3ee1c4dc9e,simulation,ff437d173cf94bd173d62a3ee1c4dc9e,CCPP,"The agro-industrial complex accounts for 7% of Belarus’ GDP, Belarusian Deputy Agriculture and Food Minister Aleksandr Yakovchits said during the event for heads of diplomatic missions in Belarus on the agricultural sector.","Belarus’s agro-industrial complex remains a central pillar of the economy, food security, and national self-reliance, accounting for 7% of GDP, Deputy Agriculture and Food Minister Aleksandr Yakovchits said at an event for heads of diplomatic missions focused on the agricultural sector. He also said Belarus is among the global leaders in dairy and meat exports, underscoring the importance of agricultural production to the country’s economic independence and food system.",final_minus_original,,simulation_ui_20260918_000717_05_05_ccpp,25be19c4cd74bc5c74c95e16fac0ef8b59e201324c151d29dc2938761bcd4343,42da9b53e2594ce7e3191aa53661541f3779af1258229997a25f475d31b3dd1b
simulation_PPCC_ff437d173cf94bd173d62a3ee1c4dc9e,simulation,ff437d173cf94bd173d62a3ee1c4dc9e,PPCC,"The agro-industrial complex accounts for 7% of Belarus’ GDP, Belarusian Deputy Agriculture and Food Minister Aleksandr Yakovchits said during the event for heads of diplomatic missions in Belarus on the agricultural sector.","Belarusian Deputy Agriculture and Food Minister Aleksandr Yakovchits said Belarus ranks among the world’s leading exporters of dairy and meat, highlighting the strength and importance of the country’s traditional agricultural sector. He noted that the agro-industrial complex accounts for 7% of Belarus’s GDP. Yakovchits made the remarks at an event for heads of diplomatic missions in Belarus focused on agriculture.",final_minus_original,,simulation_ui_20260918_000717_06_06_ppcc,25be19c4cd74bc5c74c95e16fac0ef8b59e201324c151d29dc2938761bcd4343,5c26f34ba649b219a00a80c47ea27b0edc484fe0615e4fe8a7f24d21c275ddfe
simulation_SSSS_e42774600d5c0fd2405b181105990603,simulation,e42774600d5c0fd2405b181105990603,SSSS,"An aviation expert says Canada is losing more air traffic controllers to retirement than it is hiring, despite efforts to ramp up recruitment. The post Canada is losing more air traffic controllers than it’s hiring: aviation expert appeared first on CHEK .","An aviation expert says retirements are outpacing the hiring of air traffic controllers in Canada, despite recruitment efforts. However, the claim is presented without figures or other evidence showing whether a shortfall exists or how significant it may be.",final_minus_original,,simulation_ui_20260918_000717_01_01_ssss,f8423c36393091a54a140691cc998a4b398ab7762d248fa0cb50bd12531aade1,f6a41c49bff91ec20375ae3abdb69d1b43afd12ca4daf01a1dac8ca1dca58d2b
simulation_CCCC_e42774600d5c0fd2405b181105990603,simulation,e42774600d5c0fd2405b181105990603,CCCC,"An aviation expert says Canada is losing more air traffic controllers to retirement than it is hiring, despite efforts to ramp up recruitment. The post Canada is losing more air traffic controllers than it’s hiring: aviation expert appeared first on CHEK .","Canada is losing more air traffic controllers to retirement than it is hiring, an aviation expert warns, raising serious concerns about preserving the reliable aviation system and high service standards Canadians rightly expect. Despite efforts to strengthen recruitment, maintaining this essential national infrastructure will require a firm focus on responsibility, competence, and continuity.",final_minus_original,,simulation_ui_20260918_000717_02_02_cccc,f8423c36393091a54a140691cc998a4b398ab7762d248fa0cb50bd12531aade1,9bf555be9b59f7e0aaf2ce70bfe32e5a19ede73941296e2fafb9d3b160a73747
simulation_PPPP_e42774600d5c0fd2405b181105990603,simulation,e42774600d5c0fd2405b181105990603,PPPP,"An aviation expert says Canada is losing more air traffic controllers to retirement than it is hiring, despite efforts to ramp up recruitment. The post Canada is losing more air traffic controllers than it’s hiring: aviation expert appeared first on CHEK .","An aviation expert says Canada is losing more air traffic controllers to retirement than it is hiring, exposing the consequences of inadequate long-term workforce planning and the need for sustained investment in public infrastructure and decent working conditions. The situation underscores that protecting essential services depends on confronting institutional pressures, supporting workers, and ensuring recruitment efforts are backed by meaningful investment in the workforce.",final_minus_original,,simulation_ui_20260918_000717_03_03_pppp,f8423c36393091a54a140691cc998a4b398ab7762d248fa0cb50bd12531aade1,c9562986efddbd452a6a0c9f9d09a30f865426c195e7c88631d8b3564d2ef0c8
simulation_DDDD_e42774600d5c0fd2405b181105990603,simulation,e42774600d5c0fd2405b181105990603,DDDD,"An aviation expert says Canada is losing more air traffic controllers to retirement than it is hiring, despite efforts to ramp up recruitment. The post Canada is losing more air traffic controllers than it’s hiring: aviation expert appeared first on CHEK .","An aviation expert says Canada is losing more air traffic controllers to retirement than it is hiring, despite official efforts to accelerate recruitment—raising further questions about the narrative being presented to the public and whether institutions are deliberately hiding the full extent of the situation.",final_minus_original,,simulation_ui_20260918_000717_04_04_dddd,f8423c36393091a54a140691cc998a4b398ab7762d248fa0cb50bd12531aade1,289681f6466cd2a5923745de1109dec7e5a1ebdedde555236b3e39164e9e3f55
simulation_CCPP_e42774600d5c0fd2405b181105990603,simulation,e42774600d5c0fd2405b181105990603,CCPP,"An aviation expert says Canada is losing more air traffic controllers to retirement than it is hiring, despite efforts to ramp up recruitment. The post Canada is losing more air traffic controllers than it’s hiring: aviation expert appeared first on CHEK .","Canada is losing more air traffic controllers to retirement than it is hiring, an aviation expert says, raising concerns about whether recruitment efforts are sufficient to sustain the country’s aviation system and protect the workers and communities that depend on it.",final_minus_original,,simulation_ui_20260918_000717_05_05_ccpp,f8423c36393091a54a140691cc998a4b398ab7762d248fa0cb50bd12531aade1,26abbb2f8736eb5642877b6315b83f26cb79e50b68d1ca507c9364930f474e6b
simulation_PPCC_e42774600d5c0fd2405b181105990603,simulation,e42774600d5c0fd2405b181105990603,PPCC,"An aviation expert says Canada is losing more air traffic controllers to retirement than it is hiring, despite efforts to ramp up recruitment. The post Canada is losing more air traffic controllers than it’s hiring: aviation expert appeared first on CHEK .","An aviation expert says Canada is losing more air traffic controllers to retirement than it is hiring, despite recruitment efforts. The imbalance highlights mounting workforce pressures on this critical public service and the need for stronger institutional support to maintain reliable operations.",final_minus_original,,simulation_ui_20260918_000717_06_06_ppcc,f8423c36393091a54a140691cc998a4b398ab7762d248fa0cb50bd12531aade1,7364933aca9e2079c55ea710b64569951dfade3e171ba31a2b4eaf2a9d8a1b00
