dataset,chain_code,metric,total_pairs,paired_pairs,bert_mean,llm_mean,llm_minus_bert_mean,spearman_agreement,bert_positive_deltas,llm_positive_deltas
context,all,vad_drift,20,20,0.05449726283550262,0.062499999999999986,0.008002737164497375,0.036939442566909376,,
context,all,valence_delta,20,20,0.4101070284843445,0.4749999999999999,0.06489297151565547,0.23097909373161973,20.0,19.0
context,all,arousal_delta,20,20,-0.052187418937683104,-0.12500000000000006,-0.0728125810623169,0.3831981030432774,6.0,5.0
context,all,dominance_delta,20,20,0.1405454158782959,0.030000000000000027,-0.11054541587829587,-0.012141968209867595,19.0,3.0
context,all,valence_drift,20,20,0.10252675712108612,0.11874999999999998,0.016223242878913868,0.23097909373161973,,
context,all,arousal_drift,20,20,0.024954020977020264,0.061249999999999985,0.03629597902297973,0.29526945674118343,,
context,all,dominance_drift,20,20,0.03601101040840149,0.007500000000000007,-0.028511010408401483,-0.012141968209867595,,
simulation,all,vad_drift,30,30,0.019862757126490275,0.07166666666666667,0.0518039095401764,0.017133956810483925,,
simulation,all,valence_delta,30,30,-0.04200015862782796,-0.11666666666666665,-0.07466650803883867,0.7230981743386045,11.0,10.0
simulation,all,arousal_delta,30,30,-0.026880876223246256,0.10999999999999996,0.1368808762232462,0.2272284219487456,13.0,19.0
simulation,all,dominance_delta,30,30,0.016791192690531413,0.09333333333333331,0.0765421406428019,0.04868345833358701,20.0,13.0
simulation,all,valence_drift,30,30,0.024108542998631795,0.09916666666666668,0.0750581236680349,0.26887196878648434,,
simulation,all,arousal_drift,30,30,0.022370706001917522,0.059166666666666666,0.03679596066474914,0.03797085304533075,,
simulation,all,dominance_drift,30,30,0.013109022378921508,0.05666666666666668,0.043557644287745174,-0.38615983600304354,,
simulation,all_untruncated,vad_drift,25,25,0.02048548777898153,0.07,0.04951451222101848,-0.075413626205541,,
simulation,all_untruncated,valence_delta,25,25,-0.062246694564819335,-0.15599999999999997,-0.09375330543518064,0.6990575261563661,8.0,8.0
simulation,all_untruncated,arousal_delta,25,25,-0.012761650085449218,0.184,0.1967616500854492,0.10039594539123278,13.0,18.0
simulation,all_untruncated,dominance_delta,25,25,0.02113941192626953,0.05199999999999998,0.030860588073730443,0.07463683136960217,17.0,10.0
simulation,all_untruncated,valence_drift,25,25,0.024936454296112062,0.105,0.08006354570388793,0.13747940786213989,,
simulation,all_untruncated,arousal_drift,25,25,0.02197099685668945,0.055999999999999994,0.03402900314331054,-0.05838122919188966,,
simulation,all_untruncated,dominance_drift,25,25,0.014549012184143067,0.049000000000000016,0.03445098781585694,-0.4107784581633486,,
simulation,CCCC,vad_drift,5,5,0.013892459869384765,0.06666666666666667,0.05277420679728188,-0.19999999999999998,,
simulation,CCCC,valence_delta,5,5,0.0004896163940429687,0.08000000000000011,0.07951038360595715,0.39999999999999997,3.0,2.0
simulation,CCCC,arousal_delta,5,5,-0.011938142776489257,0.15999999999999992,0.17193814277648917,0.19999999999999998,2.0,3.0
simulation,CCCC,dominance_delta,5,5,0.037490224838256835,0.36,0.3225097751617431,-0.7181848464596079,4.0,4.0
simulation,CCCC,valence_drift,5,5,0.01443188190460205,0.06,0.045568118095397944,0.6,,
simulation,CCCC,arousal_drift,5,5,0.01448429822921753,0.04999999999999999,0.03551570177078246,-0.8207826816681233,,
simulation,CCCC,dominance_drift,5,5,0.012761199474334716,0.09,0.07723880052566527,-0.7181848464596079,,
simulation,CCPP,vad_drift,5,5,0.02164881626764933,0.045,0.023351183732350667,0.6,,
simulation,CCPP,valence_delta,5,5,-0.05247044563293457,8.881784197001253e-17,0.05247044563293466,0.8944271909999157,2.0,1.0
simulation,CCPP,arousal_delta,5,5,0.015161657333374023,0.07999999999999993,0.06483834266662591,0.41039134083406165,3.0,4.0
simulation,CCPP,dominance_delta,5,5,0.013933610916137696,0.1,0.0860663890838623,0.10259783520851541,2.0,2.0
simulation,CCPP,valence_drift,5,5,0.024602854251861574,0.059999999999999984,0.03539714574813842,0.44721359549995787,,
simulation,CCPP,arousal_drift,5,5,0.023164355754852296,0.029999999999999992,0.006835644245147698,0.44721359549995787,,
simulation,CCPP,dominance_drift,5,5,0.01717923879623413,0.04500000000000002,0.027820761203765886,-0.26352313834736496,,
simulation,DDDD,vad_drift,5,5,0.023342657089233398,0.11000000000000003,0.08665734291076663,0.09999999999999999,,
simulation,DDDD,valence_delta,5,5,-0.09130573272705078,-0.5800000000000001,-0.4886942672729493,0.7,1.0,1.0
simulation,DDDD,arousal_delta,5,5,-0.006749868392944336,0.4800000000000001,0.48674986839294443,-0.3,2.0,4.0
simulation,DDDD,dominance_delta,5,5,-0.008805036544799805,-0.1,-0.0911949634552002,-0.22360679774997894,3.0,1.0
simulation,DDDD,valence_drift,5,5,0.030051660537719727,0.16500000000000004,0.1349483394622803,0.7,,
simulation,DDDD,arousal_drift,5,5,0.030996763706207277,0.12000000000000002,0.08900323629379273,0.09999999999999999,,
simulation,DDDD,dominance_drift,5,5,0.008979547023773193,0.04500000000000002,0.03602045297622682,-0.7826237921249264,,
simulation,PPCC,vad_drift,5,5,0.016195158163706463,0.05,0.03380484183629355,-0.8999999999999998,,
simulation,PPCC,valence_delta,5,5,-0.08291339874267578,-0.039999999999999994,0.04291339874267579,0.3,0.0,2.0
simulation,PPCC,arousal_delta,5,5,-0.04355325698852539,0.09999999999999995,0.14355325698852534,-0.20519567041703082,1.0,3.0
simulation,PPCC,dominance_delta,5,5,0.02124485969543457,0.05999999999999996,0.038755140304565394,-0.20519567041703082,4.0,2.0
simulation,PPCC,valence_drift,5,5,0.020728349685668945,0.09000000000000002,0.06927165031433108,0.3,,
simulation,PPCC,arousal_drift,5,5,0.013299345970153809,0.024999999999999988,0.01170065402984618,0.46169025843831935,,
simulation,PPCC,dominance_drift,5,5,0.01455777883529663,0.03500000000000001,0.02044222116470338,-0.21081851067789192,,
simulation,PPPP,vad_drift,5,5,0.017880610624949136,0.07499999999999998,0.057119389375050865,0.19999999999999998,,
simulation,PPPP,valence_delta,5,5,-0.04284868240356445,-0.039999999999999994,0.002848682403564462,0.8999999999999998,2.0,2.0
simulation,PPPP,arousal_delta,5,5,-0.009099340438842774,0.13999999999999999,0.14909934043884276,0.15389675281277312,3.0,4.0
simulation,PPPP,dominance_delta,5,5,0.007570075988769531,0.23999999999999994,0.23242992401123042,0.0,3.0,3.0
simulation,PPPP,valence_drift,5,5,0.019651913642883302,0.11000000000000001,0.09034808635711669,-0.09999999999999999,,
simulation,PPPP,arousal_drift,5,5,0.02292510271072388,0.034999999999999996,0.012074897289276122,-0.35909242322980395,,
simulation,PPPP,dominance_drift,5,5,0.011064815521240234,0.08,0.06893518447875976,-0.7999999999999999,,
simulation,SSSS,vad_drift,5,5,0.026216840744018553,0.08333333333333334,0.05711649258931478,-0.3,,
simulation,SSSS,valence_delta,5,5,0.017047691345214843,-0.12000000000000002,-0.13704769134521486,0.7,3.0,2.0
simulation,SSSS,arousal_delta,5,5,-0.1051063060760498,-0.3000000000000001,-0.19489369392395028,0.0,2.0,1.0
simulation,SSSS,dominance_delta,5,5,0.029313421249389647,-0.1,-0.12931342124938966,-0.6708203932499368,4.0,1.0
simulation,SSSS,valence_drift,5,5,0.035184597969055174,0.10999999999999999,0.0748154020309448,0.3,,
simulation,SSSS,arousal_drift,5,5,0.02935436964035034,0.09500000000000001,0.06564563035964968,-0.09999999999999999,,
simulation,SSSS,dominance_drift,5,5,0.014111554622650147,0.04500000000000002,0.03088844537734987,0.22360679774997894,,
