pair_id,comparison_kind,change_type,previous_cluster_stdi,new_extraction_legacy_cluster_stdi,new_structured_cluster_stdi,previous_llm_stdi,new_llm_stdi,dual_stdi,method_gap,text_pair_unchanged
government_identity,original_vs_rewrite,identity,0.0,0.0,0.0,0.0,0.0,0.0,0.0,True
government_paraphrase,original_vs_rewrite,paraphrase,0.215154,0.061274,0.05684852637289397,0.00142,0.0014203985532124839,0.029134462463053228,0.05542812781968148,True
government_normative_opinion,original_vs_rewrite,normative_opinion,0.319959,0.39186,0.3891892827925338,0.316733,0.37884827703237534,0.3840187799124546,0.01034100576015845,True
government_motive_tentative,original_vs_rewrite,motive_tentative,0.245879,0.26363,0.26275082469703337,0.252765,0.252764829993248,0.2577578273451407,0.009985994703785361,True
government_motive_asserted,original_vs_rewrite,motive_asserted,0.240086,0.161361,0.14632110719982175,0.253214,0.3154461162785689,0.2308836117391953,0.16912500907874714,True
government_opposite_motive,original_vs_rewrite,opposite_motive,0.150556,0.182289,0.16625861619832416,0.253007,0.31525671780109404,0.2407576669997091,0.14899810160276988,True
government_negation,original_vs_rewrite,negation,0.050166,0.080063,0.10453216876538038,0.439332,0.43933236673474313,0.27193226775006174,0.3348001979693628,True
government_actor_reassignment,original_vs_rewrite,actor_reassignment,0.221769,0.128435,0.12116038718124095,0.187926,0.1879262829820315,0.15454333508163623,0.06676589580079056,True
government_quantity_change,original_vs_rewrite,quantity_change,0.121229,0.115706,0.13652777650432063,0.25035,0.25035035610198975,0.1934390663031552,0.11382257959766912,True
government_new_action,original_vs_rewrite,new_action,0.231781,0.294608,0.29357106007038886,0.379859,0.3798589234550794,0.3367149917627341,0.08628786338469052,True
government_omission,original_vs_rewrite,omission,0.406778,0.348959,0.3485137379803586,0.19528,0.25718162953853607,0.3028476837594474,0.09133210844182255,True
government_internal_contradiction,original_vs_rewrite,internal_contradiction,0.394524,0.385804,0.38772726490168685,0.500914,0.45100586930910747,0.41936656710539716,0.06327860440742061,True
health_identity,original_vs_rewrite,identity,0.0,0.0,0.0,0.0,0.0,0.0,0.0,True
health_paraphrase,original_vs_rewrite,paraphrase,0.172338,0.11766,0.0970655354769065,0.003036,0.00303566853205363,0.05005060200448006,0.09402986694485287,True
health_normative_opinion,original_vs_rewrite,normative_opinion,0.310085,0.325194,0.3148284303744248,0.127487,0.2521316111087799,0.2834800207416024,0.06269681926564491,True
health_motive_tentative,original_vs_rewrite,motive_tentative,0.31046,0.219383,0.20563728028007067,0.318149,0.3181490160524845,0.2618931481662776,0.11251173577241386,True
health_motive_asserted,original_vs_rewrite,motive_asserted,0.363744,0.220323,0.2165809403901055,0.318344,0.31834363788366316,0.2674622891368843,0.10176269749355765,True
health_opposite_motive,original_vs_rewrite,opposite_motive,0.219328,0.262126,0.2491480741095255,0.25396,0.3161301406721274,0.2826391073908264,0.06698206656260192,True
health_negation,original_vs_rewrite,negation,0.171092,0.16837,0.17902860550811328,0.43861,0.43860983327031133,0.3088192193892123,0.25958122776219805,True
health_actor_reassignment,original_vs_rewrite,actor_reassignment,0.196562,0.222153,0.1954449483796036,0.313116,0.3131157301366329,0.25428033925811827,0.1176707817570293,True
health_quantity_change,original_vs_rewrite,quantity_change,0.113062,0.125092,0.12897550180407133,0.250107,0.25010715126991273,0.18954132653699202,0.1211316494658414,True
health_new_action,original_vs_rewrite,new_action,0.387662,0.333044,0.31930170743786024,0.442257,0.38028525064388913,0.34979347904087466,0.06098354320602889,True
health_omission,original_vs_rewrite,omission,0.401911,0.471814,0.4544404501708547,0.318225,0.38020461052656174,0.41732253034870825,0.07423583964429298,True
health_internal_contradiction,original_vs_rewrite,internal_contradiction,0.508103,0.449902,0.4654005836752422,0.500946,0.5009460667769114,0.4831733252260768,0.03554548310166927,True
election_identity,original_vs_rewrite,identity,0.0,0.0,0.0,0.0,0.0,0.0,0.0,True
election_paraphrase,original_vs_rewrite,paraphrase,0.356553,0.204566,0.21150471183272235,0.000692,0.000692419211069743,0.10609856552189605,0.2108122926216526,True
election_normative_opinion,original_vs_rewrite,normative_opinion,0.39793,0.308351,0.31179206105425517,0.194759,0.2567005842924118,0.2842463226733335,0.05509147676184334,True
election_motive_tentative,original_vs_rewrite,motive_tentative,0.407681,0.260429,0.26505058503921075,0.25125,0.31364626114567123,0.289348423092441,0.048595676106460484,True
election_motive_asserted,original_vs_rewrite,motive_asserted,0.256538,0.196324,0.2030895553432706,0.314363,0.3143628795941671,0.2587262174687188,0.11127332425089648,True
election_opposite_motive,original_vs_rewrite,opposite_motive,0.328434,0.173712,0.16854316938911076,0.252761,0.31503116016586624,0.24178716477748852,0.14648799077675548,True
election_negation,original_vs_rewrite,negation,0.244031,0.180626,0.20237009515534196,0.438438,0.43843833059072496,0.32040421287303344,0.236068235435383,True
election_actor_reassignment,original_vs_rewrite,actor_reassignment,0.135889,0.12836,0.12416234996886151,0.313077,0.37552453329165775,0.24984344163025962,0.25136218332279625,True
election_quantity_change,original_vs_rewrite,quantity_change,0.064627,0.136603,0.1277038211584253,0.063041,0.1879687453309695,0.1578362832446974,0.0602649241725442,True
election_new_action,original_vs_rewrite,new_action,0.423479,0.412358,0.415052150222886,0.377316,0.4395843043923378,0.42731822730761193,0.024532154169451814,True
election_omission,original_vs_rewrite,omission,0.518918,0.556509,0.5609864185804809,0.314601,0.37691012769937515,0.46894827313992804,0.18407629088110578,True
election_internal_contradiction,original_vs_rewrite,internal_contradiction,0.514372,0.333532,0.33353255337808296,0.400798,0.5006647487481435,0.4170986510631132,0.16713219537006052,True
government_motive_tentative_vs_motive_asserted,direct_contrast,motive_tentative_vs_motive_asserted,0.078322,0.13851,0.1288920346048896,0.252325,0.19001910338799158,0.1594555689964406,0.06112706878310198,True
government_motive_asserted_vs_opposite_motive,direct_contrast,motive_asserted_vs_opposite_motive,0.113506,0.096698,0.09822941882242933,0.37524,0.37524020423491794,0.23673481152867365,0.2770107854124886,True
health_motive_tentative_vs_motive_asserted,direct_contrast,motive_tentative_vs_motive_asserted,0.212836,0.06714,0.054810166532043375,0.314975,0.25269962251186373,0.15375489452195357,0.19788945597982036,True
health_motive_asserted_vs_opposite_motive,direct_contrast,motive_asserted_vs_opposite_motive,0.261936,0.231825,0.23494846921985485,0.315403,0.3776395147045453,0.3062939919622001,0.14269104548469047,True
election_motive_tentative_vs_motive_asserted,direct_contrast,motive_tentative_vs_motive_asserted,0.31227,0.317851,0.3202419837985849,0.252002,0.2520021826028824,0.2861220832007336,0.0682398011957025,True
election_motive_asserted_vs_opposite_motive,direct_contrast,motive_asserted_vs_opposite_motive,0.264821,0.133278,0.12474536509720835,0.251617,0.3763476486007373,0.25054650684897284,0.2516022835035289,True
government_identity_replicate_2,extraction_repeat,identity,0.175242,0.051423,0.045228148847818374,,,,,True
government_identity_replicate_3,extraction_repeat,identity,0.170049,0.066871,0.06431873857975005,,,,,True
government_motive_asserted_replicate_2,extraction_repeat,motive_asserted,0.179763,0.271882,0.2715834620670552,,,,,True
government_motive_asserted_replicate_3,extraction_repeat,motive_asserted,0.139023,0.165442,0.1590909210927363,,,,,True
government_negation_replicate_2,extraction_repeat,negation,0.201104,0.155136,0.17915606568023398,,,,,True
government_negation_replicate_3,extraction_repeat,negation,0.061276,0.148506,0.17389147942267674,,,,,True
