pair_id,scenario_id,change_type,comparison_kind,cluster_stdi,theme_drift,subtopic_drift,entity_drift,relation_drift,contradiction_drift,valence_drift,arousal_drift,dominance_drift,vad_drift,content_drift,stdi,semantic_minus_cluster,rationales_json
government_identity,government,identity,original_vs_rewrite,0.0,0.0,0.0,0.0,0.0,0.0,0.0,0.0,0.0,0.0,0.0,0.0,0.0,"{""theme_drift"": ""Both texts describe the postponement of negotiations with the teachers union."", ""subtopic_drift"": ""Both mention the two-day delay and the union's request for a new meeting."", ""entity_drift"": ""The government and teachers union are the same entities in both texts."", ""relation_drift"": ""The government postponed negotiations, and the union requested a new meeting in both."", ""contradiction_drift"": ""Neither text introduces an internal contradiction.""}"
government_paraphrase,government,paraphrase,original_vs_rewrite,0.215154,0.0,0.0,0.0,0.0,0.0,0.011289,0.009362,0.000655,0.007102,0.0,0.00142,-0.213734,"{""theme_drift"": ""Both versions report the government postponing negotiations with the teachers union."", ""subtopic_drift"": ""Both mention the two-day postponement and the union's request for a new meeting."", ""entity_drift"": ""The government and teachers union are the same entities in both versions."", ""relation_drift"": ""The passive wording preserves who postponed negotiations and who requested a meeting."", ""contradiction_drift"": ""The modified text introduces no contradiction.""}"
government_normative_opinion,government,normative_opinion,original_vs_rewrite,0.319959,0.25,0.5,0.25,0.25,0.0,0.016619,0.010313,0.065426,0.030786,0.3125,0.316733,-0.003226,"{""theme_drift"": ""The delayed negotiations remain the primary subject, with a new call to action added."", ""subtopic_drift"": ""The modified text adds emphasis on prompt negotiations and fair treatment of workers."", ""entity_drift"": ""Workers are newly mentioned; the government and teachers union are unchanged."", ""relation_drift"": ""The original actions remain, and the modified text adds a recommendation for the government."", ""contradiction_drift"": ""The added recommendation does not contradict any original claim.""}"
government_motive_tentative,government,motive_tentative,original_vs_rewrite,0.245879,0.0,0.5,0.0,0.5,0.0,0.026934,0.010085,0.018278,0.018432,0.25,0.252765,0.006886,"{""theme_drift"": ""Both versions focus on the two-day postponement of negotiations between the government and the teachers union."", ""subtopic_drift"": ""The modified version adds a possible motive—weakening the union—not present in the original."", ""entity_drift"": ""The government and teachers union are the same entities in both versions."", ""relation_drift"": ""The modified version adds a speculative claim that the government delayed talks to weaken the union."", ""contradiction_drift"": ""The added possible motive does not contradict any claim in the original.""}"
government_motive_asserted,government,motive_asserted,original_vs_rewrite,0.240086,0.0,0.5,0.0,0.5,0.0,0.033796,0.0096,0.020883,0.021426,0.25,0.253214,0.013128,"{""theme_drift"": ""Both versions center on the government postponing negotiations with the teachers union."", ""subtopic_drift"": ""The modified version adds the claim that the delay aimed to weaken the union."", ""entity_drift"": ""The government and teachers union are the same entities in both versions."", ""relation_drift"": ""The modified version adds a deliberate motive for the postponement that the original does not state."", ""contradiction_drift"": ""The added motive does not conflict with any stated fact in the modified text.""}"
government_opposite_motive,government,opposite_motive,original_vs_rewrite,0.150556,0.0,0.5,0.0,0.5,0.0,0.033297,0.010417,0.016433,0.020049,0.25,0.253007,0.102451,"{""theme_drift"": ""Both versions focus on the postponement of negotiations with the teachers union."", ""subtopic_drift"": ""The modified text adds a new emphasis on the government's alleged motive for delaying talks."", ""entity_drift"": ""The government and teachers union remain the same entities."", ""relation_drift"": ""The modification adds the claim that the government deliberately delayed talks to protect the union."", ""contradiction_drift"": ""The added motive does not directly contradict any claim in the original.""}"
government_negation,government,negation,original_vs_rewrite,0.050166,0.5,0.5,0.0,0.75,0.0,0.021852,0.003651,0.02336,0.016288,0.4375,0.439332,0.389166,"{""theme_drift"": ""Both concern negotiations between the government and teachers union, but the central claim about postponement is reversed."", ""subtopic_drift"": ""The emphasis shifts from a two-day delay to the assertion that no such delay occurred; the union's meeting request is unchanged."", ""entity_drift"": ""The government and teachers union are the same entities in both versions."", ""relation_drift"": ""The government's action changes from postponing negotiations to not postponing them."", ""contradiction_drift"": ""The modified text does not contain an internal contradiction.""}"
government_actor_reassignment,government,actor_reassignment,original_vs_rewrite,0.221769,0.0,0.0,0.0,0.75,0.0,0.00204,0.000847,0.004982,0.002623,0.1875,0.187926,-0.033843,"{""theme_drift"": ""Both reports concern negotiations being postponed for two days and a request for a new meeting."", ""subtopic_drift"": ""The secondary detail—the union requesting a new meeting—is unchanged."", ""entity_drift"": ""Both texts name the government and the teachers union."", ""relation_drift"": ""The original says the government postponed negotiations; the modified text assigns that action to the union."", ""contradiction_drift"": ""The modified text makes a different claim from the original but contains no internal contradiction.""}"
government_quantity_change,government,quantity_change,original_vs_rewrite,0.121229,0.0,0.5,0.0,0.5,0.0,0.00308,0.001955,0.001972,0.002336,0.25,0.25035,0.129121,"{""theme_drift"": ""Both versions center on postponed negotiations with the teachers union."", ""subtopic_drift"": ""The stated delay changes substantially from two days to twenty days."", ""entity_drift"": ""The government and teachers union are the same entities in both versions."", ""relation_drift"": ""The postponement and meeting request remain, but the postponement duration changes."", ""contradiction_drift"": ""The modified text contains no internal contradiction.""}"
government_new_action,government,new_action,original_vs_rewrite,0.231781,0.5,0.5,0.0,0.5,0.0,0.058061,0.043254,0.015299,0.038871,0.375,0.379859,0.148078,"{""theme_drift"": ""The delayed negotiations remain, but the added surveillance claim introduces a substantial new focus."", ""subtopic_drift"": ""Secret surveillance is a significant new angle beyond the meeting delay and request."", ""entity_drift"": ""The government and teachers union are the same entities in both versions."", ""relation_drift"": ""The modified text adds the factual claim that the government secretly ordered surveillance of the union."", ""contradiction_drift"": ""The new surveillance claim does not directly contradict any claim in the text.""}"
government_omission,government,omission,original_vs_rewrite,0.406778,0.0,0.5,0.0,0.25,0.0,0.060464,0.040816,0.042353,0.047878,0.1875,0.19528,-0.211498,"{""theme_drift"": ""Both versions center on the government's two-day postponement of negotiations with the teachers union."", ""subtopic_drift"": ""The modified version omits the union's request for a new meeting."", ""entity_drift"": ""The government and teachers union are the same entities in both versions."", ""relation_drift"": ""The postponement relation remains, but the union's request relation is omitted."", ""contradiction_drift"": ""The modified text introduces no conflicting claim.""}"
government_internal_contradiction,government,internal_contradiction,original_vs_rewrite,0.394524,0.25,0.5,0.0,0.75,1.0,0.007556,0.00822,0.011657,0.009144,0.375,0.500914,0.10639,"{""theme_drift"": ""Both texts concern the government’s negotiations with the teachers union, though the modified version makes whether a postponement occurred the focus."", ""subtopic_drift"": ""The union’s request remains, but the postponement is reframed as a disputed claim."", ""entity_drift"": ""The government and teachers union are the same entities in both texts."", ""relation_drift"": ""The modified text both says the government postponed negotiations and says it did not."", ""contradiction_drift"": ""The modified text directly contradicts itself on the central claim that negotiations were postponed.""}"
health_identity,health,identity,original_vs_rewrite,0.0,0.0,0.0,0.0,0.0,0.0,0.0,0.0,0.0,0.0,0.0,0.0,0.0,"{""theme_drift"": ""Both versions describe the clinic's two-day closure and the workers' request for review."", ""subtopic_drift"": ""The secondary details and emphasis are identical."", ""entity_drift"": ""Both versions identify the health department, clinic, and clinic workers."", ""relation_drift"": ""The closure and review-request actions are unchanged."", ""contradiction_drift"": ""The modified text introduces no internal contradiction.""}"
health_paraphrase,health,paraphrase,original_vs_rewrite,0.172338,0.0,0.0,0.0,0.0,0.0,0.023771,0.000705,0.021059,0.015178,0.0,0.003036,-0.169302,"{""theme_drift"": ""Both describe the clinic's two-day closure and workers' request for review."", ""subtopic_drift"": ""The same closure and review-request details are included."", ""entity_drift"": ""The health department, clinic, and clinic workers are unchanged."", ""relation_drift"": ""The passive phrasing preserves the same actions and roles."", ""contradiction_drift"": ""The modified text introduces no contradiction.""}"
health_normative_opinion,health,normative_opinion,original_vs_rewrite,0.310085,0.0,0.25,0.0,0.25,0.0,0.015638,0.010309,0.016685,0.014211,0.125,0.127487,-0.182598,"{""theme_drift"": ""Both versions focus on the clinic's two-day closure and workers' review request."", ""subtopic_drift"": ""The modified text adds emphasis on protecting access to care and listening to workers."", ""entity_drift"": ""The same health department, clinic, and clinic workers appear in both versions."", ""relation_drift"": ""The original factual actions remain; the modified text adds a recommendation for the department."", ""contradiction_drift"": ""The added recommendation does not contradict any statement in the original text.""}"
health_motive_tentative,health,motive_tentative,original_vs_rewrite,0.31046,0.25,0.5,0.0,0.5,0.0,0.098965,0.021321,0.002965,0.041084,0.3125,0.318149,0.007689,"{""theme_drift"": ""The clinic closure and workers’ review request remain the central subject, with a possible retaliatory motive added."", ""subtopic_drift"": ""The modified text adds a new angle: the closure may have been intended to punish workers."", ""entity_drift"": ""The health department, clinic, and clinic workers are the same entities."", ""relation_drift"": ""The modified text adds a possible punitive motive linking the department’s closure to the workers."", ""contradiction_drift"": ""The added possible motive does not contradict any claim in the original.""}"
health_motive_asserted,health,motive_asserted,original_vs_rewrite,0.363744,0.25,0.5,0.0,0.5,0.0,0.087347,0.011031,0.029119,0.042499,0.3125,0.318344,-0.0454,"{""theme_drift"": ""The clinic closure and workers’ review request remain central, though the added punitive framing shifts the interpretation."", ""subtopic_drift"": ""The modified text adds a significant claim that the closure was intended to punish workers."", ""entity_drift"": ""The same health department, clinic, and clinic workers appear in both versions."", ""relation_drift"": ""The modification adds a motive linking the department’s closure to punishing the workers."", ""contradiction_drift"": ""The added motive is not contradicted by any claim in the modified text.""}"
health_opposite_motive,health,opposite_motive,original_vs_rewrite,0.219328,0.0,0.5,0.0,0.5,0.0,0.050099,0.007527,0.021577,0.026401,0.25,0.25396,0.034632,"{""theme_drift"": ""The central event remains the clinic's temporary closure and the workers' review request."", ""subtopic_drift"": ""The modified text adds a protective rationale for the closure."", ""entity_drift"": ""The same health department, clinic, and clinic workers are involved."", ""relation_drift"": ""The modification adds the factual claim that the department closed the clinic to protect workers."", ""contradiction_drift"": ""The added motive does not conflict with any claim in the original text.""}"
health_negation,health,negation,original_vs_rewrite,0.171092,0.5,0.5,0.0,0.75,0.0,0.013553,0.0038,0.012243,0.009865,0.4375,0.43861,0.267518,"{""theme_drift"": ""Both texts concern the clinic and workers' review request, but they differ on whether the central closure occurred."", ""subtopic_drift"": ""The closure angle changes from a two-day closure to an explicit denial of one."", ""entity_drift"": ""The health department, clinic, and clinic workers are unchanged."", ""relation_drift"": ""The modified text negates the health department's central action of closing the clinic."", ""contradiction_drift"": ""The modified text contains no internal contradiction; its disagreement is with the original.""}"
health_actor_reassignment,health,actor_reassignment,original_vs_rewrite,0.196562,0.0,0.5,0.0,0.75,0.0,0.001501,0.003943,0.00799,0.004478,0.3125,0.313116,0.116554,"{""theme_drift"": ""Both versions concern a two-day clinic closure and a request to review the decision."", ""subtopic_drift"": ""The emphasis shifts because the health department and clinic workers exchange roles in the secondary actions."", ""entity_drift"": ""The same entities appear in both versions; none is replaced by a different entity."", ""relation_drift"": ""The modified version reverses who closed the clinic and who requested a review."", ""contradiction_drift"": ""The modified text contains no internal contradiction.""}"
health_quantity_change,health,quantity_change,original_vs_rewrite,0.113062,0.0,0.5,0.0,0.5,0.0,0.001551,0.000177,0.000415,0.000714,0.25,0.250107,0.137045,"{""theme_drift"": ""Both versions concern a clinic closure and workers’ request for review."", ""subtopic_drift"": ""The stated closure duration changes materially from two days to twenty days."", ""entity_drift"": ""The health department, clinic, and clinic workers are unchanged."", ""relation_drift"": ""The health department still closes the clinic, but the asserted duration changes from two days to twenty."", ""contradiction_drift"": ""The modified text contains no internal contradiction.""}"
health_new_action,health,new_action,original_vs_rewrite,0.387662,0.5,0.75,0.0,0.5,0.0,0.063754,0.041295,0.021797,0.042282,0.4375,0.442257,0.054595,"{""theme_drift"": ""The clinic closure and review request remain, but the added surveillance claim materially broadens the story."", ""subtopic_drift"": ""Secret surveillance introduces a substantial new angle beyond the closure and review request."", ""entity_drift"": ""The health department, clinic, and clinic workers are the same entities."", ""relation_drift"": ""The modified text adds the health department ordering surveillance of workers; the original relations remain unchanged."", ""contradiction_drift"": ""The added surveillance claim does not contradict any other claim in the modified text.""}"
health_omission,health,omission,original_vs_rewrite,0.401911,0.0,0.5,0.25,0.5,0.0,0.057379,0.011859,0.055673,0.041637,0.3125,0.318225,-0.083686,"{""theme_drift"": ""Both versions center on the health department's two-day clinic closure."", ""subtopic_drift"": ""The modified text omits the workers' request for a review."", ""entity_drift"": ""Clinic workers are omitted, but no entity is replaced by a different one."", ""relation_drift"": ""The closure relation remains; the workers' review-request relation is omitted."", ""contradiction_drift"": ""The modified text does not contradict any claim in the original.""}"
health_internal_contradiction,health,internal_contradiction,original_vs_rewrite,0.508103,0.25,0.5,0.0,0.75,1.0,0.003277,0.003625,0.02148,0.009461,0.375,0.500946,-0.007157,"{""theme_drift"": ""Both texts concern the clinic closure and workers’ review request, though the modified text reframes the closure as disputed."", ""subtopic_drift"": ""The modified text adds a conflicting claim about whether the closure occurred."", ""entity_drift"": ""The same health department, clinic, and clinic workers appear in both texts."", ""relation_drift"": ""The modified text asserts both that the department closed the clinic and that it did not."", ""contradiction_drift"": ""The modified text directly contradicts its central claim that the department closed the clinic.""}"
election_identity,election,identity,original_vs_rewrite,0.0,0.0,0.0,0.0,0.0,0.0,0.0,0.0,0.0,0.0,0.0,0.0,0.0,"{""theme_drift"": ""Both versions describe voter-register removals and the resulting appeal request."", ""subtopic_drift"": ""Both emphasize voter registration and the appeal request."", ""entity_drift"": ""The same election commission, voter register, and affected voters appear in both."", ""relation_drift"": ""Both state that the commission removed 120 names and affected voters requested an appeal."", ""contradiction_drift"": ""The modified text introduces no contradiction.""}"
election_paraphrase,election,paraphrase,original_vs_rewrite,0.356553,0.0,0.0,0.0,0.0,0.0,0.003437,0.004986,0.001964,0.003462,0.0,0.000692,-0.355861,"{""theme_drift"": ""Both versions describe names removed from the voter register and an appeal requested by affected voters."", ""subtopic_drift"": ""The voter-registration and appeal angles are unchanged."", ""entity_drift"": ""The election commission and affected voters are the same actors."", ""relation_drift"": ""The passive phrasing preserves who removed the names and who requested the appeal."", ""contradiction_drift"": ""The modified text introduces no contradiction.""}"
election_normative_opinion,election,normative_opinion,original_vs_rewrite,0.39793,0.0,0.5,0.0,0.25,0.0,0.055871,0.02689,0.051251,0.044671,0.1875,0.194759,-0.203171,"{""theme_drift"": ""Both versions focus on the removal of names from the voter register and the affected voters’ appeal."", ""subtopic_drift"": ""The modified text adds voting-rights protection and fair treatment as secondary concerns."", ""entity_drift"": ""The same election commission and affected voters appear in both versions."", ""relation_drift"": ""The original actions remain unchanged; the modified version adds recommendations about the commission’s responsibilities."", ""contradiction_drift"": ""The added recommendation does not contradict any claim in the original.""}"
election_motive_tentative,election,motive_tentative,original_vs_rewrite,0.407681,0.0,0.5,0.0,0.5,0.0,0.010994,0.012478,0.001537,0.008336,0.25,0.25125,-0.156431,"{""theme_drift"": ""Both versions center on the removal of voter-register names and the affected voters' appeal."", ""subtopic_drift"": ""The modified version adds a possible effort to silence voters as a secondary angle."", ""entity_drift"": ""The same election commission and affected voters are involved."", ""relation_drift"": ""The modified text adds a tentative motive connecting the commission's removal of names to silencing voters."", ""contradiction_drift"": ""The added possible motive does not conflict with any claim in the text.""}"
election_motive_asserted,election,motive_asserted,original_vs_rewrite,0.256538,0.25,0.5,0.0,0.5,0.0,0.0179,0.000274,0.02247,0.013548,0.3125,0.314363,0.057825,"{""theme_drift"": ""The report remains about removing names from the voter register and the resulting appeal, but adds a claim about the commission’s motive."", ""subtopic_drift"": ""The modified text adds deliberate voter silencing as a significant secondary angle."", ""entity_drift"": ""The same commission, voters, and voter register are involved."", ""relation_drift"": ""The removal and appeal relations are unchanged, but the modified text asserts that the removal was deliberate and intended to silence voters."", ""contradiction_drift"": ""The added motive does not contradict any claim in the original text.""}"
election_opposite_motive,election,opposite_motive,original_vs_rewrite,0.328434,0.0,0.5,0.0,0.5,0.0,0.009293,0.01871,0.027222,0.018408,0.25,0.252761,-0.075673,"{""theme_drift"": ""Both versions concern 120 names removed from the voter register and the affected voters requesting an appeal."", ""subtopic_drift"": ""The modified version adds the commission's protective motive as a secondary angle."", ""entity_drift"": ""The same commission, voters, and voter register appear in both versions."", ""relation_drift"": ""The modified version adds that the commission deliberately removed the names to protect voters, changing the stated purpose of the removal."", ""contradiction_drift"": ""The added motive does not conflict with any claim in the original text.""}"
election_negation,election,negation,original_vs_rewrite,0.244031,0.5,0.5,0.0,0.75,0.0,0.008177,0.012576,0.004269,0.008341,0.4375,0.438438,0.194407,"{""theme_drift"": ""Both texts concern the voter register and an appeal, but the modified text reverses whether the removal occurred."", ""subtopic_drift"": ""The emphasis shifts from voters appealing after names were removed to the commission denying that it removed them."", ""entity_drift"": ""The election commission, voter register, and affected voters remain the same entities."", ""relation_drift"": ""The commission's action changes from removing 120 names to not removing them; the appeal request is unchanged."", ""contradiction_drift"": ""The modified text makes no internally contradictory claims.""}"
election_actor_reassignment,election,actor_reassignment,original_vs_rewrite,0.135889,0.0,0.25,0.0,1.0,0.0,0.010643,0.001836,0.00011,0.004196,0.3125,0.313077,0.177188,"{""theme_drift"": ""Both versions concern names being removed from the voter register and an appeal."", ""subtopic_drift"": ""The same secondary topics remain, but the appeal is attributed to a different party."", ""entity_drift"": ""The same entities appear in both versions; none are replaced."", ""relation_drift"": ""The modified text reverses who removed the names and who requested the appeal."", ""contradiction_drift"": ""The modified text contains no internal contradiction.""}"
election_quantity_change,election,quantity_change,original_vs_rewrite,0.064627,0.0,0.0,0.0,0.25,0.0,0.004541,0.003971,0.000142,0.002885,0.0625,0.063041,-0.001586,"{""theme_drift"": ""Both versions concern voter-register removals and affected voters seeking an appeal."", ""subtopic_drift"": ""The secondary focus on registration and an appeal is unchanged."", ""entity_drift"": ""The election commission, voter register, and affected voters are the same entities."", ""relation_drift"": ""The removal action is the same, but the reported number changes from 120 to 1200."", ""contradiction_drift"": ""The modified text contains no internal contradiction.""}"
election_new_action,election,new_action,original_vs_rewrite,0.423479,0.5,0.5,0.0,0.5,0.0,0.027926,0.023011,0.004644,0.018527,0.375,0.377316,-0.046163,"{""theme_drift"": ""The voter-register removal and appeal remain, but the added surveillance claim meaningfully broadens the story."", ""subtopic_drift"": ""Secretly ordered surveillance adds a substantial new angle alongside the appeal request."", ""entity_drift"": ""The same election commission and affected voters are involved."", ""relation_drift"": ""The modified text adds the commission's surveillance order as a new factual action."", ""contradiction_drift"": ""The added claim does not contradict any statement in the original text.""}"
election_omission,election,omission,original_vs_rewrite,0.518918,0.0,0.5,0.25,0.5,0.0,0.032837,0.009562,0.003444,0.015281,0.3125,0.314601,-0.204317,"{""theme_drift"": ""Both versions focus on the election commission removing names from the voter register."", ""subtopic_drift"": ""The modified version omits the secondary angle that affected voters requested an appeal."", ""entity_drift"": ""The affected voters are omitted, but no entity is replaced with a different one."", ""relation_drift"": ""The appeal-request relation is omitted; the removal relation remains unchanged."", ""contradiction_drift"": ""The modified text introduces no contradictory claim.""}"
election_internal_contradiction,election,internal_contradiction,original_vs_rewrite,0.514372,0.25,0.25,0.0,0.5,1.0,0.001551,0.003341,0.01505,0.006647,0.25,0.400798,-0.113574,"{""theme_drift"": ""Both texts concern voter-register removals and an appeal, though the modified text frames the removal as disputed."", ""subtopic_drift"": ""The modified text adds emphasis on conflicting claims; the appeal remains."", ""entity_drift"": ""The same election commission and affected voters appear in both texts."", ""relation_drift"": ""The modified text adds an opposite claim about whether the commission removed the names."", ""contradiction_drift"": ""The modified text directly states both that the commission removed the names and that it did not.""}"
government_motive_tentative_vs_motive_asserted,government,motive_tentative_vs_motive_asserted,direct_contrast,0.078322,0.0,0.5,0.0,0.5,0.0,0.006862,0.000485,0.03916,0.015502,0.25,0.252325,0.174003,"{""theme_drift"": ""Both versions concern the government postponing negotiations with the teachers union."", ""subtopic_drift"": ""The possible motive to weaken the union becomes a definite, deliberate aim."", ""entity_drift"": ""The government and teachers union are the same entities in both versions."", ""relation_drift"": ""The postponement is unchanged, but the alleged motive shifts from uncertain to asserted as intentional."", ""contradiction_drift"": ""The modified text contains no internal contradiction.""}"
government_motive_asserted_vs_opposite_motive,government,motive_asserted_vs_opposite_motive,direct_contrast,0.113506,0.25,0.5,0.0,0.75,0.0,0.000499,0.000816,0.00445,0.001922,0.375,0.37524,0.261734,"{""theme_drift"": ""Both versions center on the government postponing negotiations with the teachers union; the stated motive changes."", ""subtopic_drift"": ""The motive shifts from weakening the union to protecting it, changing a key secondary angle."", ""entity_drift"": ""The government and teachers union are the same entities in both versions."", ""relation_drift"": ""The delay is attributed opposite purposes: weakening versus protecting the union."", ""contradiction_drift"": ""The modified text introduces no internal contradiction.""}"
health_motive_tentative_vs_motive_asserted,health,motive_tentative_vs_motive_asserted,direct_contrast,0.212836,0.25,0.5,0.0,0.5,0.0,0.011618,0.01029,0.032085,0.017998,0.3125,0.314975,0.102139,"{""theme_drift"": ""Both versions concern the clinic closure and workers’ review request, though the modified version puts more emphasis on punitive intent."", ""subtopic_drift"": ""Possible retaliation becomes a definite, deliberate punishment claim."", ""entity_drift"": ""The health department, clinic, and clinic workers are unchanged."", ""relation_drift"": ""The modified text changes the department’s possible motive into an asserted deliberate purpose."", ""contradiction_drift"": ""The modified text introduces no internal contradiction.""}"
health_motive_asserted_vs_opposite_motive,health,motive_asserted_vs_opposite_motive,direct_contrast,0.261936,0.25,0.5,0.0,0.5,0.0,0.037249,0.018558,0.007542,0.021116,0.3125,0.315403,0.053467,"{""theme_drift"": ""Both versions concern the health department's temporary clinic closure, but its stated purpose changes."", ""subtopic_drift"": ""The closure's framing shifts from punishment to protection, changing a significant secondary angle."", ""entity_drift"": ""The health department, clinic, and clinic workers are the same entities in both versions."", ""relation_drift"": ""The department's action and the workers' review request remain, but the closure's purpose changes from punishing to protecting workers."", ""contradiction_drift"": ""The modified text contains no internal contradiction.""}"
election_motive_tentative_vs_motive_asserted,election,motive_tentative_vs_motive_asserted,direct_contrast,0.31227,0.0,0.5,0.0,0.5,0.0,0.006907,0.012204,0.020933,0.013348,0.25,0.252002,-0.060268,"{""theme_drift"": ""Both versions concern the removal of 120 voter-register names and the affected voters' appeal."", ""subtopic_drift"": ""The possible silencing motive becomes an emphasized claim of deliberate silencing."", ""entity_drift"": ""The election commission and affected voters are the same entities in both versions."", ""relation_drift"": ""The modified text changes the commission's motive from uncertain to deliberate."", ""contradiction_drift"": ""The modified text contains no internal contradiction.""}"
election_motive_asserted_vs_opposite_motive,election,motive_asserted_vs_opposite_motive,direct_contrast,0.264821,0.0,0.5,0.0,0.5,0.0,0.008607,0.018984,0.004752,0.010781,0.25,0.251617,-0.013204,"{""theme_drift"": ""Both versions concern the election commission removing 120 names from the voter register and the affected voters seeking an appeal."", ""subtopic_drift"": ""The stated motive changes from silencing voters to protecting them, shifting a significant secondary angle."", ""entity_drift"": ""The same commission, affected voters, and voter register appear in both versions."", ""relation_drift"": ""The removal and appeal actions remain the same, but the commission's asserted purpose for removing the names changes."", ""contradiction_drift"": ""The modified text does not contradict itself internally.""}"
