run_id,chain_code,step_index,relation,metric,total_steps,paired_steps,bert_mean,bert_q1,bert_q3,nrc_mean,nrc_q1,nrc_q3,memolon_mean,memolon_q1,memolon_q3,nrc_change_mean,memolon_change_mean
simulation_ui_20260918_000717_01_01_ssss,SSSS,1,vs_original,vad_drift,50,50,0.016748832066853837,0.009525309006373087,0.019716242949167885,0.015365760429620252,0.007522924214975801,0.018363703009612948,0.0043986348317925725,0.0022790818230840246,0.006590247526173247,-0.001383071637233592,-0.012350197235061271
simulation_ui_20260918_000717_01_01_ssss,SSSS,1,vs_original,valence_drift,50,50,0.018265200853347777,0.008149906992912292,0.023649588227272034,0.017296535222819064,0.006763969185601515,0.0272492063492063,0.005785522822579372,0.0020680762370562378,0.008292887933068288,-0.0009686656305287156,-0.012479678030768406
simulation_ui_20260918_000717_01_01_ssss,SSSS,1,vs_original,arousal_drift,50,50,0.018046348094940184,0.00508388876914978,0.024422600865364075,0.013648648272133069,0.005042853252412133,0.01878734546703298,0.003249252728254657,0.0012281199097644857,0.004053537618492281,-0.004397699822807117,-0.014797095366685529
simulation_ui_20260918_000717_01_01_ssss,SSSS,1,vs_original,dominance_drift,50,50,0.01393494725227356,0.00529441237449646,0.016448602080345154,0.015152097793908616,0.00520024801587296,0.01873065904683552,0.004161128944543688,0.0016136729717580178,0.006341697505482358,0.001217150541635057,-0.009773818307729871
simulation_ui_20260918_000717_01_01_ssss,SSSS,1,vs_original,stdi,50,50,0.19493524468333484,0.12612103043532585,0.264409666775088,0.19474732735727712,0.12622553802104958,0.2616941236584722,0.19297420072057092,0.12525284912316634,0.2612199754705662,-0.0001879173260577305,-0.0019610439627639514
simulation_ui_20260918_000717_01_01_ssss,SSSS,1,incremental,vad_drift,50,50,0.016748832066853837,0.009525309006373087,0.019716242949167885,0.015365760429620252,0.007522924214975801,0.018363703009612948,0.0043986348317925725,0.0022790818230840246,0.006590247526173247,-0.001383071637233592,-0.012350197235061271
simulation_ui_20260918_000717_01_01_ssss,SSSS,1,incremental,valence_drift,50,50,0.018265200853347777,0.008149906992912292,0.023649588227272034,0.017296535222819064,0.006763969185601515,0.0272492063492063,0.005785522822579372,0.0020680762370562378,0.008292887933068288,-0.0009686656305287156,-0.012479678030768406
simulation_ui_20260918_000717_01_01_ssss,SSSS,1,incremental,arousal_drift,50,50,0.018046348094940184,0.00508388876914978,0.024422600865364075,0.013648648272133069,0.005042853252412133,0.01878734546703298,0.003249252728254657,0.0012281199097644857,0.004053537618492281,-0.004397699822807117,-0.014797095366685529
simulation_ui_20260918_000717_01_01_ssss,SSSS,1,incremental,dominance_drift,50,50,0.01393494725227356,0.00529441237449646,0.016448602080345154,0.015152097793908616,0.00520024801587296,0.01873065904683552,0.004161128944543688,0.0016136729717580178,0.006341697505482358,0.001217150541635057,-0.009773818307729871
simulation_ui_20260918_000717_01_01_ssss,SSSS,1,incremental,stdi,50,50,0.19493524468333484,0.12612103043532585,0.264409666775088,0.19474732735727712,0.12622553802104958,0.2616941236584722,0.19297420072057092,0.12525284912316634,0.2612199754705662,-0.0001879173260577305,-0.0019610439627639514
simulation_ui_20260918_000717_01_01_ssss,SSSS,2,vs_original,vad_drift,50,50,0.021077465613683066,0.011976068218549093,0.02872192362944285,0.01794605245632478,0.008504782568122416,0.024244233630952378,0.0054999231537777304,0.003494654406431319,0.006202291548446611,-0.003131413157358285,-0.015577542459905334
simulation_ui_20260918_000717_01_01_ssss,SSSS,2,vs_original,valence_drift,50,50,0.021916143894195557,0.007314994931221008,0.028678014874458313,0.021877910133882204,0.009733198051948055,0.03201790787337658,0.007671324866696143,0.0042443672933530074,0.0092466921039778,-3.8233760313350905e-05,-0.014244819027499413
simulation_ui_20260918_000717_01_01_ssss,SSSS,2,vs_original,arousal_drift,50,50,0.02506807804107666,0.00644133985042572,0.03874035179615021,0.014401753812502204,0.00315228818800245,0.02083565002705634,0.003193399351921267,0.0014186681806453438,0.00440242163445731,-0.010666324228574456,-0.021874678689155398
simulation_ui_20260918_000717_01_01_ssss,SSSS,2,vs_original,dominance_drift,50,50,0.01624817490577698,0.008285224437713623,0.019122302532196045,0.01755849342258993,0.004971704112863268,0.023264433265974965,0.005635045242715784,0.0032245528136022605,0.00702970605656239,0.0013103185168129516,-0.010613129663061193
simulation_ui_20260918_000717_01_01_ssss,SSSS,2,vs_original,stdi,50,50,0.22154216316589473,0.16290500854914408,0.2679339433371768,0.22104630705638406,0.1608489810919508,0.26976022424321316,0.21911295576752504,0.16033183556760866,0.26579655819356596,-0.0004958561095106791,-0.0024292073983697036
simulation_ui_20260918_000717_01_01_ssss,SSSS,2,incremental,vad_drift,50,50,0.012181691726048787,0.005854899684588115,0.015031923850377401,0.011339608044601797,0.005737704776059356,0.01618141233766235,0.003202805866482165,0.0013123998187846895,0.004406875019004959,-0.0008420836814469919,-0.008978885859566622
simulation_ui_20260918_000717_01_01_ssss,SSSS,2,incremental,valence_drift,50,50,0.014236358404159545,0.0048507750034332275,0.02164900302886963,0.011306876575264503,0.0041717450528565014,0.017595752895752964,0.004438315172844829,0.001052498369958632,0.005853922013881435,-0.002929481828895042,-0.009798043231314717
simulation_ui_20260918_000717_01_01_ssss,SSSS,2,incremental,arousal_drift,50,50,0.012759177684783936,0.005386725068092346,0.014164358377456665,0.011343423441558387,0.004334189139656441,0.01663811649659866,0.001485879406437065,0.00039744944429168094,0.0020973482028005808,-0.0014157542432255488,-0.011273298278346871
simulation_ui_20260918_000717_01_01_ssss,SSSS,2,incremental,dominance_drift,50,50,0.00954953908920288,0.0027092397212982178,0.013437464833259583,0.011368524116982496,0.0023056105212355404,0.01744975660115744,0.003684223020164603,0.0007565395151120369,0.005836244311293898,0.001818985027779616,-0.0058653160690382775
simulation_ui_20260918_000717_01_01_ssss,SSSS,2,incremental,stdi,50,50,0.19111537444686796,0.11042406186739954,0.2589092263175362,0.19103499585994904,0.11158142283304118,0.26088189975754006,0.18968486724259676,0.10955640571699292,0.25835757206597626,-8.037858691892018e-05,-0.001430507204271173
simulation_ui_20260918_000717_01_01_ssss,SSSS,3,vs_original,vad_drift,50,50,0.024116038481394448,0.01189856727917989,0.030906260013580322,0.017417375655736998,0.009199949913962613,0.023603214285714276,0.005629574633865244,0.002991649518549152,0.0072748698111910395,-0.006698662825657451,-0.018486463847529205
simulation_ui_20260918_000717_01_01_ssss,SSSS,3,vs_original,valence_drift,50,50,0.026705023050308228,0.012156099081039429,0.03697402775287628,0.021314041115671954,0.005975347340124476,0.03627813403386407,0.008055848988374317,0.0032681569429350854,0.010006555236904191,-0.005390981934636274,-0.01864917406193391
simulation_ui_20260918_000717_01_01_ssss,SSSS,3,vs_original,arousal_drift,50,50,0.026491624116897584,0.007729336619377136,0.03673933446407318,0.014466375830577494,0.006001278073286043,0.02101960784313725,0.003321334243440137,0.0009687381655063554,0.004131872010490756,-0.01202524828632009,-0.023170289873457442
simulation_ui_20260918_000717_01_01_ssss,SSSS,3,vs_original,dominance_drift,50,50,0.01915146827697754,0.007633239030838013,0.02553306519985199,0.01647171002096155,0.007676230215677704,0.02182715947529079,0.005511540669781279,0.0023804399700793344,0.008578660317329068,-0.002679758256015989,-0.01363992760719626
simulation_ui_20260918_000717_01_01_ssss,SSSS,3,vs_original,stdi,50,50,0.23787116525621563,0.17800656693902356,0.2903072644286251,0.23685965842357773,0.17357387411078726,0.29001569435222024,0.2350546269544679,0.17368819519418188,0.28799254003108254,-0.0010115068326378952,-0.0028165383017477808
simulation_ui_20260918_000717_01_01_ssss,SSSS,3,incremental,vad_drift,50,50,0.008539222478866577,0.004180823763211568,0.011298423012097677,0.008708495424184049,0.004619665892672875,0.011474127733968175,0.002842713661965648,0.0012247068408869355,0.0034403240470311054,0.00016927294531747134,-0.00569650881690093
simulation_ui_20260918_000717_01_01_ssss,SSSS,3,incremental,valence_drift,50,50,0.010131162405014039,0.0031210482120513916,0.011596381664276123,0.009407685554781265,0.003945728554071715,0.01341943400167081,0.003826481798119532,0.001186933806839402,0.005422348960691298,-0.0007234768502327737,-0.006304680606894506
simulation_ui_20260918_000717_01_01_ssss,SSSS,3,incremental,arousal_drift,50,50,0.008481324911117553,0.0028844624757766724,0.012298166751861572,0.00868694551291767,0.0031261695906432685,0.012945256193693688,0.0014735261857418648,0.0005475482198102066,0.0018596336218150156,0.0002056206018001161,-0.007007798725375689
simulation_ui_20260918_000717_01_01_ssss,SSSS,3,incremental,dominance_drift,50,50,0.0070051801204681395,0.001737251877784729,0.00973200798034668,0.00803085520485321,0.002384084452479285,0.011514267439431902,0.003228133002035547,0.0009483661512274255,0.004332540370927118,0.0010256750843850714,-0.0037770471184325927
simulation_ui_20260918_000717_01_01_ssss,SSSS,3,incremental,stdi,50,50,0.17942783159645093,0.11389419134517345,0.23547450569942394,0.17949060419240723,0.11398750762918931,0.2359375966304414,0.17851701829757669,0.1133434907101645,0.23467501259822898,6.277259595628228e-05,-0.0009108132988742431
simulation_ui_20260918_000717_01_01_ssss,SSSS,4,vs_original,vad_drift,50,50,0.024617751042048136,0.012429967522621155,0.033646732568740845,0.01829303128703096,0.009491684027777772,0.023204831048581016,0.005490917660196929,0.003021793953035442,0.007241689423442231,-0.006324719755017177,-0.01912683338185121
simulation_ui_20260918_000717_01_01_ssss,SSSS,4,vs_original,valence_drift,50,50,0.02845142960548401,0.008986815810203552,0.04563738405704498,0.022108110692598687,0.008535684589800419,0.03478472222222212,0.0076673927942433615,0.002644036489405338,0.011616166435674175,-0.006343318912885323,-0.020784036811240646
simulation_ui_20260918_000717_01_01_ssss,SSSS,4,vs_original,arousal_drift,50,50,0.027594447135925293,0.009847596287727356,0.03700233995914459,0.01475468025163542,0.004893783783783745,0.020779761078959846,0.003343337687247925,0.0012088786411280361,0.004652863561289827,-0.012839766884289873,-0.02425110944867737
simulation_ui_20260918_000717_01_01_ssss,SSSS,4,vs_original,dominance_drift,50,50,0.017807376384735108,0.008546575903892517,0.027524486184120178,0.018016302916858774,0.00460243637076152,0.02290893939393937,0.005462022499099499,0.0028723268084935027,0.006555897165687774,0.00020892653212366773,-0.012345353885635608
simulation_ui_20260918_000717_01_01_ssss,SSSS,4,vs_original,stdi,50,50,0.2529811039269919,0.19523677492373248,0.321114257812137,0.25204990436789915,0.19633284596781173,0.31691810776322815,0.25016632278918555,0.19320562094568197,0.31617071290842813,-0.0009311995590927777,-0.002814781137806378
simulation_ui_20260918_000717_01_01_ssss,SSSS,4,incremental,vad_drift,50,50,0.008046114047368368,0.004249503215154013,0.009983097513516743,0.008503464761205875,0.0043305580871370415,0.012120869940927722,0.002786363439126309,0.0012019021593311734,0.004074984285602591,0.000457350713837507,-0.005259750608242059
simulation_ui_20260918_000717_01_01_ssss,SSSS,4,incremental,valence_drift,50,50,0.009792768955230713,0.003723055124282837,0.012463808059692383,0.009188068321311183,0.003162219400223404,0.012549271245917565,0.003817839802984262,0.001080605728881634,0.005914928364112337,-0.0006047006339195305,-0.005974929152246451
simulation_ui_20260918_000717_01_01_ssss,SSSS,4,incremental,arousal_drift,50,50,0.007739053964614868,0.002785399556159973,0.011248007416725159,0.008027578282681578,0.002593256062472765,0.012652018219472483,0.0013790304690442312,0.0005891478224057112,0.00200992513307488,0.00028852431806670965,-0.006360023495570637
simulation_ui_20260918_000717_01_01_ssss,SSSS,4,incremental,dominance_drift,50,50,0.0066065192222595215,0.003497675061225891,0.0072800517082214355,0.008294747679624863,0.003212407531194311,0.012763496928515333,0.0031622200453504347,0.0009579696854120912,0.004457374967564126,0.0016882284573653417,-0.003444299176909087
simulation_ui_20260918_000717_01_01_ssss,SSSS,4,incremental,stdi,50,50,0.18421697825524092,0.12383623665380464,0.22083118467520907,0.18427836350146737,0.12346036375126751,0.22135089124942986,0.1833479403877435,0.12269319506308045,0.21956217854775936,6.13852462264166e-05,-0.0008690378674974781
simulation_ui_20260918_000717_02_02_cccc,CCCC,1,vs_original,vad_drift,50,50,0.012530955076217652,0.005917181571324666,0.016383320093154907,0.013879228393380589,0.007753921188630516,0.01904778206001035,0.0032943965010087217,0.0015144419140602494,0.004580135956057746,0.0013482733171629358,-0.00923655857520893
simulation_ui_20260918_000717_02_02_cccc,CCCC,1,vs_original,valence_drift,50,50,0.013062353134155274,0.0031668543815612793,0.019239068031311035,0.014220137491357886,0.0030591623746492047,0.017197991156559816,0.004117402063371934,0.0010562358079805323,0.005618501794076497,0.0011577843572026115,-0.00894495107078334
simulation_ui_20260918_000717_02_02_cccc,CCCC,1,vs_original,arousal_drift,50,50,0.014271889925003051,0.00468096137046814,0.018789812922477722,0.013251082785010552,0.005032584485407082,0.01857318308371736,0.0022209616697945324,0.0007360823082742662,0.0029651663117855054,-0.001020807139992499,-0.01205092825520852
simulation_ui_20260918_000717_02_02_cccc,CCCC,1,vs_original,dominance_drift,50,50,0.010258622169494629,0.0025935620069503784,0.013923034071922302,0.014166464903773324,0.0037500324117464012,0.018237532936903528,0.003544825769859701,0.0012442204046694272,0.004963693797657126,0.003907842734278695,-0.006713796399634928
simulation_ui_20260918_000717_02_02_cccc,CCCC,1,vs_original,stdi,50,50,0.21077014207490807,0.13953071440345338,0.2692022362601015,0.210953266272046,0.14219164646146645,0.27132691505205675,0.2093021025261615,0.13740058651973602,0.26873075154545645,0.0001831241971379277,-0.0014680395487466226
simulation_ui_20260918_000717_02_02_cccc,CCCC,1,incremental,vad_drift,50,50,0.012530955076217652,0.005917181571324666,0.016383320093154907,0.013879228393380589,0.007753921188630516,0.01904778206001035,0.0032943965010087217,0.0015144419140602494,0.004580135956057746,0.0013482733171629358,-0.00923655857520893
simulation_ui_20260918_000717_02_02_cccc,CCCC,1,incremental,valence_drift,50,50,0.013062353134155274,0.0031668543815612793,0.019239068031311035,0.014220137491357886,0.0030591623746492047,0.017197991156559816,0.004117402063371934,0.0010562358079805323,0.005618501794076497,0.0011577843572026115,-0.00894495107078334
simulation_ui_20260918_000717_02_02_cccc,CCCC,1,incremental,arousal_drift,50,50,0.014271889925003051,0.00468096137046814,0.018789812922477722,0.013251082785010552,0.005032584485407082,0.01857318308371736,0.0022209616697945324,0.0007360823082742662,0.0029651663117855054,-0.001020807139992499,-0.01205092825520852
simulation_ui_20260918_000717_02_02_cccc,CCCC,1,incremental,dominance_drift,50,50,0.010258622169494629,0.0025935620069503784,0.013923034071922302,0.014166464903773324,0.0037500324117464012,0.018237532936903528,0.003544825769859701,0.0012442204046694272,0.004963693797657126,0.003907842734278695,-0.006713796399634928
simulation_ui_20260918_000717_02_02_cccc,CCCC,1,incremental,stdi,50,50,0.21077014207490807,0.13953071440345338,0.2692022362601015,0.210953266272046,0.14219164646146645,0.27132691505205675,0.2093021025261615,0.13740058651973602,0.26873075154545645,0.0001831241971379277,-0.0014680395487466226
simulation_ui_20260918_000717_02_02_cccc,CCCC,2,vs_original,vad_drift,50,50,0.015169701178868612,0.008439059058825174,0.018154869476954143,0.01494585881099205,0.00839196557235769,0.018607721106916802,0.003802088335391271,0.0017639802207560043,0.005467847014459589,-0.0002238423678765626,-0.011367612843477344
simulation_ui_20260918_000717_02_02_cccc,CCCC,2,vs_original,valence_drift,50,50,0.016210299730300904,0.007427901029586792,0.021357685327529907,0.016422866043307057,0.006511563635751755,0.020253098290598293,0.004809058487736706,0.0014306186610594518,0.008014800145022066,0.00021256631300615504,-0.011401241242564197
simulation_ui_20260918_000717_02_02_cccc,CCCC,2,vs_original,arousal_drift,50,50,0.0174530565738678,0.006025373935699463,0.02098730206489563,0.013919481799608084,0.0038836294531102433,0.01846188665165477,0.0022992534117071807,0.0007601237725486931,0.0032516520112041425,-0.0035335747742597135,-0.015153803162160617
simulation_ui_20260918_000717_02_02_cccc,CCCC,2,vs_original,dominance_drift,50,50,0.011845747232437134,0.002771228551864624,0.014262005686759949,0.014495228590061004,0.004722579891538264,0.022394797552055645,0.004297953106729926,0.0015749937996031582,0.006250530173183055,0.0026494813576238706,-0.007547794125707208
simulation_ui_20260918_000717_02_02_cccc,CCCC,2,vs_original,stdi,50,50,0.212111644663931,0.13139994584562448,0.2797142150277,0.21207503058523952,0.13105274048977594,0.2774986113825206,0.21034312594985288,0.1301106229920247,0.27516438379985036,-3.661407869146441e-05,-0.001768518714078072
simulation_ui_20260918_000717_02_02_cccc,CCCC,2,incremental,vad_drift,50,50,0.007920418580373128,0.003237023949623108,0.009877463181813559,0.0087670227728861,0.003071681450357938,0.012553984007931368,0.0023475365049291587,0.0007802031398454201,0.0033276429327136017,0.0008466041925129729,-0.005572882075443969
simulation_ui_20260918_000717_02_02_cccc,CCCC,2,incremental,valence_drift,50,50,0.008791307210922241,0.0021670013666152954,0.013598963618278503,0.007948801334206734,0.0015007440476191014,0.009142045454545472,0.0028676184115234847,0.0006371362156633031,0.0046909406792943475,-0.000842505876715507,-0.005923688799398756
simulation_ui_20260918_000717_02_02_cccc,CCCC,2,incremental,arousal_drift,50,50,0.008440542221069335,0.0020229071378707886,0.01260918378829956,0.008759118419946173,0.0015764058827067717,0.010830648207713123,0.0015828820448628034,0.00037994468167701356,0.002040811052068797,0.00031857619887683654,-0.006857660176206533
simulation_ui_20260918_000717_02_02_cccc,CCCC,2,incremental,dominance_drift,50,50,0.006529406309127807,0.0016666948795318604,0.006449609994888306,0.009593148564505397,0.0018085588959554644,0.014988403382485832,0.0025921090584011884,0.0007782373891965511,0.0035438577393141213,0.0030637422553775884,-0.003937297250726619
simulation_ui_20260918_000717_02_02_cccc,CCCC,2,incremental,stdi,50,50,0.18248695278684526,0.1103209670062655,0.2253327271132688,0.1826074342695342,0.10961672447662726,0.2250213845615602,0.18160858802566007,0.11002067836914824,0.22497481580136816,0.00012048148268892494,-0.0008783647611851406
simulation_ui_20260918_000717_02_02_cccc,CCCC,3,vs_original,vad_drift,50,50,0.016157309214274093,0.008605003356933594,0.019914433360099792,0.01785535757618657,0.010926810344827611,0.021212945942265755,0.004651299431262442,0.002329862423269343,0.007079887325933121,0.0016980483619124787,-0.011506009783011646
simulation_ui_20260918_000717_02_02_cccc,CCCC,3,vs_original,valence_drift,50,50,0.017185683250427245,0.007057443261146545,0.023907601833343506,0.01772055776523779,0.006752239127033793,0.02475434027777773,0.0060230713000268546,0.0020266555555805976,0.0093975907283331,0.0005348745148105439,-0.011162611950400391
simulation_ui_20260918_000717_02_02_cccc,CCCC,3,vs_original,arousal_drift,50,50,0.01710524320602417,0.0035453438758850098,0.02147449553012848,0.017345621649371975,0.006842890308616123,0.025535900085840724,0.0026686501637979143,0.0008866786600602028,0.003779175685425684,0.00024037844334780622,-0.014436593042226255
simulation_ui_20260918_000717_02_02_cccc,CCCC,3,vs_original,dominance_drift,50,50,0.01418100118637085,0.003579944372177124,0.019489377737045288,0.018499893313949935,0.009197985419402532,0.023231310314974662,0.005262176829962557,0.0017339520604270908,0.007617323974251661,0.004318892127579086,-0.008918824356408292
simulation_ui_20260918_000717_02_02_cccc,CCCC,3,vs_original,stdi,50,50,0.24528627018322832,0.1859474058285181,0.3080224949865521,0.24554254984931034,0.1867214199043739,0.3086358093805779,0.24358001854182595,0.1845452262646189,0.3072247860405465,0.00025627966608202904,-0.0017062516414023696
simulation_ui_20260918_000717_02_02_cccc,CCCC,3,incremental,vad_drift,50,50,0.008096023797988891,0.0032662153244018555,0.010713964700698853,0.008087351046979158,0.003417472867485736,0.010134234943977593,0.0022243703905714717,0.0008334098425891631,0.0028482977560012057,-8.6727510097343e-06,-0.00587165340741742
simulation_ui_20260918_000717_02_02_cccc,CCCC,3,incremental,valence_drift,50,50,0.00979551911354065,0.0024937987327575684,0.011640235781669617,0.007590717054844554,0.0018279059302766243,0.011635615079365058,0.0028857062530285972,0.0005995993375331743,0.0036293893404293065,-0.002204802058696096,-0.006909812860512053
simulation_ui_20260918_000717_02_02_cccc,CCCC,3,incremental,arousal_drift,50,50,0.006755872964859009,0.0017723888158798218,0.00853206217288971,0.008862033623132965,0.0023013249714399775,0.01200581349206345,0.0013282768308015935,0.0004075292024794952,0.0017678038052373612,0.0021061606582739568,-0.005427596134057415
simulation_ui_20260918_000717_02_02_cccc,CCCC,3,incremental,dominance_drift,50,50,0.007736679315567017,0.002018347382545471,0.009771615266799927,0.007809302462959953,0.0018596991752782288,0.010012663398692834,0.002459128087884224,0.0004818009089171127,0.00331590913609206,7.262314739293618e-05,-0.005277551227682793
simulation_ui_20260918_000717_02_02_cccc,CCCC,3,incremental,stdi,50,50,0.18291261379031237,0.13299226896492142,0.21976452416746128,0.1829188511006276,0.13202500051747773,0.21939409275583288,0.18195799208880822,0.13174785917130885,0.21871289509176783,6.237310315289416e-06,-0.0009546217015041577
simulation_ui_20260918_000717_02_02_cccc,CCCC,4,vs_original,vad_drift,50,50,0.01722414215405782,0.00856153170267741,0.020479748646418255,0.018669327159990666,0.010317657563025245,0.022193556149732657,0.004474531755860555,0.0020367702692295486,0.006051916483190228,0.001445185005932847,-0.012749610398197267
simulation_ui_20260918_000717_02_02_cccc,CCCC,4,vs_original,valence_drift,50,50,0.017395697832107544,0.0059761106967926025,0.023145943880081177,0.019707316677545696,0.007166204329669662,0.026139327485380115,0.0057259889791141825,0.001380433522967378,0.008357008554306267,0.00231161884543815,-0.01166970885299336
simulation_ui_20260918_000717_02_02_cccc,CCCC,4,vs_original,arousal_drift,50,50,0.019843598604202272,0.007194817066192627,0.024677470326423645,0.016870301045560577,0.0073253759544958386,0.020444290158802808,0.002587814982512129,0.000553098072881647,0.0034216519460065487,-0.002973297558641692,-0.01725578362169014
simulation_ui_20260918_000717_02_02_cccc,CCCC,4,vs_original,dominance_drift,50,50,0.014433130025863647,0.00651918351650238,0.017827510833740234,0.019430363756865732,0.008743293128654933,0.025776434676434673,0.005109791305955354,0.0015133856296570825,0.007169154231452313,0.004997233731002085,-0.009323338719908293
simulation_ui_20260918_000717_02_02_cccc,CCCC,4,vs_original,stdi,50,50,0.25642695991432396,0.1948700134389034,0.30202902453489855,0.25658936213002137,0.19581213826319147,0.3019051525180255,0.25454276190251013,0.19326832421457865,0.30082476984030554,0.00016240221569745,-0.0018841980118138066
simulation_ui_20260918_000717_02_02_cccc,CCCC,4,incremental,vad_drift,50,50,0.008159284194310506,0.003584871689478556,0.010119035840034485,0.008795886733004238,0.0031758446910452225,0.01124174058065656,0.002317525331703261,0.0009828268131800804,0.002953280128031782,0.0006366025386937338,-0.005841758862607243
simulation_ui_20260918_000717_02_02_cccc,CCCC,4,incremental,valence_drift,50,50,0.009950603246688844,0.0027541816234588623,0.013096719980239868,0.009221522952392192,0.0028245474442188667,0.013498457792207735,0.0028988189262834376,0.0008244780598159196,0.0038717092014107224,-0.0007290802942966512,-0.0070517843204054055
simulation_ui_20260918_000717_02_02_cccc,CCCC,4,incremental,arousal_drift,50,50,0.0073294198513031,0.0018017888069152832,0.009889006614685059,0.007061362353039067,0.0015619722452935303,0.008316868301960129,0.001599366907228903,0.000570188004026223,0.0020518506413590987,-0.0002680574982640338,-0.0057300529440741975
simulation_ui_20260918_000717_02_02_cccc,CCCC,4,incremental,dominance_drift,50,50,0.007197829484939575,0.0018390417098999023,0.008948713541030884,0.010104774893581463,0.0025896110944319817,0.014864665530846477,0.002454390161597444,0.0004446299388391195,0.0038059171006127046,0.002906945408641888,-0.004743439323342131
simulation_ui_20260918_000717_02_02_cccc,CCCC,4,incremental,stdi,50,50,0.1743520864525184,0.120617708576439,0.23156575658257122,0.17447089623078577,0.1202005216574192,0.23171872594629628,0.17340631412400273,0.11977292005935886,0.23124342690244237,0.00011880977826734043,-0.000945772328515633
simulation_ui_20260918_000717_03_03_pppp,PPPP,1,vs_original,vad_drift,50,50,0.014362494150797527,0.006372759739557902,0.01726110279560089,0.012663886411014923,0.0073904638466674635,0.01784030580192166,0.0039048934333130027,0.0018625477006177689,0.005021444986343511,-0.001698607739782605,-0.010457600717484522
simulation_ui_20260918_000717_03_03_pppp,PPPP,1,vs_original,valence_drift,50,50,0.017098650932312012,0.00420650839805603,0.024714678525924683,0.014250794333109997,0.0064076138519924275,0.01970201388888887,0.005092064454845735,0.0026316259052896196,0.007202123835446939,-0.0028478565992020146,-0.012006586477466276
simulation_ui_20260918_000717_03_03_pppp,PPPP,1,vs_original,arousal_drift,50,50,0.01617711067199707,0.00651182234287262,0.023769289255142212,0.01014470024284867,0.0030377274404568833,0.016529280462184825,0.0025397701151540987,0.0011379838726771618,0.003423040309873948,-0.0060324104291484,-0.013637340556842972
simulation_ui_20260918_000717_03_03_pppp,PPPP,1,vs_original,dominance_drift,50,50,0.009811720848083495,0.002845287322998047,0.012905627489089966,0.013596164657086096,0.0045255342741935545,0.019540562865497074,0.004082845729939175,0.0014611203818456209,0.005922306131103061,0.0037844438090026,-0.005728875118144321
simulation_ui_20260918_000717_03_03_pppp,PPPP,1,vs_original,stdi,50,50,0.22825523138843287,0.16122403907868968,0.2932762139597566,0.22799323190582124,0.16028184976044177,0.293590240239738,0.2266540816791147,0.15925153538242923,0.2927469772739097,-0.0002619994826116813,-0.0016011497093182182
simulation_ui_20260918_000717_03_03_pppp,PPPP,1,incremental,vad_drift,50,50,0.014362494150797527,0.006372759739557902,0.01726110279560089,0.012663886411014923,0.0073904638466674635,0.01784030580192166,0.0039048934333130027,0.0018625477006177689,0.005021444986343511,-0.001698607739782605,-0.010457600717484522
simulation_ui_20260918_000717_03_03_pppp,PPPP,1,incremental,valence_drift,50,50,0.017098650932312012,0.00420650839805603,0.024714678525924683,0.014250794333109997,0.0064076138519924275,0.01970201388888887,0.005092064454845735,0.0026316259052896196,0.007202123835446939,-0.0028478565992020146,-0.012006586477466276
simulation_ui_20260918_000717_03_03_pppp,PPPP,1,incremental,arousal_drift,50,50,0.01617711067199707,0.00651182234287262,0.023769289255142212,0.01014470024284867,0.0030377274404568833,0.016529280462184825,0.0025397701151540987,0.0011379838726771618,0.003423040309873948,-0.0060324104291484,-0.013637340556842972
simulation_ui_20260918_000717_03_03_pppp,PPPP,1,incremental,dominance_drift,50,50,0.009811720848083495,0.002845287322998047,0.012905627489089966,0.013596164657086096,0.0045255342741935545,0.019540562865497074,0.004082845729939175,0.0014611203818456209,0.005922306131103061,0.0037844438090026,-0.005728875118144321
simulation_ui_20260918_000717_03_03_pppp,PPPP,1,incremental,stdi,50,50,0.22825523138843287,0.16122403907868968,0.2932762139597566,0.22799323190582124,0.16028184976044177,0.293590240239738,0.2266540816791147,0.15925153538242923,0.2927469772739097,-0.0002619994826116813,-0.0016011497093182182
simulation_ui_20260918_000717_03_03_pppp,PPPP,2,vs_original,vad_drift,50,50,0.016733900705973307,0.008969048659006754,0.020978023608525593,0.014522242183390646,0.009525396825396817,0.017796237625874727,0.004196859355829711,0.002240138168481287,0.005766022072524135,-0.0022116585225826642,-0.012537041350143597
simulation_ui_20260918_000717_03_03_pppp,PPPP,2,vs_original,valence_drift,50,50,0.018009111881256104,0.005609825253486633,0.024545058608055115,0.016900060355916673,0.007157467532467543,0.022516936883448996,0.00560656533614881,0.0021883296910895633,0.008247265765998268,-0.0011090515253394306,-0.012402546545107293
simulation_ui_20260918_000717_03_03_pppp,PPPP,2,vs_original,arousal_drift,50,50,0.020005751848220826,0.009424760937690735,0.02740609645843506,0.011294435890894189,0.0036620909645909416,0.01786427379628161,0.0027947188082828077,0.0012161613827379458,0.003693787480479327,-0.008711315957326637,-0.01721103303993802
simulation_ui_20260918_000717_03_03_pppp,PPPP,2,vs_original,dominance_drift,50,50,0.012186838388442993,0.0032970160245895386,0.017271265387535095,0.015372230303361068,0.0063493923611111225,0.01914988407419249,0.004189293923057515,0.0019912024664444083,0.006556756396142144,0.003185391914918074,-0.007997544465385477
simulation_ui_20260918_000717_03_03_pppp,PPPP,2,vs_original,stdi,50,50,0.24715722886484262,0.17614477570628942,0.30552602570249454,0.2468499736998911,0.17674283473474955,0.3055761163454559,0.2453089620705591,0.174915351703921,0.3031105994626132,-0.0003072551649515119,-0.0018482667942835034
simulation_ui_20260918_000717_03_03_pppp,PPPP,2,incremental,vad_drift,50,50,0.00811492919921875,0.00403974453608195,0.011092985669771831,0.009809556208421884,0.003454234415746142,0.01374606227106225,0.002292683438741989,0.0007862696765949528,0.003391997896804287,0.0016946270092031345,-0.005822245760476761
simulation_ui_20260918_000717_03_03_pppp,PPPP,2,incremental,valence_drift,50,50,0.009732179641723633,0.0026591867208480835,0.013524428009986877,0.010311192492611792,0.003631708243569093,0.012411194796258407,0.0031215960235904915,0.0007226969242331016,0.004656354432191506,0.0005790128508881587,-0.006610583618133142
simulation_ui_20260918_000717_03_03_pppp,PPPP,2,incremental,arousal_drift,50,50,0.008147877454757691,0.0019333809614181519,0.012893050909042358,0.009184733728617866,0.002132725513975503,0.013020084051380942,0.0011567420551382068,0.00014629548148656357,0.001704183155261052,0.0010368562738601761,-0.006991135399619483
simulation_ui_20260918_000717_03_03_pppp,PPPP,2,incremental,dominance_drift,50,50,0.006464730501174926,0.0011774301528930664,0.010078251361846924,0.009932742404035997,0.0017005711429491088,0.015574741379310336,0.0025997122374972694,0.0008845899249851907,0.0032082965161251698,0.00346801190286107,-0.0038650182636776574
simulation_ui_20260918_000717_03_03_pppp,PPPP,2,incremental,stdi,50,50,0.18472837199664022,0.11530822875796165,0.2485044613303813,0.1850079061814421,0.11811988007228028,0.24859135019793377,0.1837853028098734,0.11445398386578981,0.2472482036021567,0.00027953418480188154,-0.0009430691867667807
simulation_ui_20260918_000717_03_03_pppp,PPPP,3,vs_original,vad_drift,50,50,0.018898823261260984,0.009835546215375263,0.022149900595347084,0.015533019386227724,0.009875565678659298,0.02204115661810845,0.004665374842008625,0.00255814241293902,0.0059916808871180545,-0.0033658038750332604,-0.01423344841925236
simulation_ui_20260918_000717_03_03_pppp,PPPP,3,vs_original,valence_drift,50,50,0.023815202713012695,0.008905559778213501,0.028593778610229492,0.018249372279613277,0.0067468840901745986,0.025554290533417623,0.006585378285701389,0.0029763086641935443,0.00987626597575933,-0.005565830433399417,-0.017229824427311306
simulation_ui_20260918_000717_03_03_pppp,PPPP,3,vs_original,arousal_drift,50,50,0.018369324207305908,0.006953731179237366,0.02512812614440918,0.011936844292486697,0.004119413197096994,0.017273312940304042,0.0027900997510370206,0.0012430893402941845,0.003684064980158719,-0.006432479914819211,-0.015579224456268888
simulation_ui_20260918_000717_03_03_pppp,PPPP,3,vs_original,dominance_drift,50,50,0.014511942863464355,0.0036161839962005615,0.021204262971878052,0.016412841586583203,0.006301771531397438,0.022253439446732165,0.0046206464892874655,0.002035384778911603,0.00688236195760869,0.0019008987231188467,-0.00989129637417689
simulation_ui_20260918_000717_03_03_pppp,PPPP,3,vs_original,stdi,50,50,0.268002552905401,0.1925709831295523,0.3580247784748698,0.2675655631720045,0.1923912971756438,0.3572902230913583,0.26598008613381513,0.19073798398137617,0.3565270602612883,-0.0004369897333964953,-0.0020224667715858825
simulation_ui_20260918_000717_03_03_pppp,PPPP,3,incremental,vad_drift,50,50,0.007817194461822509,0.002643485864003499,0.011374101042747498,0.007503996509643087,0.003524910931886893,0.009887205387205389,0.0019189209903592434,0.0008686119368187898,0.0024219824735449884,-0.00031319795217942177,-0.005898273471463267
simulation_ui_20260918_000717_03_03_pppp,PPPP,3,incremental,valence_drift,50,50,0.00986370325088501,0.0013179183006286621,0.015267163515090942,0.007980103637909757,0.001979545454545484,0.009272439836149476,0.002330332055735529,0.0007581858222708571,0.0029988083694506007,-0.001883599612975253,-0.00753337119514948
simulation_ui_20260918_000717_03_03_pppp,PPPP,3,incremental,arousal_drift,50,50,0.007296105623245239,0.0026601403951644897,0.009578615427017212,0.0074193278993325285,0.0017328084997439985,0.010725149682307006,0.0016192550808337791,0.0003753815602496047,0.0020273221773418337,0.0001232222760872892,-0.00567685054241146
simulation_ui_20260918_000717_03_03_pppp,PPPP,3,incremental,dominance_drift,50,50,0.006291774511337281,0.0013230293989181519,0.0076068490743637085,0.0071125579916869784,0.0008946691176470178,0.008744284434203775,0.001807175834508421,0.000674072782074514,0.0025361782340116434,0.0008207834803496982,-0.00448459867682886
simulation_ui_20260918_000717_03_03_pppp,PPPP,3,incremental,stdi,50,50,0.17455645523288388,0.12030500967919186,0.21605474628614246,0.17449308906365193,0.12089909477636772,0.2161792639151178,0.17359500538024147,0.11965524545657011,0.2155767965700255,-6.33661692319537e-05,-0.0009614498526423909
simulation_ui_20260918_000717_03_03_pppp,PPPP,4,vs_original,vad_drift,50,50,0.01964813987414042,0.010299498836199442,0.02726835012435913,0.016408931501982717,0.008114786756453413,0.022078481160725322,0.005359671288199566,0.002987602675918244,0.006925946403122311,-0.0032392083721577043,-0.014288468585940852
simulation_ui_20260918_000717_03_03_pppp,PPPP,4,vs_original,valence_drift,50,50,0.024801597595214844,0.007598504424095154,0.03612639009952545,0.019373838414508297,0.00672864678899085,0.030203659147869683,0.007542771741906247,0.002511442993284929,0.00980148344878684,-0.005427759180706546,-0.017258825853308596
simulation_ui_20260918_000717_03_03_pppp,PPPP,4,vs_original,arousal_drift,50,50,0.019893811941146852,0.009858906269073486,0.025632932782173157,0.013251987534933847,0.0038754843604108247,0.020588819150488963,0.0028706491503192955,0.0009320802512517712,0.0039458580989893965,-0.0066418244062130035,-0.017023162790827554
simulation_ui_20260918_000717_03_03_pppp,PPPP,4,vs_original,dominance_drift,50,50,0.01424901008605957,0.004010871052742004,0.023378372192382812,0.01660096855650601,0.004845655721966241,0.023944383765236305,0.005665592972373159,0.002984377049659398,0.007700564024628237,0.0023519584704464382,-0.00858341711368641
simulation_ui_20260918_000717_03_03_pppp,PPPP,4,vs_original,stdi,50,50,0.26867805474852674,0.20409700461343733,0.323781535386083,0.268287642815062,0.20322321764079682,0.32080699345705704,0.26664907917883346,0.20321339718818177,0.3198672991999772,-0.00039041193346472854,-0.002028975569693264
simulation_ui_20260918_000717_03_03_pppp,PPPP,4,incremental,vad_drift,50,50,0.00837034821510315,0.0032362441221872964,0.013298297921816509,0.008092085343049426,0.003178774117089213,0.011023566684738417,0.0022098754538411435,0.0008940792627177192,0.002973822163335009,-0.0002782628720537229,-0.006160472761262006
simulation_ui_20260918_000717_03_03_pppp,PPPP,4,incremental,valence_drift,50,50,0.010690405368804931,0.0023900121450424194,0.018044084310531616,0.009259594987224184,0.0030929801407742763,0.014411133008008004,0.00276517832971211,0.0008796120117127992,0.0033853119762282946,-0.001430810381580747,-0.007925227039092821
simulation_ui_20260918_000717_03_03_pppp,PPPP,4,incremental,arousal_drift,50,50,0.00726122260093689,0.002027183771133423,0.00826890766620636,0.007648843204946731,0.0019033687341657723,0.009801597777143595,0.0017734970693190255,0.0006243752937946101,0.002508195317537071,0.0003876206040098418,-0.005487725531617864
simulation_ui_20260918_000717_03_03_pppp,PPPP,4,incremental,dominance_drift,50,50,0.007159416675567627,0.0018358975648880005,0.00833284854888916,0.007367817836977364,0.0017887141682428054,0.011424278846153796,0.002090950962492295,0.00040430803744648247,0.002933077400933015,0.00020840116140973696,-0.005068465713075332
simulation_ui_20260918_000717_03_03_pppp,PPPP,4,incremental,stdi,50,50,0.18970631643628727,0.14226503405971636,0.23361450352845836,0.18966824843149166,0.14286061937165312,0.23171210180690083,0.18872448745452336,0.14217216917625317,0.2310924305258496,-3.8068004795658827e-05,-0.000981828981763941
simulation_ui_20260918_000717_04_04_dddd,DDDD,1,vs_original,vad_drift,50,50,0.014243491490681963,0.007713327805201212,0.015830313165982563,0.01314299912606337,0.00772970743784889,0.01817980146680802,0.003972419798771404,0.0023672805697430945,0.00448333825049782,-0.001100492364618597,-0.010271071691910563
simulation_ui_20260918_000717_04_04_dddd,DDDD,1,vs_original,valence_drift,50,50,0.017803971767425538,0.0041887760162353516,0.02394936978816986,0.01659687697483821,0.009776286646849597,0.021974865591397802,0.0055069066860487115,0.002599324017451443,0.006728567139618863,-0.0012070947925873266,-0.012297065081376825
simulation_ui_20260918_000717_04_04_dddd,DDDD,1,vs_original,arousal_drift,50,50,0.015154324769973755,0.0046104490756988525,0.022335276007652283,0.011714386755796875,0.005678794642857116,0.016591321601104214,0.002355390722089641,0.0006749037997268725,0.0035450631295444734,-0.0034399380141768797,-0.012798934047884115
simulation_ui_20260918_000717_04_04_dddd,DDDD,1,vs_original,dominance_drift,50,50,0.009772177934646607,0.003894910216331482,0.013818711042404175,0.011117733647555021,0.0038135085555961457,0.015890498887301985,0.004054961988175858,0.0019312579293003784,0.004198866695345138,0.001345555712908415,-0.0057172159464707484
simulation_ui_20260918_000717_04_04_dddd,DDDD,1,vs_original,stdi,50,50,0.21014086922476238,0.16230480816824105,0.24836376184812542,0.20998475071416386,0.15763349282961442,0.2473521434235754,0.2085205599568109,0.15494143312850242,0.24784561711929087,-0.00015611851059856314,-0.0016203092679515185
simulation_ui_20260918_000717_04_04_dddd,DDDD,1,incremental,vad_drift,50,50,0.014243491490681963,0.007713327805201212,0.015830313165982563,0.01314299912606337,0.00772970743784889,0.01817980146680802,0.003972419798771404,0.0023672805697430945,0.00448333825049782,-0.001100492364618597,-0.010271071691910563
simulation_ui_20260918_000717_04_04_dddd,DDDD,1,incremental,valence_drift,50,50,0.017803971767425538,0.0041887760162353516,0.02394936978816986,0.01659687697483821,0.009776286646849597,0.021974865591397802,0.0055069066860487115,0.002599324017451443,0.006728567139618863,-0.0012070947925873266,-0.012297065081376825
simulation_ui_20260918_000717_04_04_dddd,DDDD,1,incremental,arousal_drift,50,50,0.015154324769973755,0.0046104490756988525,0.022335276007652283,0.011714386755796875,0.005678794642857116,0.016591321601104214,0.002355390722089641,0.0006749037997268725,0.0035450631295444734,-0.0034399380141768797,-0.012798934047884115
simulation_ui_20260918_000717_04_04_dddd,DDDD,1,incremental,dominance_drift,50,50,0.009772177934646607,0.003894910216331482,0.013818711042404175,0.011117733647555021,0.0038135085555961457,0.015890498887301985,0.004054961988175858,0.0019312579293003784,0.004198866695345138,0.001345555712908415,-0.0057172159464707484
simulation_ui_20260918_000717_04_04_dddd,DDDD,1,incremental,stdi,50,50,0.21014086922476238,0.16230480816824105,0.24836376184812542,0.20998475071416386,0.15763349282961442,0.2473521434235754,0.2085205599568109,0.15494143312850242,0.24784561711929087,-0.00015611851059856314,-0.0016203092679515185
simulation_ui_20260918_000717_04_04_dddd,DDDD,2,vs_original,vad_drift,50,50,0.017648469209671024,0.008917436003684998,0.021576369802157085,0.016974606785049536,0.009636529410511982,0.02260555555555558,0.005186456708037811,0.003185003367586333,0.006161889465346164,-0.0006738624246214857,-0.01246201250163321
simulation_ui_20260918_000717_04_04_dddd,DDDD,2,vs_original,valence_drift,50,50,0.025160622596740723,0.009726926684379578,0.035534635186195374,0.020801428424765848,0.008016760053318223,0.02993719954197893,0.00752629348820208,0.004105980527289166,0.010274015120641133,-0.004359194171974874,-0.01763432910853864
simulation_ui_20260918_000717_04_04_dddd,DDDD,2,vs_original,arousal_drift,50,50,0.015920634269714354,0.005295485258102417,0.02285945415496826,0.014362105741691934,0.005641929998880385,0.01755962384953985,0.0029755318675061602,0.0011251477484027772,0.004098292043836688,-0.0015585285280224227,-0.012945102402208196
simulation_ui_20260918_000717_04_04_dddd,DDDD,2,vs_original,dominance_drift,50,50,0.011864150762557984,0.005662769079208374,0.01486898958683014,0.015760286188690825,0.007135757571008733,0.022250414402173846,0.005057544768405191,0.002519956184028088,0.006927825438365787,0.0038961354261328406,-0.0068066059941527925
simulation_ui_20260918_000717_04_04_dddd,DDDD,2,vs_original,stdi,50,50,0.2332926850746506,0.17198401882073364,0.2802537830542964,0.23319593913784115,0.17090055303124324,0.28100099247815824,0.2313951011528112,0.17045130921699556,0.279427074599676,-9.674593680943533e-05,-0.0018975839218394138
simulation_ui_20260918_000717_04_04_dddd,DDDD,2,incremental,vad_drift,50,50,0.011573898394902547,0.006707713007926941,0.016582687695821125,0.010283828046114043,0.00534002934448675,0.013807167696138304,0.0028727397745772925,0.0014905164924215453,0.004120317734116234,-0.0012900703487885063,-0.008701158620325253
simulation_ui_20260918_000717_04_04_dddd,DDDD,2,incremental,valence_drift,50,50,0.014676377773284913,0.0041902512311935425,0.02126452326774597,0.010837624527336024,0.004935535701814792,0.014941722629222637,0.0037427488468588497,0.0012477054590262493,0.005429546205193314,-0.003838753245948887,-0.010933628926426062
simulation_ui_20260918_000717_04_04_dddd,DDDD,2,incremental,arousal_drift,50,50,0.010950573682785035,0.004766196012496948,0.016005277633666992,0.009472878958359649,0.004044950106522227,0.014767788461538478,0.0017297707707594713,0.0004762896237124614,0.0018650733261504349,-0.0014776947244253846,-0.009220802912025563
simulation_ui_20260918_000717_04_04_dddd,DDDD,2,incremental,dominance_drift,50,50,0.009094743728637696,0.0034227967262268066,0.013141050934791565,0.010540980652646447,0.004202941683919936,0.013224663347003701,0.0031456997061135583,0.001311912056662562,0.0041117409481359335,0.0014462369240087524,-0.005949044022524137
simulation_ui_20260918_000717_04_04_dddd,DDDD,2,incremental,stdi,50,50,0.19459422019052308,0.1298492784208175,0.25389529012009654,0.19439024496432097,0.13048599552633788,0.25262589527366824,0.19320465753492594,0.12898841062798935,0.2519414712531252,-0.00020397522620212312,-0.0013895626555971586
simulation_ui_20260918_000717_04_04_dddd,DDDD,3,vs_original,vad_drift,50,50,0.017113919655481973,0.009960542122522991,0.019006376465161644,0.017377976504328027,0.010834383000512055,0.022104153255641835,0.00512218549833727,0.002795372614471251,0.0065889624613447075,0.0002640568488460488,-0.011991734157144704
simulation_ui_20260918_000717_04_04_dddd,DDDD,3,vs_original,valence_drift,50,50,0.02471734881401062,0.008967936038970947,0.035093098878860474,0.021635195448796198,0.010227948739102904,0.027833333333333266,0.007625203217794296,0.0032803138208788996,0.010222231387627734,-0.003082153365214426,-0.017092145596216322
simulation_ui_20260918_000717_04_04_dddd,DDDD,3,vs_original,arousal_drift,50,50,0.016161850690841674,0.007501482963562012,0.020513862371444702,0.014242770671337451,0.005640235090430434,0.019419990448711122,0.002808113528924172,0.0009690840973458903,0.0038408165640381187,-0.0019190800195042245,-0.013353737161917503
simulation_ui_20260918_000717_04_04_dddd,DDDD,3,vs_original,dominance_drift,50,50,0.010462559461593628,0.0029390156269073486,0.0132732093334198,0.016255963392850424,0.005427566964285729,0.022833348764530692,0.0049332397482933455,0.0017159361743837587,0.006281582566738886,0.005793403931256797,-0.005529319713300282
simulation_ui_20260918_000717_04_04_dddd,DDDD,3,vs_original,stdi,50,50,0.24565637209130003,0.1752080100394666,0.31333205523714297,0.24568858322547757,0.17402732108775132,0.31374537490671744,0.24385813518362176,0.17315791035069278,0.312486203232626,3.221113417757673e-05,-0.0017982369076782157
simulation_ui_20260918_000717_04_04_dddd,DDDD,3,incremental,vad_drift,50,50,0.007749303181966146,0.003467316428820292,0.010721772909164429,0.00808020655510453,0.00449608169129719,0.010994118411457096,0.00185121371529611,0.0006692495202755833,0.0027143224363143184,0.00033090337313838414,-0.0058980894666700355
simulation_ui_20260918_000717_04_04_dddd,DDDD,3,incremental,valence_drift,50,50,0.011048263311386109,0.003495335578918457,0.015309333801269531,0.008670163641872161,0.002411194788738358,0.010929091789992934,0.002296683918215012,0.00041015389936902014,0.002906732403794049,-0.0023780996695139467,-0.008751579393171095
simulation_ui_20260918_000717_04_04_dddd,DDDD,3,incremental,arousal_drift,50,50,0.005969949960708618,0.002569913864135742,0.007887706160545349,0.007517567298810106,0.0022337348135735013,0.013166569700460817,0.0013212630842606666,0.0003853023330092631,0.0019524293304279128,0.001547617338101488,-0.0046486868764479515
simulation_ui_20260918_000717_04_04_dddd,DDDD,3,incremental,dominance_drift,50,50,0.006229696273803711,0.0017077624797821045,0.009844690561294556,0.008052888724631321,0.00347859953081478,0.01150498870799202,0.0019356941434126517,0.00040962952842540923,0.002823502556210028,0.0018231924508276109,-0.004294002130391059
simulation_ui_20260918_000717_04_04_dddd,DDDD,3,incremental,stdi,50,50,0.17690546758097309,0.10791023243405361,0.21594345568544632,0.17697773314205464,0.10717719884431579,0.21520009130419943,0.17595162040292742,0.10673400155440359,0.21471847159967278,7.226556108156124e-05,-0.0009538471780456758
simulation_ui_20260918_000717_04_04_dddd,DDDD,4,vs_original,vad_drift,50,50,0.016933366854985556,0.009752651055653889,0.02057147522767385,0.01779256368276299,0.011437673611111098,0.023112337937953354,0.005539165422255017,0.0031375722404857476,0.006393162481266544,0.0008591968277774335,-0.011394201432730537
simulation_ui_20260918_000717_04_04_dddd,DDDD,4,vs_original,valence_drift,50,50,0.024076942205429077,0.012924373149871826,0.0320332795381546,0.020386938424141948,0.008592244144493277,0.02564494949494947,0.008186509029375646,0.004006833362250467,0.011221828818622437,-0.0036900037812871256,-0.01589043317605343
simulation_ui_20260918_000717_04_04_dddd,DDDD,4,vs_original,arousal_drift,50,50,0.015449535846710206,0.00626373291015625,0.020996704697608948,0.015080838445898002,0.004042708632319231,0.020744097841156633,0.0027692559091140522,0.0009746123352853686,0.003886041819042868,-0.0003686974008122035,-0.012680279937596153
simulation_ui_20260918_000717_04_04_dddd,DDDD,4,vs_original,dominance_drift,50,50,0.011273622512817383,0.0027163326740264893,0.015272572636604309,0.017909914178249012,0.005946371502893205,0.027559133268692138,0.0056617313282753545,0.002340666731064256,0.007122864488327163,0.006636291665431631,-0.005611891184542028
simulation_ui_20260918_000717_04_04_dddd,DDDD,4,vs_original,stdi,50,50,0.2393656207399957,0.17254273361957753,0.2984794646435609,0.23951066951532834,0.17368632660523065,0.29932048947030854,0.23763175171635267,0.17176807988087933,0.29685166645721417,0.00014504877533265403,-0.001733869023642986
simulation_ui_20260918_000717_04_04_dddd,DDDD,4,incremental,vad_drift,50,50,0.0076844008763631184,0.004180272420247396,0.010071376959482828,0.007718417595842078,0.00360743195331123,0.009816556066351567,0.002327774888779852,0.0012918662710565965,0.002939507932367867,3.401671947895963e-05,-0.0053566259875832654
simulation_ui_20260918_000717_04_04_dddd,DDDD,4,incremental,valence_drift,50,50,0.01014277219772339,0.0034294426441192627,0.01572902500629425,0.008597479334630818,0.002154456654456627,0.010993179663630198,0.002998201933701057,0.0014557635926317758,0.003513001960593176,-0.0015452928630925711,-0.007144570264022332
simulation_ui_20260918_000717_04_04_dddd,DDDD,4,incremental,arousal_drift,50,50,0.007330774068832397,0.003752961754798889,0.009021580219268799,0.006875981497507531,0.002035688380211398,0.009777040494227979,0.001506800458839459,0.00041378398521785265,0.0021970444398276556,-0.00045479257132486684,-0.005823973609992939
simulation_ui_20260918_000717_04_04_dddd,DDDD,4,incremental,dominance_drift,50,50,0.00557965636253357,0.0020447075366973877,0.0072829872369766235,0.007681791955387886,0.0018900946275945962,0.01133069899037642,0.0024783222737990405,0.0009759114583334227,0.003180417253531409,0.0021021355928543175,-0.0031013340887345287
simulation_ui_20260918_000717_04_04_dddd,DDDD,4,incremental,stdi,50,50,0.17252530198415386,0.12043293595033859,0.21088949468432266,0.17253072971664313,0.11994327989054905,0.2112252482170457,0.17164956663634975,0.11901113905390943,0.21035843007527188,5.427732489300952e-06,-0.0008757353478041363
simulation_ui_20260918_000717_05_05_ccpp,CCPP,1,vs_original,vad_drift,50,50,0.013965418338775635,0.0066114018360773725,0.021058773001035053,0.012366829715925301,0.006438932980599656,0.01682791000171995,0.0031074746140711835,0.0014173464701782157,0.004591432419039532,-0.001598588622850332,-0.010857943724704451
simulation_ui_20260918_000717_05_05_ccpp,CCPP,1,vs_original,valence_drift,50,50,0.014536577463150024,0.004098713397979736,0.025573596358299255,0.01348115253764675,0.004743789099302814,0.021866468253968235,0.0038885382426895655,0.0009682865742905444,0.006296380818875347,-0.0010554249255032744,-0.010648039220460459
simulation_ui_20260918_000717_05_05_ccpp,CCPP,1,vs_original,arousal_drift,50,50,0.015475833415985107,0.00577189028263092,0.020834878087043762,0.010025052056420599,0.003069296186968079,0.014932059616299342,0.002154806537322529,0.0007303183849760586,0.003056781674975667,-0.005450781359564509,-0.013321026878662578
simulation_ui_20260918_000717_05_05_ccpp,CCPP,1,vs_original,dominance_drift,50,50,0.011883844137191773,0.00577881932258606,0.015035092830657959,0.01359428455370856,0.0035403311965811757,0.021223302906770714,0.003279079062201458,0.0013019497206686603,0.004635364268727127,0.0017104404165167876,-0.008604765074990315
simulation_ui_20260918_000717_05_05_ccpp,CCPP,1,vs_original,stdi,50,50,0.1864628869126449,0.10286077535437889,0.2376797829065959,0.1862033426588204,0.10232786775225447,0.2372873025215519,0.18468400762212325,0.10190298193033379,0.2367870531147791,-0.0002595442538245058,-0.0017788792905216722
simulation_ui_20260918_000717_05_05_ccpp,CCPP,1,incremental,vad_drift,50,50,0.013965418338775635,0.0066114018360773725,0.021058773001035053,0.012366829715925301,0.006438932980599656,0.01682791000171995,0.0031074746140711835,0.0014173464701782157,0.004591432419039532,-0.001598588622850332,-0.010857943724704451
simulation_ui_20260918_000717_05_05_ccpp,CCPP,1,incremental,valence_drift,50,50,0.014536577463150024,0.004098713397979736,0.025573596358299255,0.01348115253764675,0.004743789099302814,0.021866468253968235,0.0038885382426895655,0.0009682865742905444,0.006296380818875347,-0.0010554249255032744,-0.010648039220460459
simulation_ui_20260918_000717_05_05_ccpp,CCPP,1,incremental,arousal_drift,50,50,0.015475833415985107,0.00577189028263092,0.020834878087043762,0.010025052056420599,0.003069296186968079,0.014932059616299342,0.002154806537322529,0.0007303183849760586,0.003056781674975667,-0.005450781359564509,-0.013321026878662578
simulation_ui_20260918_000717_05_05_ccpp,CCPP,1,incremental,dominance_drift,50,50,0.011883844137191773,0.00577881932258606,0.015035092830657959,0.01359428455370856,0.0035403311965811757,0.021223302906770714,0.003279079062201458,0.0013019497206686603,0.004635364268727127,0.0017104404165167876,-0.008604765074990315
simulation_ui_20260918_000717_05_05_ccpp,CCPP,1,incremental,stdi,50,50,0.1864628869126449,0.10286077535437889,0.2376797829065959,0.1862033426588204,0.10232786775225447,0.2372873025215519,0.18468400762212325,0.10190298193033379,0.2367870531147791,-0.0002595442538245058,-0.0017788792905216722
simulation_ui_20260918_000717_05_05_ccpp,CCPP,2,vs_original,vad_drift,50,50,0.015654638210932416,0.008965586622556051,0.020394404729207356,0.017041726944576147,0.009275289066374343,0.02329859273044757,0.003736365853546047,0.0019211929306845084,0.004660580730797429,0.0013870887336437348,-0.011918272357386366
simulation_ui_20260918_000717_05_05_ccpp,CCPP,2,vs_original,valence_drift,50,50,0.016823395490646362,0.005414009094238281,0.026737302541732788,0.015447656289669329,0.0036934596755368587,0.024600668467087555,0.004861063380419097,0.0021986768268920653,0.0062366526400227384,-0.0013757392009770331,-0.011962332110227266
simulation_ui_20260918_000717_05_05_ccpp,CCPP,2,vs_original,arousal_drift,50,50,0.01720597267150879,0.0072051286697387695,0.02023938298225403,0.0166803575695048,0.007712926003734827,0.02364850315126052,0.002338754393275311,0.0007354518022487655,0.002958120436187678,-0.000525615102003989,-0.014867218278233478
simulation_ui_20260918_000717_05_05_ccpp,CCPP,2,vs_original,dominance_drift,50,50,0.01293454647064209,0.005595460534095764,0.017488613724708557,0.018997166974554315,0.004927297949900322,0.025058139909735683,0.004009279786943733,0.0012421036613613767,0.005647465792271433,0.006062620503912226,-0.008925266683698356
simulation_ui_20260918_000717_05_05_ccpp,CCPP,2,vs_original,stdi,50,50,0.20359179417950812,0.12609917937750284,0.265544479779344,0.20383625380350368,0.12820287107389608,0.2664769897738699,0.20171809636468777,0.12522802920941745,0.2643555133886427,0.00024445962399550174,-0.0018736978148203803
simulation_ui_20260918_000717_05_05_ccpp,CCPP,2,incremental,vad_drift,50,50,0.01070396622021993,0.005133464932441711,0.015703707933425903,0.011176415800346985,0.005671568627450996,0.01606440295815298,0.002493066734301811,0.000821953103107,0.0038277361562225427,0.00047244958012705664,-0.008210899485918119
simulation_ui_20260918_000717_05_05_ccpp,CCPP,2,incremental,valence_drift,50,50,0.012892711162567138,0.0035381317138671875,0.017379030585289,0.010208129484234265,0.0031365824190178193,0.01608354500891268,0.0030667183859385315,0.0005753663196690906,0.004431683470794812,-0.0026845816783328735,-0.009825992776628607
simulation_ui_20260918_000717_05_05_ccpp,CCPP,2,incremental,arousal_drift,50,50,0.009670357704162597,0.003030449151992798,0.012843310832977295,0.01142138468354121,0.003392572684246059,0.018096707459207467,0.00162798126326406,0.00038696622063613684,0.0024364473819830923,0.0017510269793786116,-0.008042376440898537
simulation_ui_20260918_000717_05_05_ccpp,CCPP,2,incremental,dominance_drift,50,50,0.009548829793930054,0.002163499593734741,0.01501263678073883,0.011899733233265486,0.0046724774628000565,0.017281656346749247,0.0027845005537028423,0.00043488505189517856,0.004338675133206238,0.0023509034393354323,-0.006764329240227212
simulation_ui_20260918_000717_05_05_ccpp,CCPP,2,incremental,stdi,50,50,0.1759325614978263,0.11009849651771675,0.23158842231911048,0.17600443054296838,0.11047133611974419,0.23162537406215616,0.17457533377574141,0.10986997741155735,0.229751051200639,7.18690451421478e-05,-0.0013572277220848857
simulation_ui_20260918_000717_05_05_ccpp,CCPP,3,vs_original,vad_drift,50,50,0.018550469477971395,0.008615846435228985,0.025806138912836712,0.01785792916516998,0.009284578076244731,0.022465157469342235,0.00454536118036983,0.0019908380829092576,0.0057440430576245665,-0.0006925403128014182,-0.014005108297601565
simulation_ui_20260918_000717_05_05_ccpp,CCPP,3,vs_original,valence_drift,50,50,0.021048609018325806,0.005879908800125122,0.03175556659698486,0.017746768736113788,0.007857528567447036,0.024170592948717984,0.006329571286330271,0.0019510793700897866,0.008769018175201426,-0.0033018402822120184,-0.014719037731995534
simulation_ui_20260918_000717_05_05_ccpp,CCPP,3,vs_original,arousal_drift,50,50,0.01838136911392212,0.0063932836055755615,0.02482229471206665,0.0171655595497446,0.007268215165770586,0.027118919944789516,0.002462414631813108,0.001087882824795855,0.00310758012355572,-0.0012158095641775191,-0.01591895448210901
simulation_ui_20260918_000717_05_05_ccpp,CCPP,3,vs_original,dominance_drift,50,50,0.01622143030166626,0.005059480667114258,0.0226772278547287,0.018661459209651544,0.004868733081434706,0.028431110573823304,0.0048440976229661105,0.001715444403812716,0.007428516005511365,0.002440028907985283,-0.011377332678700149
simulation_ui_20260918_000717_05_05_ccpp,CCPP,3,vs_original,stdi,50,50,0.25044912065870756,0.17856654364029856,0.31313724427049217,0.2503877044633128,0.17860729275071693,0.3122323186435261,0.2484175316492514,0.1769606788905602,0.31039064680892614,-6.141619539472038e-05,-0.0020315890094561606
simulation_ui_20260918_000717_05_05_ccpp,CCPP,3,incremental,vad_drift,50,50,0.011025158564249673,0.004812022050221761,0.014346028367678324,0.011262249549553764,0.005468785954278086,0.013673524305555592,0.0030122452705429927,0.0010205912593602429,0.004495368232681049,0.00023709098530409013,-0.00801291329370668
simulation_ui_20260918_000717_05_05_ccpp,CCPP,3,incremental,valence_drift,50,50,0.013979072570800782,0.0037799030542373657,0.018428653478622437,0.012704461559906564,0.005319793609408929,0.01768107413038944,0.004015070950089485,0.0010753711136382849,0.0054431813123219375,-0.0012746110108942177,-0.009964001620711295
simulation_ui_20260918_000717_05_05_ccpp,CCPP,3,incremental,arousal_drift,50,50,0.009883229732513427,0.003775075078010559,0.010876581072807312,0.009806843750375627,0.002651240103908964,0.013900244213333801,0.0015055655063239536,0.0007573538161187443,0.0018546626169816116,-7.638598213780101e-05,-0.008377664226189473
simulation_ui_20260918_000717_05_05_ccpp,CCPP,3,incremental,dominance_drift,50,50,0.009213173389434814,0.003294229507446289,0.012821048498153687,0.011275443338379104,0.004053597281073407,0.014917259756372592,0.0035160993552155384,0.0007112415152464024,0.0061586877026873765,0.0020622699489442884,-0.005697074034219276
simulation_ui_20260918_000717_05_05_ccpp,CCPP,3,incremental,stdi,50,50,0.2017771449586215,0.12362084418718333,0.2612477659082686,0.20180617219244718,0.1241887342904783,0.2577994765851673,0.2005123172588337,0.1231929033106757,0.25711652963759185,2.902723382563775e-05,-0.0012648276997878243
simulation_ui_20260918_000717_05_05_ccpp,CCPP,4,vs_original,vad_drift,50,50,0.018966532945632934,0.010367299119631449,0.025443548957506817,0.01800950750693989,0.009778911778911778,0.02342759835194046,0.004598012644510615,0.002269483102020529,0.005961129860657305,-0.0009570254386930439,-0.014368520301122316
simulation_ui_20260918_000717_05_05_ccpp,CCPP,4,vs_original,valence_drift,50,50,0.02147078275680542,0.007477164268493652,0.03079235553741455,0.019997373520011952,0.009857950636394885,0.02642504299562226,0.006277572015874439,0.0026541091325219257,0.008310781966301334,-0.001473409236793468,-0.01519321074093098
simulation_ui_20260918_000717_05_05_ccpp,CCPP,4,vs_original,arousal_drift,50,50,0.019000622034072875,0.006154179573059082,0.02796800434589386,0.0158929486343698,0.006526656283577986,0.022233736661888825,0.002756201558092435,0.0012059666489455667,0.004001877113657459,-0.003107673399703077,-0.01624442047598044
simulation_ui_20260918_000717_05_05_ccpp,CCPP,4,vs_original,dominance_drift,50,50,0.016428194046020507,0.007794231176376343,0.022598862648010254,0.01813820036643792,0.0044967939017170055,0.02567383666242465,0.004760264359564974,0.0017081820031712158,0.006192927485464239,0.001710006320417412,-0.011667929686455534
simulation_ui_20260918_000717_05_05_ccpp,CCPP,4,vs_original,stdi,50,50,0.25003994162694526,0.16896520120071762,0.31023678914813113,0.24988763535849642,0.17013753362907308,0.3108710247031027,0.24790259323997968,0.16787249296713685,0.30819325720252083,-0.00015230626844885424,-0.0021373483869655675
simulation_ui_20260918_000717_05_05_ccpp,CCPP,4,incremental,vad_drift,50,50,0.006648300488789877,0.003114655613899231,0.010737066467603047,0.006570236501080827,0.0029191735735795976,0.009618573232323235,0.0018371332602646904,0.0007723287777183785,0.0028106441474328725,-7.80639877090488e-05,-0.0048111672285251865
simulation_ui_20260918_000717_05_05_ccpp,CCPP,4,incremental,valence_drift,50,50,0.008459104299545288,0.0018061548471450806,0.011752024292945862,0.006557386120859194,0.0009846195652173928,0.010990497203141825,0.002435500850307819,0.0008578093512090212,0.0038388727107497578,-0.0019017181786860936,-0.006023603449237469
simulation_ui_20260918_000717_05_05_ccpp,CCPP,4,incremental,arousal_drift,50,50,0.00528875470161438,0.001152917742729187,0.007664278149604797,0.00640150079018388,0.001079229797979725,0.010601381578947355,0.0010833733948044388,0.0002513693393017269,0.0015881689701121304,0.0011127460885695007,-0.004205381306809941
simulation_ui_20260918_000717_05_05_ccpp,CCPP,4,incremental,dominance_drift,50,50,0.006197042465209961,0.0013358145952224731,0.010587796568870544,0.006751822592199408,0.0015198758681838898,0.009803308823529477,0.001992525535681813,0.0005771836130414598,0.0033701525252598785,0.000554780126989447,-0.004204516929528148
simulation_ui_20260918_000717_05_05_ccpp,CCPP,4,incremental,stdi,50,50,0.17048948293703478,0.10397921004768854,0.2353650375000942,0.17047016278638086,0.10257669199712946,0.23657783458061793,0.16969932333256643,0.10175659765784717,0.23524473460149714,-1.9320150653929017e-05,-0.0007901596044683637
simulation_ui_20260918_000717_06_06_ppcc,PPCC,1,vs_original,vad_drift,50,50,0.01524024764696757,0.0070183128118515015,0.019358972708384197,0.012708228007191666,0.007283862215962325,0.01639614335317462,0.004129097937730159,0.0018366311373834432,0.0052904784059838545,-0.002532019639775904,-0.011111149709237409
simulation_ui_20260918_000717_06_06_ppcc,PPCC,1,vs_original,valence_drift,50,50,0.018340497016906737,0.0048696547746658325,0.02471078932285309,0.016988764069012185,0.006084498578411313,0.02451898434812519,0.005556881531084392,0.0017447905404057162,0.007707742265673834,-0.0013517329478945528,-0.012783615485822346
simulation_ui_20260918_000717_06_06_ppcc,PPCC,1,vs_original,arousal_drift,50,50,0.015454133749008179,0.005013078451156616,0.020828157663345337,0.00846902835971792,0.003059505634747578,0.014190649703557323,0.002445691628151534,0.0009623450038808434,0.003292969873066598,-0.006985105389290258,-0.013008442120856644
simulation_ui_20260918_000717_06_06_ppcc,PPCC,1,vs_original,dominance_drift,50,50,0.011926112174987792,0.0034009814262390137,0.015182986855506897,0.01266689159284489,0.004028183636468341,0.016963410904255294,0.004384720653954553,0.0014458760395451298,0.006556655474313722,0.0007407794178570981,-0.007541391521033241
simulation_ui_20260918_000717_06_06_ppcc,PPCC,1,vs_original,stdi,50,50,0.21555415828742455,0.16729802088955104,0.2547899328456309,0.215170021572894,0.16771276917777356,0.25308459648518905,0.2138298036112311,0.16604368889641694,0.2507665337560832,-0.00038413671453055406,-0.001724354676193458
simulation_ui_20260918_000717_06_06_ppcc,PPCC,1,incremental,vad_drift,50,50,0.01524024764696757,0.0070183128118515015,0.019358972708384197,0.012708228007191666,0.007283862215962325,0.01639614335317462,0.004129097937730159,0.0018366311373834432,0.0052904784059838545,-0.002532019639775904,-0.011111149709237409
simulation_ui_20260918_000717_06_06_ppcc,PPCC,1,incremental,valence_drift,50,50,0.018340497016906737,0.0048696547746658325,0.02471078932285309,0.016988764069012185,0.006084498578411313,0.02451898434812519,0.005556881531084392,0.0017447905404057162,0.007707742265673834,-0.0013517329478945528,-0.012783615485822346
simulation_ui_20260918_000717_06_06_ppcc,PPCC,1,incremental,arousal_drift,50,50,0.015454133749008179,0.005013078451156616,0.020828157663345337,0.00846902835971792,0.003059505634747578,0.014190649703557323,0.002445691628151534,0.0009623450038808434,0.003292969873066598,-0.006985105389290258,-0.013008442120856644
simulation_ui_20260918_000717_06_06_ppcc,PPCC,1,incremental,dominance_drift,50,50,0.011926112174987792,0.0034009814262390137,0.015182986855506897,0.01266689159284489,0.004028183636468341,0.016963410904255294,0.004384720653954553,0.0014458760395451298,0.006556655474313722,0.0007407794178570981,-0.007541391521033241
simulation_ui_20260918_000717_06_06_ppcc,PPCC,1,incremental,stdi,50,50,0.21555415828742455,0.16729802088955104,0.2547899328456309,0.215170021572894,0.16771276917777356,0.25308459648518905,0.2138298036112311,0.16604368889641694,0.2507665337560832,-0.00038413671453055406,-0.001724354676193458
simulation_ui_20260918_000717_06_06_ppcc,PPCC,2,vs_original,vad_drift,50,50,0.016374657551447548,0.008559380968411764,0.020345211029052734,0.014115520067710505,0.008643760766580513,0.01781385935505253,0.005028732685339432,0.0021422301482395267,0.007876404860833,-0.0022591374837370435,-0.011345924866108116
simulation_ui_20260918_000717_06_06_ppcc,PPCC,2,vs_original,valence_drift,50,50,0.02027306079864502,0.006512820720672607,0.02825838327407837,0.016536182248473193,0.006931895076428024,0.024067482022643832,0.007091018881633591,0.0024224268809271143,0.009984673981302233,-0.003736878550171825,-0.013182041917011429
simulation_ui_20260918_000717_06_06_ppcc,PPCC,2,vs_original,arousal_drift,50,50,0.016139432191848754,0.0050631314516067505,0.020481079816818237,0.00981685020697727,0.0029199877935364438,0.014863969447890785,0.002859096577742637,0.00119831820242286,0.0034577470360196705,-0.006322581984871485,-0.013280335614106117
simulation_ui_20260918_000717_06_06_ppcc,PPCC,2,vs_original,dominance_drift,50,50,0.012711479663848876,0.004935368895530701,0.01904025673866272,0.015993527747681056,0.003564809446505862,0.022477793927648593,0.005136082596642068,0.001342228503730225,0.008281292731859652,0.0032820480838321787,-0.007575397067206808
simulation_ui_20260918_000717_06_06_ppcc,PPCC,2,vs_original,stdi,50,50,0.24708571687904496,0.17945301917250958,0.2906557173450967,0.2467819290120284,0.17718592818705448,0.2881968891375358,0.24539768457116065,0.1765840653394768,0.28743794152311575,-0.0003037878670165819,-0.0016880323078843076
simulation_ui_20260918_000717_06_06_ppcc,PPCC,2,incremental,vad_drift,50,50,0.0087552547454834,0.004615311821301778,0.011490007241566976,0.010085258131657166,0.003532563653480249,0.01446087138436277,0.002621369090839317,0.0008373305868276855,0.0034250030207061597,0.0013300033861737672,-0.006133885654644082
simulation_ui_20260918_000717_06_06_ppcc,PPCC,2,incremental,valence_drift,50,50,0.010643317699432372,0.0034138858318328857,0.013828694820404053,0.00962534416442199,0.0014224817961164538,0.01378545829356198,0.003603313261433294,0.0009719383847288654,0.004435840183295597,-0.0010179735350103814,-0.007040004437999079
simulation_ui_20260918_000717_06_06_ppcc,PPCC,2,incremental,arousal_drift,50,50,0.008044700622558593,0.0016246140003204346,0.00963340699672699,0.009154488567476485,0.0023877749719416475,0.012686114532019788,0.0013531848450079465,0.0002083019790538876,0.0019833049627604182,0.0011097879449178906,-0.0066915157775506474
simulation_ui_20260918_000717_06_06_ppcc,PPCC,2,incremental,dominance_drift,50,50,0.007577745914459228,0.002783358097076416,0.01136806607246399,0.011475941663073022,0.0021761765989458393,0.01878167681269252,0.00290760916607671,0.0008710589606230057,0.0034360675093227933,0.003898195748613793,-0.004670136748382518
simulation_ui_20260918_000717_06_06_ppcc,PPCC,2,incremental,stdi,50,50,0.19044433728964247,0.1437775138489485,0.217171051948285,0.19062292369834874,0.14338337461743342,0.21885033986990662,0.18946384721621054,0.1425465796402236,0.2164300498532084,0.00017858640870636405,-0.000980490073431875
simulation_ui_20260918_000717_06_06_ppcc,PPCC,3,vs_original,vad_drift,50,50,0.0174061381816864,0.0096139262119929,0.0226478377978007,0.017739480605321604,0.011216115889333245,0.02106892419724486,0.004873128744743922,0.00200093730180978,0.006991066337933635,0.00033334242363520144,-0.01253300943694248
simulation_ui_20260918_000717_06_06_ppcc,PPCC,3,vs_original,valence_drift,50,50,0.020491106510162352,0.007850229740142822,0.03336399793624878,0.019581805609750234,0.011411213517665192,0.026014133444075327,0.006660311029049472,0.0022902059075551595,0.008992689770370266,-0.00090930090041212,-0.01383079548111288
simulation_ui_20260918_000717_06_06_ppcc,PPCC,3,vs_original,arousal_drift,50,50,0.017753366231918335,0.007276862859725952,0.021613627672195435,0.012650040084213493,0.005514673825097349,0.017930884290475124,0.0029907030131813483,0.0008349677588632698,0.004537406676113853,-0.005103326147704841,-0.014762663218736987
simulation_ui_20260918_000717_06_06_ppcc,PPCC,3,vs_original,dominance_drift,50,50,0.013973941802978515,0.006977647542953491,0.017506137490272522,0.02098659612200108,0.009282951898546998,0.02720530024509807,0.004968372192000945,0.001994129457618621,0.006773701306318519,0.007012654319022566,-0.00900556961097757
simulation_ui_20260918_000717_06_06_ppcc,PPCC,3,vs_original,stdi,50,50,0.2729850296837561,0.19813481783831954,0.3218140017760185,0.273023724108266,0.19811431405398675,0.32108611264168746,0.2711380723016246,0.19457674224109822,0.3195246677185764,3.8694424509835845e-05,-0.001846957382131493
simulation_ui_20260918_000717_06_06_ppcc,PPCC,3,incremental,vad_drift,50,50,0.00873798688252767,0.0037404994169871015,0.012251903613408407,0.00978969477172275,0.0042054267498490006,0.013023852420320559,0.0026429214418005483,0.0009863329512762125,0.0038345486692223747,0.0010517078891950794,-0.006095065440727122
simulation_ui_20260918_000717_06_06_ppcc,PPCC,3,incremental,valence_drift,50,50,0.011343331336975097,0.0020975321531295776,0.01465567946434021,0.009472840419414007,0.0009630529162663604,0.01356195332211943,0.00336997065996397,0.0009880100368332978,0.0050637332735427865,-0.0018704909175610918,-0.007973360677011128
simulation_ui_20260918_000717_06_06_ppcc,PPCC,3,incremental,arousal_drift,50,50,0.007132501602172852,0.0030045658349990845,0.009703591465950012,0.009039969306696665,0.002923047107930815,0.012457431919766032,0.0015212004099575216,0.0005355510864158419,0.0022601551657661645,0.0019074677045238131,-0.0056113011922153296
simulation_ui_20260918_000717_06_06_ppcc,PPCC,3,incremental,dominance_drift,50,50,0.007738127708435059,0.0018044859170913696,0.010949596762657166,0.010856274589057574,0.0024004360465116337,0.018030054932590134,0.003037593255480151,0.0006703728563102473,0.004439889203800312,0.0031181468806225163,-0.004700534452954907
simulation_ui_20260918_000717_06_06_ppcc,PPCC,3,incremental,stdi,50,50,0.166388554027299,0.11130198364437455,0.20499943258646416,0.16656146988740403,0.11026056436598101,0.20503393327451175,0.1653525135132168,0.10933453007831141,0.20500039411479035,0.00017291586010501788,-0.0010360405140822056
simulation_ui_20260918_000717_06_06_ppcc,PPCC,4,vs_original,vad_drift,50,50,0.01810816287994385,0.010894979039827984,0.02308763563632965,0.01830486525609011,0.010393311629782473,0.024654493596681114,0.005104792428726548,0.0023480623538200776,0.007034802239412237,0.00019670237614626256,-0.0130033704512173
simulation_ui_20260918_000717_06_06_ppcc,PPCC,4,vs_original,valence_drift,50,50,0.020332019329071045,0.005417227745056152,0.02998003363609314,0.018677905644169365,0.005571135173348701,0.026636102529888767,0.007132584194202462,0.00252033129581114,0.009326425827938384,-0.0016541136849016814,-0.013199435134868582
simulation_ui_20260918_000717_06_06_ppcc,PPCC,4,vs_original,arousal_drift,50,50,0.020201462507247924,0.009410157799720764,0.026617199182510376,0.014932959983070817,0.006565229807697109,0.02113266354929072,0.00313359240714719,0.0009279264094918527,0.003925649307985224,-0.0052685025241771075,-0.017067870100100736
simulation_ui_20260918_000717_06_06_ppcc,PPCC,4,vs_original,dominance_drift,50,50,0.013791006803512574,0.005254641175270081,0.016623899340629578,0.021303730141030153,0.008044762864823335,0.028555947766703588,0.0050482006848299905,0.0014146794175327326,0.006556298224694557,0.007512723337517575,-0.008742806118682582
simulation_ui_20260918_000717_06_06_ppcc,PPCC,4,vs_original,stdi,50,50,0.25801162032200536,0.17287554763746943,0.3186034628447579,0.25802700427426084,0.1731372131481666,0.319227286358721,0.256079598808122,0.16894773950230196,0.3166589884844783,1.5383952255425966e-05,-0.0019320215138833717
simulation_ui_20260918_000717_06_06_ppcc,PPCC,4,incremental,vad_drift,50,50,0.007464962402979534,0.0031268944342931113,0.00935619572798411,0.007935030517522453,0.004279898648648667,0.009671684587813626,0.0018390336724945797,0.000537118595100361,0.002825007798670074,0.0004700681145429196,-0.005625928730484953
simulation_ui_20260918_000717_06_06_ppcc,PPCC,4,incremental,valence_drift,50,50,0.00852332353591919,0.0030656009912490845,0.012913316488265991,0.0075684835914421565,0.0028417101268664036,0.01102235449735453,0.0025741970714580754,0.0005783079000891977,0.004055300158257752,-0.0009548399444770328,-0.005949126464461114
simulation_ui_20260918_000717_06_06_ppcc,PPCC,4,incremental,arousal_drift,50,50,0.007793071269989013,0.0027054548263549805,0.01089264452457428,0.00884391880423143,0.002800040780196744,0.01214258756038647,0.000990590232329227,0.00028944897944835346,0.0012763527939695374,0.001050847534242416,-0.006802481037659787
simulation_ui_20260918_000717_06_06_ppcc,PPCC,4,incremental,dominance_drift,50,50,0.006078492403030395,0.0023538917303085327,0.008351907134056091,0.007392689156893771,0.00302601484142051,0.009921506749955095,0.0019523137136964364,0.0003472574440771259,0.0031198961587744767,0.0013141967538633748,-0.004126178689333959
simulation_ui_20260918_000717_06_06_ppcc,PPCC,4,incremental,stdi,50,50,0.1689211349419333,0.09897379070983221,0.20265401146598097,0.16902685404668635,0.09945942907637793,0.2020889397921868,0.16800488758881607,0.09857593058683954,0.20125666767775174,0.00010571910475305459,-0.0009162473531172491
