workflow_row_id,stdi_vs_original,theme_drift_vs_original,subtopic_drift_vs_original,entity_drift_vs_original,relation_drift_vs_original,contradiction_drift_vs_original,vad_drift_vs_original,content_drift_vs_original,valence_drift_vs_original,arousal_drift_vs_original,dominance_drift_vs_original,subtopic_count_delta,entity_count_delta,relation_count_delta,word_count_ratio,verification_status
ae8386b2294f07904f508d9e0e5b015b4052292e13283b1401d738963ad79dc3,0.978054,1.0,1.0,0.888889,1.0,0.0,0.062051,0.977778,0.059654,0.068569,0.057931,0,-2,-1,0.09126984126984126,unverified_generated
57de1c35eeaf78e0ee04e115f1d87f8fba681a76d091094268c376b7f89088df,0.900357,1.0,1.0,0.5,1.0,0.0,0.017867,0.9,0.024382,0.016393,0.012827,1,0,1,0.8765822784810127,unverified_generated
343cbf2635cc1a873ab54ad345608d43ddecb8829a08533efc2cca8c27b721d9,0.925829,1.0,1.0,0.625,1.0,0.0,0.055265,0.925,0.038167,0.097632,0.029996,0,-1,0,0.5336617405582923,unverified_generated
de027f7b80fd662e9623673b49ab5720721d01feebc6185b99f11a6512627817,0.67622,0.0,1.0,0.375,1.0,0.0,0.018764,0.675,0.008068,0.021862,0.026363,1,-1,0,0.7383966244725738,unverified_generated
946850ab46d1f7203924f22ba2edd33ab5bf5bac408a208c22a3eb9ec2382584,0.932119,1.0,1.0,0.6,1.0,0.75,0.008763,0.92,0.007715,0.007194,0.011381,1,0,-1,0.7559241706161137,unverified_generated
4da865964f0d3ddad686916e3bbd1e06a5d7ad5abf1547296ada40c85099e2eb,0.98316,1.0,1.0,0.9,1.0,0.75,0.047002,0.98,0.054506,0.046924,0.039577,-1,1,0,0.7547169811320755,unverified_generated
d3ea89f4ccd5ab444a081e5a202c57d177d96c1df7dfa0081feec109780c395e,0.911656,1.0,1.0,0.555556,1.0,0.0,0.030635,0.911111,0.012988,0.057424,0.021494,0,-1,-1,0.29315068493150687,unverified_generated
ee10b5fd992fdf9a8c4ca73dbf47bb8269d1a0a2ed170dc3dbd4432e7e34b415,0.880961,1.0,0.888889,0.444444,1.0,0.5,0.040021,0.866667,0.024827,0.063408,0.031829,0,0,0,0.6563307493540051,unverified_generated
84e84b9ceaf5eb287889945b4c836fab745c76c7a79a660b1ae97f59a1f585fe,0.943265,1.0,1.0,0.714286,1.0,0.0,0.035696,0.942857,0.024353,0.071486,0.011249,-1,-2,0,0.375,unverified_generated
10acad1cf0239a9dd609adfe1b8fcbb463d369b2df9ced3f9270cdb45b5f7f9f,0.94401,1.0,1.0,0.714286,1.0,0.0,0.100886,0.942857,0.153153,0.145128,0.004378,0,-1,0,0.6767676767676768,unverified_generated
c492be7a5ea4af55ed0f88165a6316d068512052ba3ec68c569168f7cd9d7cd8,0.977864,1.0,1.0,0.888889,1.0,0.0,0.01945,0.977778,0.003762,0.041642,0.012946,1,0,2,0.7988980716253443,unverified_generated
c08549f1fb03055f930994f50f6e94b85dc53af79e36da72cab0a165211918f0,0.920846,1.0,1.0,0.6,1.0,0.0,0.052867,0.92,0.079441,0.066102,0.013059,1,2,0,0.7716262975778547,unverified_generated
a94b1c8ce65e309aee04833619bcf18ecf6b81610fe3bad42921608da978f265,0.900671,1.0,1.0,0.444444,1.0,0.5,0.033548,0.888889,0.036167,0.052001,0.012475,1,0,1,0.8841309823677582,unverified_generated
e826eaad302c97dd889770e41f40eada285e60a17edd86de8984e960db6038d0,0.834026,1.0,1.0,0.166667,1.0,0.0,0.020782,0.833333,0.004365,0.012332,0.045649,1,1,1,0.8281786941580757,unverified_generated
e3b2373882dd8a393391be57965f9c0e4fc946d167102398fbe8b9241b9f4987,0.942103,1.0,0.888889,0.818182,1.0,0.0,0.058781,0.941414,0.060363,0.093111,0.02287,0,-1,0,0.9454191033138402,unverified_generated
ffa5ab821313787972b6e36f31ac233a5e70901044deb0f3bddf2dac19ce0e58,0.92576,1.0,1.0,0.625,1.0,0.0,0.050643,0.925,0.010357,0.130351,0.01122,-1,1,0,0.6329787234042553,unverified_generated
b3aad251350d48049c1ea07abaaa6fc6c017a48b82b8cf72c1d99c8542145ed2,0.871853,1.0,0.857143,0.5,1.0,0.0,0.016491,0.871429,0.005087,0.037645,0.006742,0,0,1,0.49794238683127573,unverified_generated
1a05984e945086bf49b36174cf951b5577e9506a50e54855a001826a0d8cc653,0.900335,1.0,1.0,0.5,1.0,0.0,0.016743,0.9,0.014459,0.023437,0.012333,0,1,0,1.110062893081761,unverified_generated
16636161e4b87e9c98ad7dcbaa83c7e99e68ebbb87ff2bda300ad47750aef7ae,0.758371,1.0,1.0,0.0,0.888889,0.0,0.057583,0.755556,0.026511,0.113861,0.032377,-1,0,0,0.8394793926247288,unverified_generated
0a2923e566fd716cf0ea63d06890b612ca95bb46212271dfbaf60fcddebf5fcb,0.927556,1.0,1.0,0.636364,1.0,0.0,0.019443,0.927273,0.000588,0.045512,0.012229,0,1,0,1.196035242290749,unverified_generated
2ef14c43ee8f8a7fd419364743826ad38a5fda4ccd5056581f26926adba83e1c,0.917091,1.0,1.0,0.583333,1.0,0.0,0.025433,0.916667,0.009411,0.061757,0.005131,0,1,1,0.8984375,unverified_generated
0e8df30d6408fa2fe86a2d685276e3234abb1fa41b3cc4095b7d2eb24c93db5c,0.949178,1.0,1.0,0.7,1.0,0.75,0.017441,0.94,0.008299,0.018543,0.02548,1,-1,0,0.9017341040462428,unverified_generated
c1fd1382834e84818f9cf2f08076800f79bd03c586c09858c95b016331dc0be5,0.806413,1.0,1.0,0.25,0.888889,0.0,0.022049,0.805556,0.005692,0.03341,0.027044,1,0,0,1.1383647798742138,unverified_generated
c17ba815f967a095e4a7e94fb9467e36ef11548858087f9b89a3de0c98797081,0.551916,0.0,0.833333,0.0,0.9,0.25,0.017596,0.526667,0.010088,0.028081,0.01462,1,0,1,0.8327272727272728,unverified_generated
fb554d329459883f5828730d10ac1de7857602bcd43739f2e69bd8b61aca7ca1,0.835899,1.0,0.888889,0.285714,1.0,0.0,0.029637,0.834921,0.016409,0.058226,0.014277,0,2,0,0.8562300319488818,unverified_generated
0320ed050541ebbe8d763a73f8563a21e3199afbe9e7bd83eb16b97a34afa317,0.912589,1.0,0.857143,0.7,1.0,0.0,0.065517,0.911429,0.073289,0.094197,0.029065,-2,-3,0,0.23618090452261306,unverified_generated
7734e1038479bbd9be6671e723a9f6d788ea4a4ac5f702ac15d93a012c37d1e4,0.900885,1.0,1.0,0.5,1.0,0.0,0.044253,0.9,0.037114,0.0785,0.017146,-1,1,1,1.0277008310249307,unverified_generated
130e3cf1528a8fc5be68b45dd12171bb2a2e6ea1bbe5d804abda85acd8a80369,0.851162,1.0,1.0,0.25,1.0,0.0,0.03874,0.85,0.024945,0.072319,0.018955,-1,1,0,0.367983367983368,unverified_generated
dde0fa452c451d057b5c4f3c532714627d483be7426672b1f83fb5ae71c15dcd,0.800269,1.0,1.0,0.0,1.0,0.0,0.006732,0.8,0.013423,0.004196,0.002578,0,0,0,0.9171428571428571,unverified_generated
5e77489eb6a8c11496cd7967fef6edf818f933d2d2a064c3c8cc2fb34cd97ee7,0.78939,1.0,1.0,0.166667,0.888889,0.0,0.011864,0.788889,0.013,0.01415,0.008443,1,1,0,0.425531914893617,unverified_generated
fd0bba3f0f34102a7073a985e3e6f0cc93b7e35d499b0811fbd3916fae6f166b,0.925502,1.0,1.0,0.625,1.0,0.0,0.03348,0.925,0.034837,0.038387,0.027217,1,1,0,1.0135135135135136,unverified_generated
7b716c6074eed8b6a2625a848d87b122f28109da5bfb1bd6c63dea55c06effae,0.844327,1.0,1.0,0.4,0.909091,0.0,0.022086,0.843636,0.021448,0.041177,0.003632,-1,-2,0,0.8735632183908046,unverified_generated
1aeafa9c3e381e1906313c5d76ac8503d6ec67fd79366bdca486114ded60aaf2,0.831397,1.0,1.0,0.333333,0.909091,0.0,0.032223,0.830303,0.050982,0.040439,0.005248,0,0,2,0.8823529411764706,unverified_generated
bb8cf126982e36f8f6d9f0b71ae43c0a10d0d7b4fd29c394a79f57b694d750f9,0.900507,1.0,1.0,0.5,1.0,0.0,0.025329,0.9,0.027652,0.045475,0.00286,0,-1,0,0.7881679389312977,unverified_generated
fa030a82aaa1bac28e61a3b59e1d7f417e3d036a5e39fbf679d68fbae6a8c861,0.884725,1.0,0.857143,0.5,1.0,0.5,0.018992,0.871429,0.01966,0.034656,0.002661,0,0,0,1.144736842105263,unverified_generated
8557085f1e49079b1f38fcbfbbf3abd675ca7de630b6c880f3152f1ef3c323a5,0.8176,1.0,1.0,0.333333,0.875,0.0,0.025451,0.816667,0.043204,0.031341,0.001807,0,-1,1,0.8096885813148789,unverified_generated
22a3795d0faac64bbdefe8a774ee086c610b36cfe032f636fcdeaa6ee4622d61,0.854584,1.0,0.833333,0.636364,0.9,0.0,0.022061,0.853939,0.01915,0.016844,0.030189,-1,-3,-1,0.6088082901554405,unverified_generated
bc9581a11cb0d94295a32e0819878642b48d3631edd259e52447b846beeb5214,0.911795,1.0,1.0,0.555556,1.0,0.0,0.038459,0.911111,0.035882,0.076702,0.002792,-1,1,-1,0.7358078602620087,unverified_generated
559d9c9aa00a92c9739b912927c0a175db621742e15f1ab8e47872b5650d855c,0.974508,1.0,1.0,0.857143,1.0,0.5,0.043245,0.971429,0.02253,0.100925,0.006279,2,2,1,0.7985401459854015,unverified_generated
7211ee750a369b0045043d4a0f5a49fcaad9a3f931d16d0ee13b2bbb9ca998fc,0.851181,1.0,1.0,0.166667,1.0,0.5,0.039375,0.833333,0.010363,0.059394,0.048368,0,-1,-2,0.1213235294117647,unverified_generated
022021371b24731b18f3c1cd1ed5a4a317a49d7dc93cf6345b7170c74a87d64d,0.925539,1.0,1.0,0.625,1.0,0.0,0.035912,0.925,0.05702,0.015618,0.035097,-1,-1,-1,0.28982300884955753,unverified_generated
98766492433e033779387df4916e56a2b7767a6ea820e80e9cfee35ab5ccae08,0.843624,1.0,0.875,0.333333,1.0,0.0,0.061822,0.841667,0.005361,0.147541,0.032564,1,3,0,1.1229235880398671,unverified_generated
ea9dbeb2e1385e12260bbb4dfa667759989047bddd3a6de7d3f40b2014d395ff,0.808639,1.0,1.0,0.090909,0.888889,0.75,0.025008,0.773737,0.005068,0.052551,0.017406,0,-1,0,1.059375,unverified_generated
5f7b1b64db7be5d471c0f17a20fec4b7e1d8758e09438fa9237ca03d52a96f46,0.940219,1.0,1.0,0.7,1.0,0.0,0.018246,0.94,0.029373,0.013414,0.01195,0,-3,-1,0.2236180904522613,unverified_generated
b8546d27a82b67dc0476ee8ac8b1ae2e3f1c9220c09d8e1c4781ee218cc93f3f,0.845249,1.0,1.0,0.444444,0.888889,0.0,0.025849,0.844444,0.019551,0.056535,0.001462,1,0,0,0.8119122257053292,unverified_generated
89512e47657df8549be180c1c68fa00e9b2b0cf6b7b25be1812cf0e985fbb888,0.547761,0.0,0.875,0.3,0.777778,0.0,0.018178,0.546111,0.004696,0.030315,0.019523,1,1,-1,1.188034188034188,unverified_generated
7064a0fa402ba06694bc3b80c70ebcbfb36a9c37c4f00e11d32e82caf4af1fac,0.932457,1.0,1.0,0.6,1.0,0.75,0.033611,0.92,0.038556,0.057318,0.004958,0,-2,-1,0.6015037593984962,unverified_generated
6284389ccc0bf4ad91547671959871da802c80754b6edb6436f11c9fd3c5ac5d,0.886967,1.0,1.0,0.428571,1.0,0.0,0.054805,0.885714,0.048746,0.087866,0.027802,0,1,-1,0.26605504587155965,unverified_generated
0aac8b8df0f79223c45580244848c1dc09c558a1772e0cf8490314a792a696cc,0.900569,1.0,1.0,0.5,1.0,0.0,0.028446,0.9,0.026241,0.050563,0.008533,2,3,2,0.6925133689839572,unverified_generated
54c03437a5aa83393b5716efe5efe91d65dbd0fef33de680d2aad918b2dcad6e,0.933877,1.0,1.0,0.666667,1.0,0.0,0.040748,0.933333,0.032519,0.06429,0.025434,0,-2,1,1.0723684210526316,unverified_generated
368e1f15732f356fe60ae9258beb3d8efc3dab76938d6e449ce65518b290b61d,0.90032,1.0,1.0,0.5,1.0,0.0,0.01601,0.9,0.004762,0.033564,0.009705,0,0,0,0.9860834990059643,unverified_generated
2d1ba7ec5405e5d5393c24574ca7cfafd926100bfe674ab8635191e0b764d116,0.890279,1.0,1.0,0.444444,1.0,0.0,0.062565,0.888889,0.053739,0.117494,0.016461,1,0,0,0.83008356545961,unverified_generated
e9a966a51bf7921d68dee5166d0e9ef277f3041b90e6afe08ec7d8d68f142b22,0.677007,0.0,0.875,0.5,1.0,0.0,0.030871,0.675,0.030373,0.044575,0.017665,-1,-2,0,0.7258064516129032,unverified_generated
06fc3f36f7be329d4e90ef7b9559a9cd29e8da796453a369ff25469cffaa225b,0.925241,1.0,1.0,0.625,1.0,0.0,0.016059,0.925,0.019167,0.013967,0.015043,0,1,0,0.3657289002557545,unverified_generated
d4d45f28c576c450a4df45545b4f5a516583215e420f3933523b07ab7f7d852b,0.836775,1.0,1.0,0.4,0.888889,0.0,0.037084,0.835556,0.006488,0.100921,0.003843,-1,-2,0,0.8020833333333334,unverified_generated
cce8ce16f594152782baddc12af3a75caf16f654dc5410e1de5b4abba3ab79eb,0.914657,1.0,1.0,0.571429,1.0,0.0,0.021672,0.914286,0.026755,0.030781,0.00748,0,-2,-1,0.6097560975609756,unverified_generated
280531020d94845d57409d19c48427d36ec612a3a3846b67f78d22f027843ec8,0.897404,1.0,1.0,0.428571,1.0,0.5,0.012718,0.885714,0.008187,0.015872,0.014094,1,-1,-1,0.2243436754176611,unverified_generated
bb087da38924e65067f14c6873ad4d9daab4bdeb9192fbc37a31baeccdb0b155,0.92485,1.0,1.0,0.6,1.0,0.25,0.055892,0.92,0.054658,0.106905,0.006113,0,-2,0,0.7636986301369864,unverified_generated
facfba76d09feaf3ec9b89bbd193432a09a1b8f95da5c7b7d201d7e15f83d4e2,0.880366,1.0,1.0,0.6,0.9,0.0,0.01527,0.88,0.0088,0.023602,0.013409,1,0,-1,0.5338882282996433,unverified_generated
2ac04f9d86513cf2316140d91f87bdc5d932ef3dbf6f46cc3cac9a89bedd647e,0.829919,1.0,0.857143,0.285714,1.0,0.0,0.039318,0.828571,0.055599,0.038737,0.023619,0,0,-1,0.3994413407821229,unverified_generated
3e68c4e5bbb5292265b42a23e7946423eedb211613bfab4374313d29a03fb40d,0.900833,1.0,1.0,0.5,1.0,0.0,0.041642,0.9,0.023032,0.092766,0.009127,1,0,0,0.966903073286052,unverified_generated
f32ce546915ef34c9903fbdda5505e9762faee7609a2ec09ecdc34ac5c4975e0,0.797352,1.0,0.875,0.111111,1.0,0.0,0.003203,0.797222,0.003251,0.000982,0.005376,-1,1,-1,1.1141304347826086,unverified_generated
4e74a013c7dc5c5f2e9b861cf066504fd97f93e2e187ba86d4261bb3d97223c7,0.914582,1.0,1.0,0.571429,1.0,0.0,0.017268,0.914286,0.037622,0.006476,0.007706,0,-2,-2,0.13848920863309352,unverified_generated
052bb0e6571dc5948deb7fec65d8c0a933ba7a58c87d2678c9e78907e25df573,0.829012,1.0,0.875,0.444444,0.909091,0.0,0.043104,0.827525,0.012573,0.091,0.025739,1,0,0,0.7808219178082192,unverified_generated
f039a36d053964a9deb736fdf7ef4d52e69b4373ddab50fe116d251b662dfbbf,0.903891,1.0,1.0,0.428571,1.0,0.75,0.05322,0.885714,0.057369,0.099198,0.003092,0,1,0,0.6424242424242425,unverified_generated
882d90e8ad19a50ddc6d6341be010c3318c92ddf1d92e966cc23d59a08c86621,0.909807,1.0,1.0,0.545455,1.0,0.0,0.039364,0.909091,0.050687,0.057584,0.009821,2,0,0,0.78330658105939,unverified_generated
94e3fec946047a7c46e91a665bca92cace8c17d9bc432f514e5ef64a52e8dba0,0.915318,1.0,1.0,0.5,1.0,0.75,0.018709,0.9,0.007968,0.030896,0.017263,0,2,1,0.8994413407821229,unverified_generated
fd2758945a60d3d4beca6330ecc155b4f75bd56c697d86ea948701a833b36f74,0.867447,1.0,1.0,0.333333,1.0,0.0,0.02928,0.866667,0.009256,0.069922,0.008663,0,-2,-1,0.2865671641791045,unverified_generated
f674574751e213f22a02dce05b3a02c775af53f4e2ebd687823ec1377bbfabeb,0.886433,1.0,1.0,0.428571,1.0,0.0,0.031461,0.885714,0.029453,0.05076,0.01417,1,1,1,0.8203125,unverified_generated
92588f013ff7821f4a00825267f870cf0d36084df5b2b547891b2b2d17fb05e4,0.92545,1.0,1.0,0.625,1.0,0.0,0.030026,0.925,0.01018,0.075789,0.004108,0,-1,1,0.7483296213808464,unverified_generated
c0955661b545565edc5677dea37469d98869163504e56dfd0e20b9dbe84d47ff,0.817553,1.0,1.0,0.333333,0.875,0.0,0.024175,0.816667,0.002555,0.052147,0.017824,0,0,1,0.8232558139534883,unverified_generated
88a56ca7f2b04316f8362bc2feaab6a6ee2dc99d481ac1a1a66ade2af214d35e,0.84098,1.0,0.857143,0.625,0.857143,0.0,0.052712,0.839286,0.060877,0.078496,0.018762,0,1,0,0.5142857142857142,unverified_generated
677e417e873e86feed7dc2b8f3065f2a8e960a15604a65b987c717055b50f546,0.866948,1.0,1.0,0.333333,1.0,0.0,0.010556,0.866667,0.009973,0.01392,0.007775,-1,-1,-1,0.8634538152610441,unverified_generated
e59caaf5832721692263f1f16f1771e6246f4e8e541a26de417f8b27c41bd679,0.940103,1.0,1.0,0.7,1.0,0.0,0.008614,0.94,0.008811,0.003575,0.013457,1,-1,1,0.9302325581395349,unverified_generated
45f0d5bfa98f76175d65b2a853b5912592c2cbaf725a65d0d191e254dd37e59d,0.939349,1.0,1.0,0.642857,1.0,0.75,0.005231,0.928571,0.006878,0.008007,0.000807,-1,1,0,0.8875562218890555,unverified_generated
e7ab768c3ea4894a206b07066505d4234795945aad1503991b9d8a3bb4146fde,0.933907,1.0,1.0,0.666667,1.0,0.0,0.043047,0.933333,0.053363,0.046041,0.029737,0,0,-1,0.6515679442508711,unverified_generated
40e9cd1e182e2338fc155460451b5af6b764165fd1bfe4c1bf5c2f819c5d6d4f,0.83508,1.0,1.0,0.166667,1.0,0.0,0.052411,0.833333,0.04646,0.088596,0.022178,1,-1,0,0.44642857142857145,unverified_generated
1a44e8d3fd9c353fb645f5d8ebbf2744115dc6f4decd383df0850bcd91db089d,0.840431,1.0,1.0,0.2,1.0,0.0,0.013473,0.84,0.009635,0.024398,0.006385,0,1,-1,1.0352303523035231,unverified_generated
f615db457d0dc29f07adeddc716b830619dff448bc91ae25a461ed1d4fca0cd9,0.840986,1.0,1.0,0.2,1.0,0.0,0.030822,0.84,0.037819,0.054013,0.000635,0,0,-2,0.9821428571428571,unverified_generated
a874071faf7a321e120a908b2c5b2eb73166225160a77b264cad91358d94f727,0.90973,1.0,1.0,0.545455,1.0,0.0,0.035162,0.909091,0.013947,0.06712,0.024418,0,2,1,0.21031207598371776,unverified_generated
37708c63c215f5b26ee82c6f5f168831b90fc4d0b0f8e9c79cde0e5f523a18de,0.839564,1.0,0.857143,0.333333,1.0,0.0,0.045373,0.838095,0.042605,0.091311,0.002204,0,0,-1,0.9318181818181818,unverified_generated
77beaa06bbc6d8705d04eb5f29cbd63fdf8c5285192abc7c00055f0afc72d62c,0.895798,1.0,0.875,0.6,1.0,0.0,0.037988,0.895,0.024908,0.055444,0.033611,1,-2,0,0.7789115646258503,unverified_generated
4a58878f945de6c33bb8812e914216b3701250250fbb80fd279d48bc8c3aa9a2,0.829809,1.0,1.0,0.142857,1.0,0.0,0.036102,0.828571,0.023291,0.050115,0.034901,0,-1,-1,1.1326530612244898,unverified_generated
3a3f3a8d7dd63eaef2ff73593ac043fe32f1e380ba12284d8c6e58bbe61be224,0.940161,1.0,1.0,0.7,1.0,0.0,0.013433,0.94,0.000787,0.023171,0.016342,-1,-5,-2,0.13468634686346864,unverified_generated
57ff16715ebd57f4a6f32299d68069babf499dcb5939df90454ad2d58da3800a,0.86785,1.0,1.0,0.333333,1.0,0.0,0.044392,0.866667,0.090213,0.040925,0.002038,1,2,0,0.698019801980198,unverified_generated
e66300fe6baaade73ba5293e02e299ac3803a13f58fe7cefe331d6aad6226972,0.920838,1.0,1.0,0.6,1.0,0.0,0.052344,0.92,0.026544,0.108618,0.021869,0,0,1,0.6928104575163399,unverified_generated
8c17bd4c7ed6026b27a3323b917b9a8d898dcbad31efb364a6855cbeb3130a65,0.914901,1.0,1.0,0.571429,1.0,0.0,0.03587,0.914286,0.031411,0.047042,0.029156,0,2,1,0.8321513002364066,unverified_generated
331c3060c0568152278ed22a0caa61cbed3a26ae435018a20e9e0324c1815be2,0.925425,1.0,1.0,0.625,1.0,0.0,0.028353,0.925,0.063359,0.014054,0.007647,1,-1,0,0.4296875,unverified_generated
de8c52132cb658c325859caddc98a91487d7a7cc1af5143cd42198fbe970d8f6,0.891753,1.0,1.0,0.454545,1.0,0.0,0.038665,0.890909,0.0316,0.054224,0.03017,0,-1,-1,0.9111570247933884,unverified_generated
8f74753a9f007ee05f3c9f983821f3c73e8402af1f8edd577507b69eaceeac07,0.880701,1.0,1.0,0.4,1.0,0.0,0.02922,0.88,0.009632,0.034092,0.043935,0,-2,-2,0.3237704918032787,unverified_generated
aa158e37cb8812325622b9f343868b23d76444bff33d16de6fd9242885decd1f,0.914575,1.0,1.0,0.571429,1.0,0.0,0.016896,0.914286,0.003072,0.045332,0.002283,0,0,-1,0.5698630136986301,unverified_generated
674b8c4a3c534e7e0e9e6a3e7f3da77670838d2ee8189b5b83d65901ed4c2890,0.925515,1.0,1.0,0.625,1.0,0.0,0.034348,0.925,0.002234,0.056686,0.044125,0,-3,0,0.6512059369202227,unverified_generated
43b784bdacac54b4cb780ec5b2324d822664dc9fa7e849ddc13389ca11c676c2,0.886883,1.0,1.0,0.428571,1.0,0.0,0.051115,0.885714,0.053256,0.087574,0.012516,0,-1,1,0.7119047619047619,unverified_generated
3ccb29f5445f604679d8daf2b5044cf7df33e97f80b089aa8a7e74ebf2539fbd,0.867741,1.0,1.0,0.333333,1.0,0.0,0.040304,0.866667,0.002048,0.089438,0.029426,0,1,1,0.8813559322033898,unverified_generated
5b2435ad08684086209bbc356d71889da77454dcb6671848ad0995d1b1fd30f1,0.917836,1.0,1.0,0.583333,1.0,0.0,0.070155,0.916667,0.075998,0.102668,0.031798,-1,1,0,0.7593283582089553,unverified_generated
19264e4ca8223f2067e0ab1c4d0b8f483b42e4f38982cd0d4cf9f433a7adface,0.856291,1.0,1.0,0.5,0.888889,0.0,0.02547,0.855556,0.003445,0.051847,0.021117,0,1,0,0.6784232365145229,unverified_generated
88eeab387e7832be48bd229becb394ee3043fba15dc7c5d7a75891bc1d1653f3,0.800602,1.0,1.0,0.0,0.909091,0.75,0.037613,0.763636,0.06005,0.037914,0.014874,0,0,0,0.9910112359550561,unverified_generated
ead8c737b8c459907c59f5ad5f46b92bddddd0f53a9014ae17a5f2c7263512aa,0.933483,1.0,1.0,0.666667,1.0,0.0,0.011254,0.933333,0.015773,0.014309,0.003681,0,0,-1,0.8697916666666666,unverified_generated
8bd8343155cf4e6da9ee38200c251693dd72c397ec971e4a1933d7fd84d8e6a5,0.850173,1.0,1.0,0.25,1.0,0.0,0.005777,0.85,0.008774,0.000732,0.007824,0,0,1,0.941358024691358,unverified_generated
77cc6c8e154ea5b97f0890375a4ed5f9270e1105b81c1ce0392e8f2c99407fb8,0.842566,1.0,0.875,0.555556,0.888889,0.0,0.028395,0.841667,0.010037,0.061066,0.014083,-1,1,0,1.0633187772925765,unverified_generated
ef4000266972074ac8aedb6f5c710f897c05d6d0b31a515127a4e966a84376c1,0.914523,1.0,1.0,0.571429,1.0,0.0,0.013867,0.914286,0.015229,0.007212,0.019161,-1,0,0,0.9649595687331537,unverified_generated
a41642d8c0072769db2c893c95200b7b421e9ffcfff559697a11a7d61b0d5a67,0.940426,1.0,1.0,0.625,1.0,1.0,0.035466,0.925,0.047637,0.049083,0.009677,0,-1,-1,1.1167108753315649,unverified_generated
d973fc16ad126f3b24b29573cfec4407b50a0481c33296525390f08fe3b53d24,0.932058,1.0,0.857143,0.8,1.0,0.0,0.0459,0.931429,0.0442,0.076861,0.016639,0,0,-1,0.711453744493392,unverified_generated
f1c038cb1cbfb33efba954ed7f677b39627fb6459278ce2fa7087b1b960e4a54,0.847149,1.0,0.857143,0.375,1.0,0.0,0.02347,0.846429,0.010126,0.050552,0.009732,0,-1,1,0.7560975609756098,unverified_generated
363d768abd3bfe7be1da0a288841cfcb461cf35d02c875efad157e4a9e70d44e,0.858449,1.0,0.909091,0.375,1.0,0.0,0.056965,0.856818,0.043909,0.107914,0.019073,2,-1,-1,0.6460176991150443,unverified_generated
431370a7eb4e42f07e4762dcaba6a817534e03e23cb9dfb4c3be4bbfd55f5ec2,0.900519,1.0,1.0,0.5,1.0,0.0,0.02593,0.9,0.037221,0.029365,0.011203,-1,-1,0,0.36673773987206826,unverified_generated
9b574ad4da1e76cf530af80aa32c4591537f02cfaf8cd9660ca1fdfa243255a5,0.915279,1.0,1.0,0.571429,1.0,0.0,0.057913,0.914286,0.052322,0.098966,0.022451,2,0,1,0.9082969432314411,unverified_generated
fbd7fe6a0f53ac5eaab35a26c7dcd12324bab6275b2a19b00573e3592d10788e,0.803469,1.0,0.888889,0.125,1.0,0.0,0.017513,0.802778,0.013383,0.030736,0.008421,0,1,0,0.8282208588957055,unverified_generated
bdd70cc2715aed38ae96897e207391b07634f257c4c84e34804fd2b984b74ecf,0.962341,1.0,1.0,0.777778,1.0,0.75,0.015751,0.955556,0.01955,0.02719,0.000513,0,1,0,1.3582089552238805,unverified_generated
c1c82d627f08fa6e1041fe067288d0eba3d8c625ebe02f0074c717535e26bf77,0.832306,1.0,0.857143,0.3,1.0,0.0,0.026027,0.831429,0.037058,0.027389,0.013633,0,-1,0,0.9760348583877996,unverified_generated
b49b2daf656ca68fcc9d572d9ca1c436cd40e608c3abb41db44d851429d4bde2,0.911641,1.0,1.0,0.555556,1.0,0.0,0.029824,0.911111,0.006726,0.046288,0.036457,0,-1,1,0.4945054945054945,unverified_generated
41160aa9f058c7b157f547e02f7a52f25e4676471c93560ca5fb2f11b9760e5b,0.658566,0.0,0.857143,0.428571,1.0,0.0,0.020747,0.657143,0.028415,0.020088,0.013739,0,1,0,0.5735294117647058,unverified_generated
46c3f51439885dade8529101bcd6d0d2bd8efbb218e95ca8cf48cae43bd70b6c,0.861058,1.0,1.0,0.3,1.0,0.0,0.03779,0.86,0.025656,0.078892,0.008821,0,-1,0,0.9362244897959183,unverified_generated
90106d3f97c881d23159c6ef088bbb7ec3dd21516e9aec56846e12ff1f14acd1,0.980086,1.0,1.0,0.9,1.0,0.0,0.021617,0.98,0.035555,0.024984,0.004312,0,1,0,0.7984886649874056,unverified_generated
fb15b55f720d17b516b2415ac6a0561bc6a8caa8b3913baf16848574590cbff9,0.821221,1.0,1.0,0.1,1.0,0.0,0.033905,0.82,0.018542,0.065043,0.018129,-2,-1,0,0.8937875751503006,unverified_generated
5cbe1968655cc09c34c011e420463267093345f7dbb3afd1d01c498cce5b0a3c,0.912052,1.0,1.0,0.555556,1.0,0.0,0.052953,0.911111,0.097958,0.057459,0.003443,-1,-1,0,1.0335365853658536,unverified_generated
b3f6d3df40056bba8e5b6b192b02db179cf55d0a5814a495c1cc10933def5b96,0.805242,1.0,0.875,0.142857,1.0,0.0,0.042519,0.803571,0.035743,0.077549,0.014265,1,1,0,0.8262032085561497,unverified_generated
5f486df55cce1ce6ae6c0db12c5fee06678eb23766480a1b0976741249bca22d,0.805386,1.0,0.875,0.142857,1.0,0.0,0.046179,0.803571,0.020227,0.107527,0.010784,-1,-1,-1,0.3608815426997245,unverified_generated
6f49eff20e3413151509d13e9ac332993df769534e170b5b04446fe9047db93e,0.576984,1.0,0.625,0.0,0.625,0.0,0.023346,0.575,0.008684,0.044593,0.01676,1,0,1,0.7285318559556787,unverified_generated
07dd9409b75cdb870dcc81c1cf8606dcf6ef12cc5b77dbdbefe82fd020936d32,0.857897,1.0,0.857143,0.428571,1.0,0.0,0.026397,0.857143,0.01155,0.048822,0.018819,0,-1,0,0.7294117647058823,unverified_generated
684674bd13e9f229ac8610c341c2c1dfb7e53ac189635e4ecbdcdd948ca62137,0.793965,1.0,0.8,0.166667,1.0,0.0,0.015281,0.793333,0.006304,0.008717,0.030823,0,1,1,0.725752508361204,unverified_generated
9e790e2a8ff5c83ed2184f85bf43b101e3e4471a2c81cb3d55620a6939bb65dc,0.807599,1.0,0.857143,0.0,1.0,0.75,0.048496,0.771429,0.080342,0.056504,0.008641,0,0,0,1.1106382978723404,unverified_generated
f3d567b8b70411863d58dea8455b56fa1ec2b45ceb2fb6348778dc5c120b094f,0.90039,1.0,1.0,0.5,1.0,0.0,0.019525,0.9,0.001401,0.03629,0.020885,1,0,0,1.1680440771349863,unverified_generated
e2472bf5dc47f725a5a582319c25e271983c9cf3d19b0fa82038e5b420d4e412,0.801298,1.0,0.666667,0.333333,1.0,0.0,0.03246,0.8,0.019961,0.050028,0.027391,0,-1,1,0.7076923076923077,unverified_generated
b9f98cd07f47901d114aa1956ae5ba2426524eda07c03be62a1666de878e4b09,0.880167,1.0,1.0,0.4,1.0,0.0,0.006972,0.88,0.010556,0.008793,0.001566,0,0,0,1.0414364640883977,unverified_generated
111a201cce9e261e168cec2e67182b2b3c14f78009f0fa356afbad6129c327b4,0.949252,1.0,1.0,0.7,1.0,0.75,0.024737,0.94,0.015352,0.044488,0.01437,-1,1,0,0.7420494699646644,unverified_generated
a133aebc28e137bd3cdbffe4813ed19e4213b0650417c5cd17fcb1ea2b2fa6bc,0.864403,1.0,0.888889,0.428571,1.0,0.0,0.033352,0.863492,0.018105,0.035234,0.046717,0,-1,1,0.721875,unverified_generated
b05e7c3e118ab2823f2e190336d79e5e766c907ee77b1527edd03ab75524d0d9,0.856171,1.0,0.857143,0.285714,1.0,0.75,0.064699,0.828571,0.063862,0.096265,0.03397,0,0,1,0.8382352941176471,unverified_generated
4612be9eea2a741f76ccd0bb5b1894b097f58742f79ec84cab53749cb424faad,0.895505,1.0,0.875,0.6,1.0,0.0,0.024041,0.895,0.006106,0.062845,0.003173,-1,0,0,0.9057142857142857,unverified_generated
52127511dd9311d8193bdf019e3969142c1f78998581d833f082f5bab9c31654,0.886403,1.0,0.875,0.555556,1.0,0.0,0.012818,0.886111,0.007005,0.020397,0.011053,-1,-1,-1,0.7982832618025751,unverified_generated
02e0a281e5852008318069674bc57d5a13e409a9d92dc70c5cfd4e70b676ef31,0.88081,1.0,0.857143,0.545455,1.0,0.0,0.01216,0.880519,0.009176,0.011112,0.016192,0,2,1,0.9926289926289926,unverified_generated
d7c7bfd0613bed4200821bbd3c35c4564b42473aa2a987aa39ee7be6d7ab79a0,0.938399,1.0,0.8,0.888889,1.0,0.0,0.049952,0.937778,0.061327,0.063384,0.025145,0,-2,0,0.2669491525423729,unverified_generated
ddbcb196574dc8fe804c3ecfa8c3db9a70403ae93f01da9202aa0702d1752216,0.914436,1.0,1.0,0.571429,1.0,0.0,0.008747,0.914286,0.008261,0.00911,0.008871,0,0,0,0.7508710801393729,unverified_generated
e9234dd0b601fe90895203e02c1ce8fa5fb3f4637810ea255e7c9bf9be321191,0.907007,1.0,0.714286,0.818182,1.0,0.0,0.02747,0.906494,0.043679,0.038525,0.000207,-1,-3,0,0.6486486486486487,unverified_generated
f772e26df90f0f66548c8e74cc92aa50dc40575ff47dabe28e52178283255d03,0.886666,1.0,1.0,0.428571,1.0,0.0,0.041655,0.885714,0.057698,0.043974,0.023293,0,-1,1,1.1088825214899714,unverified_generated
ab552b3c5fddb977695eda52159ead0f0622bd75e6aa57152b7962b66dbb5585,0.950535,1.0,0.888889,0.833333,1.0,0.5,0.053509,0.944444,0.060691,0.028688,0.071147,0,0,0,0.4797979797979798,unverified_generated
42bd71161338120d37a1d44b110bce5e0b73aa99399f89bc9a10ac9933d64106,0.841877,1.0,1.0,0.2,1.0,0.0,0.058658,0.84,0.089345,0.083218,0.00341,-1,1,0,0.6942857142857143,unverified_generated
0982f9832113f3601e77ae251a5b90690ea395e371ee0bad73a2aec640e15851,0.892412,1.0,1.0,0.363636,1.0,0.75,0.027462,0.872727,0.015176,0.055666,0.011545,1,-2,1,1.0181268882175227,unverified_generated
23b98731fb21f46b61ceb214faca46806dd2c7ed3c108d27c39ae09f95b799fb,0.909745,1.0,1.0,0.545455,1.0,0.0,0.035996,0.909091,0.047337,0.058573,0.002079,2,0,0,0.8923076923076924,unverified_generated
92a48a89844fa9be28026c117dbf798a35ecf39909b48d1652f001d2948b1db7,0.876111,1.0,0.75,0.625,1.0,0.0,0.044421,0.875,0.023659,0.10278,0.006825,0,1,1,0.8087649402390438,unverified_generated
585c59d767c469ed2f14c4b080b1ad85802ae6159f614c81903fc8781253e376,0.855757,1.0,0.9,0.375,1.0,0.0,0.026091,0.855,0.033258,0.027254,0.01776,-1,1,0,0.80078125,unverified_generated
2aaa53839d4ea2508e5243bb869e0ceef5f860bcf74510063055f2fea2eb36c4,0.916749,1.0,0.888889,0.692308,1.0,0.0,0.03044,0.916239,0.032199,0.048311,0.010809,0,-3,0,0.7208201892744479,unverified_generated
71f9032b3e24577be9cfa8f5a06826e3ff6859b14e6329daa6839b6d23b6574e,0.886634,1.0,1.0,0.428571,1.0,0.0,0.040241,0.885714,0.065501,0.048248,0.006975,0,-1,1,0.7806004618937644,unverified_generated
2ed4a2e674675239f5a7572e1cb40d40136837cf970b2ce52bc27880510e6c7c,0.900232,1.0,0.875,0.625,1.0,0.0,0.011576,0.9,0.013869,0.011099,0.009759,1,1,1,0.6691919191919192,unverified_generated
bf0ad61f374a162c93256a3ecccba86323711ecfd98315ad5c25e933b70957bf,0.801938,1.0,0.5,0.5,1.0,0.0,0.048449,0.8,0.084573,0.049042,0.011732,-1,-1,1,0.7859922178988327,unverified_generated
4b9acb798cb6071145191ce905c2667befabd47211a27974c942bc9a5c88f264,1.0,1.0,1.0,1.0,1.0,0.0,0.024845,1.0,0.016194,0.057637,0.000705,0,1,0,0.7720306513409961,unverified_generated
37176d32fb3f3825d3c00632d609e3d3a65d447ab03359a8564374327e844305,0.783708,1.0,1.0,0.714286,0.6,0.0,0.019602,0.782857,0.015838,0.022424,0.020544,-1,-1,-1,0.2771618625277162,unverified_generated
3d4922a40dc07564964e69a7902efc8dcaba2265bb82a09d35a59ee5ed093e5c,0.801686,1.0,0.777778,0.222222,1.0,0.0,0.042162,0.8,0.009071,0.08512,0.032295,1,0,0,0.9155251141552512,unverified_generated
bdaabb85ba6cce479216100393e8280860a88b9cb2d1bde2f0f4e727dc677979,0.893386,1.0,0.9,0.5,1.0,0.5,0.064179,0.88,0.073588,0.099561,0.019388,1,-1,1,1.0923076923076922,unverified_generated
932c5bd1bfbc6c221f0e365ab766358adec3fdfbe8abf4db62748c25e5b74ef1,0.809383,1.0,0.714286,0.222222,1.0,0.5,0.021198,0.787302,0.028155,0.01993,0.01551,-1,0,-1,0.9150943396226415,unverified_generated
89ad9c233efcd401a3b13c4dcc5f7ec9d5528cd7842a53c80435ec14b90e4d18,0.85846,1.0,1.0,0.285714,1.0,0.0,0.046108,0.857143,0.047373,0.082518,0.008433,0,-2,1,0.8534883720930233,unverified_generated
d17e29945b89d218fda4462bbb9885d1fa887b34e3cd0ae6f87360bcc4cdfa49,0.890004,1.0,1.0,0.444444,1.0,0.0,0.050198,0.888889,0.072885,0.059079,0.018631,0,0,0,1.079295154185022,unverified_generated
21a8d5456bd967992f2d27573948b7b72ebbdc956a9b4dd9005974ab532cda43,0.892584,1.0,0.857143,0.888889,0.857143,0.0,0.024094,0.892063,0.011104,0.023105,0.038073,0,0,0,0.6546762589928058,unverified_generated
cf3807a13711ddc590e9585c04a9f64eec0e36eabaa28638c1fd6d9750936fb2,0.836818,1.0,0.9,0.461538,0.909091,0.0,0.026621,0.835944,0.034699,0.040079,0.005085,-1,0,0,0.9872,unverified_generated
b3abecacda82186d66fee53f447bd07b2162deba575a951253179aced4cdc1f9,0.911494,1.0,1.0,0.555556,1.0,0.0,0.021544,0.911111,0.034664,0.018446,0.011523,1,1,1,0.9336283185840708,unverified_generated
8fcfa5c9875b711777d5db9aaa4ff1688ff9bfd9210f6deebd2eec6c2ad64a0e,0.929934,1.0,1.0,0.583333,1.0,0.75,0.054147,0.916667,0.084962,0.075505,0.001973,0,-1,1,1.1704834605597965,unverified_generated
d5f29b22f3e71a73d168ccf7fdf4f066307ca43c198dd7447f0be894e0c27155,0.915855,1.0,0.888889,0.6875,1.0,0.0,0.034094,0.915278,0.026465,0.06744,0.008378,0,-3,-1,0.8478747203579419,unverified_generated
a2aa6ed640d402defcffe787b04fcf3ad025fa5cb20fe91cc103cb477bde8413,0.900652,1.0,0.875,0.625,1.0,0.0,0.032575,0.9,0.012873,0.026625,0.058228,-1,-1,-1,0.27877237851662406,unverified_generated
4fa0dd3b0f2aed5490d9b8d76093fb5fb55c4c64c2c94c077f3355e14132f2b6,0.845438,1.0,1.0,0.222222,1.0,0.0,0.031937,0.844444,0.034893,0.053075,0.007842,0,0,-1,0.7678571428571429,unverified_generated
96197491637f0a78829a63aeade5e560812529d4d74fbc98fdf86ce1d6d5c9ff,0.83341,1.0,0.857143,0.555556,0.875,0.0,0.025971,0.83254,0.040397,0.035719,0.001796,0,1,1,0.5501792114695341,unverified_generated
90266e64c0348c1d07d57bf511c17e57dc03a4ef5b507454bad9c4a1837c0d02,0.825836,1.0,1.0,0.125,1.0,0.0,0.023887,0.825,0.011268,0.043831,0.016563,0,1,-1,1.1098265895953756,unverified_generated
8ffbd4c8b21c9bb50b0f13426f47a27413ea98c4a2c0c2c34acf2d846664ca8d,0.801455,1.0,1.0,0.2,0.9,0.0,0.036374,0.8,0.03361,0.066217,0.009296,0,0,-1,0.8898163606010017,unverified_generated
d143090d57daf088d7138f3178967750fa940c0bdfa48d31d1c19ce6d8b94495,0.880419,1.0,1.0,0.4,1.0,0.0,0.017446,0.88,0.007103,0.040901,0.004335,0,0,0,0.9004149377593361,unverified_generated
eabfee55b98e467fa55e606bc6f95a4b0d093464b8684c3e603fe82d90e3eb97,0.82024,1.0,1.0,0.3,0.9,0.0,0.00668,0.82,0.003485,0.014464,0.002092,1,1,-1,0.5645645645645646,unverified_generated
62dd053457a5908494f527e96b1870efcd261d4d0acd7050e611b205050914b3,0.820861,1.0,0.875,0.222222,1.0,0.0,0.03922,0.819444,0.019091,0.083908,0.01466,1,0,-1,0.8904761904761904,unverified_generated
13856cb450f53d65c7f4c66986f9deff1faae96c564b36948bb31fb2e712c1bc,0.91118,1.0,0.888889,0.583333,1.0,0.75,0.050298,0.894444,0.062258,0.080319,0.008317,0,1,1,0.8580246913580247,unverified_generated
5015c22d052a506a31ee411b3b5810d1bb57205d89466380b3a309069a863b31,0.902712,1.0,0.875,0.636364,1.0,0.0,0.02245,0.902273,0.012317,0.032603,0.02243,1,3,0,1.024024024024024,unverified_generated
4cde2bd37b9778260eaf2ebcb9fe89e9be4af3cb64eb2e9cfe0cf3dc206fa75a,0.893037,1.0,0.888889,0.571429,1.0,0.0,0.045094,0.892063,0.043501,0.063914,0.027868,0,-2,-1,0.7545454545454545,unverified_generated
3569503e723559d3667869fdbf1ae3b4f2473f8681cbb354ae010073d1c9808a,0.925576,1.0,1.0,0.625,1.0,0.0,0.038418,0.925,0.000262,0.113702,0.00129,0,-1,1,0.8329411764705882,unverified_generated
b19ee1a58bffb76bf23fc2c250d0723ebcc605964c98e94d18992da30856db8b,0.848982,1.0,0.666667,0.571429,1.0,0.0,0.044716,0.847619,0.05735,0.06956,0.007239,0,2,0,0.480719794344473,unverified_generated
b30bd03717e788f37242a4f0263e75c6f0156296ab6c7e7c9b92352ae78bb79f,0.940589,1.0,1.0,0.7,1.0,0.0,0.049061,0.94,0.071015,0.067966,0.008203,0,1,1,1.0740740740740742,unverified_generated
37bb7f36e4737cbb56aa912ae1ea602a99617b1aab0fef0a7f964358dcc1522a,0.948301,1.0,1.0,0.692308,1.0,0.75,0.058155,0.938462,0.082784,0.088141,0.003541,0,1,0,0.9879518072289156,unverified_generated
160bf8f761c59d78317cc96a7fd26f717e549f0c7a662c2f178ba188cfcd5048,0.841764,1.0,1.0,0.2,1.0,0.0,0.055111,0.84,0.06027,0.073238,0.031825,0,-1,-1,0.6328358208955224,unverified_generated
6c506500875c9b3ff1eb12181a39e61317b49bea679651a84aed14fc6b1e893f,0.881139,1.0,1.0,0.625,0.888889,0.0,0.02443,0.880556,0.01278,0.054947,0.005562,0,-1,0,0.654275092936803,unverified_generated
09ff29cba5c270667734cc6e7ee2bf41bff622a322679f6a2db5dc0cc2ac4265,0.858565,1.0,1.0,0.285714,1.0,0.0,0.049777,0.857143,0.01678,0.111127,0.021424,-2,0,-1,0.21669980119284293,unverified_generated
04bee7c4b6ecfece322f4b87ab4003f4bea3d86cfb79344e8512334485733140,0.85879,1.0,0.888889,0.4,1.0,0.0,0.035588,0.857778,0.021922,0.065055,0.019787,0,2,0,1.1856060606060606,unverified_generated
c1c3de2d2abd1441aee6a313fd79d2816381ce8eddfaec8e82fa5eecdb4d0a1b,0.850401,1.0,0.875,0.333333,1.0,0.25,0.027189,0.841667,0.002003,0.07373,0.005834,1,1,2,0.939297124600639,unverified_generated
1152656a811a44178fe289d08f097d773752e0fbfcc9bbdc3d85dcb66c5058a9,0.871903,1.0,0.857143,0.5,1.0,0.0,0.018452,0.871429,0.005427,0.04887,0.00106,0,-3,-1,0.7478260869565218,unverified_generated
7a7bdd9063b6426ead2d4b74cf4fd7749a641de9de8acbb410bc4e794fef8af9,0.877792,1.0,1.0,0.384615,1.0,0.0,0.035301,0.876923,0.038471,0.033454,0.033979,0,1,0,0.9364548494983278,unverified_generated
448d8f6b2087e81b621d6c32463b8464cb3e5c33bacb139a51037609110f532d,0.920782,1.0,1.0,0.6,1.0,0.0,0.048904,0.92,0.036502,0.096465,0.013745,0,2,0,0.8174757281553398,unverified_generated
a7b70918b470c0739e9829cacfb955552eac61f04ff58f47b93341f126af1347,0.881097,1.0,1.0,0.4,1.0,0.0,0.045699,0.88,0.044738,0.06102,0.031338,1,0,1,1.1421188630490957,unverified_generated
72daaa193f98a7c61456f04653d7f34290ec5430c81b18d32e529cf542e40cf9,0.911373,1.0,1.0,0.555556,1.0,0.0,0.014704,0.911111,0.014955,0.000396,0.028761,0,-1,0,0.8301158301158301,unverified_generated
c4e0bb5a17ae4321271f5849b049fe077f0f5a75cc7fc6a909c952c0ad7c5593,0.946708,1.0,0.857143,0.875,1.0,0.0,0.026052,0.946429,0.044338,0.013434,0.020384,0,1,0,0.6776859504132231,unverified_generated
3ac69562c1a82c8012a6739a60122842ad03a680559e4118e40ca68634beaeea,0.858697,1.0,1.0,0.285714,1.0,0.0,0.054381,0.857143,0.048741,0.087988,0.026414,0,0,-1,0.8213592233009709,unverified_generated
31acc282ffbb9ba2389c775781c5eb93200d710027e60fff934b2b1f6290a3ad,0.857319,1.0,1.0,0.285714,1.0,0.0,0.006157,0.857143,0.010666,0.006146,0.001659,0,0,0,0.8767772511848341,unverified_generated
1a2f415d64c2283c1929171f1c972301c510199ad274c66a867dd7772eeb6bd3,0.886802,1.0,1.0,0.428571,1.0,0.0,0.047583,0.885714,0.026841,0.095489,0.020418,-1,-1,-1,0.9210526315789473,unverified_generated
c3f972b1a79fb39d7cd195b28204e081977f238eeb8c342e86ad2516c5a6f120,0.908688,1.0,0.875,0.666667,1.0,0.0,0.019351,0.908333,0.01741,0.020823,0.019821,1,0,0,0.7072649572649573,unverified_generated
31eb50abd20886e873d63dca6ac08c16a42ca35a1eccb5d13ac0808b6943ac52,0.927851,1.0,1.0,0.636364,1.0,0.0,0.039746,0.927273,0.026194,0.063995,0.02905,0,-3,-1,0.847953216374269,unverified_generated
abee3b51184cfc5bf265cdaefaac984d5c1a50f3f777735ea6ede82aadf132de,0.889424,1.0,1.0,0.444444,1.0,0.0,0.024092,0.888889,0.012439,0.045048,0.01479,1,0,0,0.8491965389369592,unverified_generated
4436459c9aed0fa175b21ae453057329a8f1485462f8e89edd5351f620ba09b4,0.833769,1.0,1.0,0.444444,0.857143,0.0,0.060113,0.831746,0.01542,0.146671,0.018248,1,0,-2,0.7405247813411079,unverified_generated
3cf3134e9e22e0a9940c224cf1d44e5425d4ab94ab4aca969e4e2f95ed34ad88,0.837042,1.0,1.0,0.428571,0.875,0.0,0.040398,0.835714,0.052848,0.044793,0.023552,0,1,1,0.7685185185185185,unverified_generated
d5d9b4f1ba026c60a743a03775563b7e3fe6a6da7680e6ce866f04e412747db2,0.915124,1.0,1.0,0.571429,1.0,0.0,0.048904,0.914286,0.05422,0.078888,0.013603,-1,0,-2,0.311614730878187,unverified_generated
412e17718d8643aca52aecedc833e6a2f303e7027a641e95068a82adbe7c6555,0.861291,1.0,1.0,0.555556,0.833333,0.5,0.046108,0.844444,0.047807,0.066056,0.02446,1,1,1,0.8705882352941177,unverified_generated
48fb3bed8f48f0d283be1532679cbabf11c0a0bf7155526ee3954bfcb6753c25,0.840573,1.0,1.0,0.2,1.0,0.0,0.017897,0.84,0.000342,0.026343,0.027006,0,-1,-1,0.38419618528610355,unverified_generated
1c6c12bdfbbb981cce6207986713ece1aa6e5c79f8af939073f6b520745886d6,0.898807,1.0,1.0,0.4,1.0,0.75,0.039565,0.88,0.071473,0.024841,0.02238,0,0,1,0.9773755656108597,unverified_generated
ae6ecc81471fcf1c5312badbed3f0f2a106ef73c9bd9213c5409accb756eeae3,0.813517,1.0,1.0,0.285714,0.888889,0.0,0.021852,0.812698,0.014229,0.046578,0.004748,0,2,0,0.7595419847328244,unverified_generated
3d1443ec5b98a08bf535c791a17dfba011f50d50a50ef53b341c0b4887977473,0.963763,1.0,1.0,0.818182,1.0,0.0,0.017364,0.963636,0.010902,0.003307,0.037884,0,-1,-1,0.29705882352941176,unverified_generated
e153fd02f4544f8ea2eca482c3cc17f0836a19c785b46870e1290f0d8eba4708,0.840673,1.0,1.0,0.4,0.9,0.0,0.021034,0.84,0.005798,0.051989,0.005315,-1,-2,-1,0.8701067615658363,unverified_generated
3dbdc11eeef182acc4e13b6ae5436e05edae49d528708d5a07ca97b866eccfb5,0.900805,1.0,1.0,0.5,1.0,0.0,0.040264,0.9,0.04671,0.073545,0.000537,-1,2,0,0.5817610062893082,unverified_generated
0597fe8b0bf5861a4aba354da94fe49e384c351fefdd85562dc9cf73c17ab937,0.805351,1.0,0.875,0.142857,1.0,0.0,0.045302,0.803571,0.011585,0.105644,0.018677,1,1,1,0.8298755186721992,unverified_generated
18e554066472f57f7676c7d5a1254bae659cdf3710a51865af7073bc23a7849e,0.801476,1.0,1.0,0.0,1.0,0.0,0.036906,0.8,0.034367,0.065305,0.011045,0,0,0,0.8393939393939394,unverified_generated
59dd2fa0915ff8e7a6d46366991ab956acb299b108a024fa4b452c1e582f7935,0.827028,1.0,0.875,0.25,1.0,0.0,0.057932,0.825,0.067432,0.077963,0.0284,-1,0,0,0.9635036496350365,unverified_generated
dd4bf2ff62bb12f0d18b26fb8752ca6ac3d4867866c51c4e0df65d8df578820d,0.980091,1.0,1.0,0.9,1.0,0.0,0.022681,0.98,0.028533,0.006511,0.032998,1,1,1,0.7572559366754618,unverified_generated
a30b80728516f49a5f78a81928d26b4f40300fcc449282f2a187d4bd035dcc61,0.924179,1.0,0.888889,0.727273,1.0,0.0,0.061675,0.923232,0.072607,0.073831,0.038587,-2,-4,0,0.3405994550408719,unverified_generated
223c217288f9353b2cb42869bd7feaff5cf65cb233bea25e6a911a45115e4663,0.900338,1.0,1.0,0.5,1.0,0.0,0.016892,0.9,0.009051,0.030476,0.01115,1,-1,0,0.8819320214669052,unverified_generated
54d540508f564adc97c40c78f1cffdd313d9f29d4598351668115e3217daedac,0.872198,1.0,0.888889,0.4,1.0,0.5,0.007749,0.857778,0.008581,0.012087,0.002578,0,2,2,0.5285285285285285,unverified_generated
e4df3bc8fc09ca0217dcdc55123aeab3d8e5e8e4202373fd3043f99549903df8,0.88726,1.0,0.857143,0.571429,1.0,0.0,0.06761,0.885714,0.058215,0.106337,0.038277,0,0,1,0.8743016759776536,unverified_generated
01c31608469db6860feb3ea56e20cb6470d486ce428721fa6449c7cc6c020392,0.860708,1.0,0.714286,0.461538,1.0,0.75,0.029203,0.835165,0.022138,0.052711,0.01276,1,0,0,0.9408945686900958,unverified_generated
b86f0c9889bd84aab70b29efba33ea5d063f3bd199a36321edd803cf6274f872,0.85994,1.0,0.888889,0.285714,1.0,0.75,0.009167,0.834921,0.00149,0.01766,0.00835,0,-2,-1,0.6865384615384615,unverified_generated
2775e27a893f70b5239ddb54f09a59ee594b5e3b2a68729083c57ec3127f704a,0.925672,1.0,1.0,0.625,1.0,0.0,0.044817,0.925,0.009587,0.108953,0.015912,0,-1,0,0.5663026521060842,unverified_generated
26cb7e1002da519d0c50fd0efce8099411057dc8e13c5198d33f20423cb90132,0.829038,1.0,1.0,0.142857,1.0,0.0,0.013617,0.828571,0.001231,0.001755,0.037865,0,1,0,0.6424870466321243,unverified_generated
f5e0e33edffa6c6b4d88e7ac514a8e53634689e60a2e9a12ca342105c4f5d701,0.945997,1.0,1.0,0.727273,1.0,0.0,0.049762,0.945455,0.058099,0.08633,0.004858,1,2,0,1.1731843575418994,unverified_generated
d5bb6c0ac052c84301db004738789169fda1176f28cb67a329c740744492b54a,0.856214,1.0,1.0,0.5,0.888889,0.0,0.022798,0.855556,0.018281,0.027276,0.022836,-1,0,0,0.7382198952879581,unverified_generated
4bb7c0db8b50bbf5cc1984922c4624f7ea095947c875ba76bf0843eb09644b36,0.810977,1.0,0.6,0.444444,1.0,0.0,0.054634,0.808889,0.018722,0.122052,0.023129,1,2,1,0.8243727598566308,unverified_generated
afd3d6fce71801d0a47a2a391e75ae21b04823c4f49c97f1ea06884cab8c1676,0.925202,1.0,1.0,0.625,1.0,0.0,0.013493,0.925,0.015304,0.021441,0.003733,-1,-1,-1,0.7633410672853829,unverified_generated
1a34b9976a64978a14a206c2c5cc494cc6988b47e7092a2b69f540ca1726e91e,0.815536,1.0,0.875,0.2,1.0,0.0,0.014493,0.815,0.028268,0.004403,0.010809,-1,-1,-1,0.2123456790123457,unverified_generated
0dd577e40300d6b15b51b8838884dbce63588fbca464c6a055bf8765d0f20389,0.889777,1.0,0.875,0.571429,1.0,0.0,0.022189,0.889286,0.007159,0.049355,0.010054,-1,-2,0,0.5460750853242321,unverified_generated
b13a8cb1c6d241afd3028502c88ec7559c47b6531bbe4704d4ddbb7c7e01edde,0.876706,1.0,1.0,0.375,1.0,0.0,0.068253,0.875,0.104521,0.064682,0.035557,0,-3,1,0.4882154882154882,unverified_generated
fa196b18cff94ce3e180b881c6b5c5642b83b79950e32c4036881e5ec8798e13,0.960138,1.0,1.0,0.8,1.0,0.0,0.017252,0.96,0.01158,0.035555,0.004622,0,-2,1,0.8788732394366198,unverified_generated
619ca32846e4c9c779b9df3e432dd429e26541f52301b9e98c9ae1d2eb25035e,0.878455,1.0,0.888889,0.5,1.0,0.0,0.027706,0.877778,0.033293,0.033336,0.016489,0,0,1,0.7543478260869565,unverified_generated
1bb09664fef9116ac80f02efca187cd90dfaf078b2d6db0c309d75e05f102f71,0.772443,1.0,0.857143,0.0,1.0,0.0,0.02218,0.771429,0.009407,0.042337,0.014797,0,0,0,0.9715099715099715,unverified_generated
2268ebee532ace825efa3cc8dfbdfa5527fc5a58ad78375595116880855c0165,0.950189,1.0,1.0,0.75,1.0,0.0,0.018901,0.95,0.023493,0.031044,0.002166,0,-2,-2,0.3706070287539936,unverified_generated
c3339130353a74b88023260c232b150e9526fdb48b6e6e0f348bbb6375a6bcc1,0.876535,1.0,1.0,0.375,1.0,0.0,0.061392,0.875,0.055652,0.117204,0.01132,1,-1,-1,0.42417582417582417,unverified_generated
acac3d4dea3b87d933c217707ce8b09fcd79a86e5835d9d95a89b61a578c35b5,0.933626,1.0,1.0,0.666667,1.0,0.0,0.021983,0.933333,0.012358,0.045609,0.007982,0,0,0,0.8237082066869301,unverified_generated
2686517fcf37e8beea6e8c6e5fcb56704a85aac22c09acbfef38496ce7a6b20a,0.963912,1.0,1.0,0.818182,1.0,0.0,0.03794,0.963636,0.007189,0.103896,0.002736,0,-3,0,0.7560975609756098,unverified_generated
68d0a4c62af2c7986973a3a0fa9921acc45de4bcdb27d33b8a73e4e0c6c27166,0.846543,1.0,0.888889,0.333333,1.0,0.0,0.06744,0.844444,0.109082,0.08609,0.007148,0,0,0,0.6004784688995215,unverified_generated
e2863c9c4563f3f7b1a4531b4ecbfa48a4005fd19a75ac033031365ef36e844d,0.934472,1.0,1.0,0.666667,1.0,0.0,0.085376,0.933333,0.117201,0.106892,0.032036,0,2,1,0.9910714285714286,unverified_generated
3a31ad92ba4a5614557498a1d2b3fc96efdc906ad435bb1299fbbcaadc970a4d,0.844928,1.0,0.666667,0.555556,1.0,0.0,0.015545,0.844444,0.002861,0.026424,0.017351,0,1,1,1.175392670157068,unverified_generated
b7a1a0dd1b7944ee084097133e14b2b877f1b9349128d552110a444e4167f6d4,0.91391,1.0,0.9,0.666667,1.0,0.0,0.033255,0.913333,0.038005,0.031098,0.030663,-1,0,-1,0.7481203007518797,unverified_generated
f84274e6312d3b8ebe8bc0d9b5f99832930b69226b182c02ff7a86a9ae34834f,0.875778,1.0,1.0,0.375,1.0,0.0,0.031137,0.875,0.020723,0.064442,0.008246,1,1,1,0.8302469135802469,unverified_generated
27cb6706bab531cf0d495b269a5221f2b3e36b2a9e457792901db1915a14a65e,0.835789,1.0,0.857143,0.6,0.857143,0.0,0.045361,0.834286,0.043657,0.055452,0.036973,0,-4,0,1.0124378109452736,unverified_generated
9a7d9a307095ceb24ebf9abc3f8f43ff8da028eb89e973d4b28e6b4627c7860a,0.907125,1.0,0.75,0.777778,1.0,0.0,0.083106,0.905556,0.078262,0.141932,0.029124,0,1,2,0.9639830508474576,unverified_generated
b7cbf274ce16e0861b2399ac354b16772ee0077f2635418ca3f4bb99c22cfaf4,0.86752,1.0,1.0,0.333333,1.0,0.0,0.032012,0.866667,0.021175,0.0474,0.02746,0,0,-1,0.705685618729097,unverified_generated
a78332774f7d6a6cdcafe5990938735544dd16970a50be7543453d5857aa183a,0.933767,1.0,1.0,0.666667,1.0,0.0,0.032558,0.933333,0.014202,0.041038,0.042434,-1,-2,-1,0.8642172523961661,unverified_generated
f31cdaecb4d0c54522bfdb5d15750d29bfca81c80c8dccd326f71b61de9ead2c,0.84289,1.0,0.875,0.333333,1.0,0.0,0.038645,0.841667,0.025321,0.075373,0.015242,1,1,-1,0.8869346733668342,unverified_generated
11aa67196a645393c3eddffd8b062c493fcf23648eac287163322c7e0c296a82,0.850842,1.0,1.0,0.25,1.0,0.0,0.028066,0.85,0.014708,0.054271,0.01522,0,2,0,0.9473684210526315,unverified_generated
c82c4e74fa5b022d774f42e1da1d3439e34145cc52b8dd364340251ca68b789a,0.827516,1.0,1.0,0.125,1.0,0.0,0.071891,0.825,0.076672,0.10894,0.03006,-2,-1,-2,0.2273972602739726,unverified_generated
ffdf4d87591f8b35dc5d4fdcc8fd59b58f721381bd03f101a30a379a28e9680e,0.93375,1.0,1.0,0.666667,1.0,0.0,0.031272,0.933333,0.038103,0.043738,0.011976,0,-2,0,0.7145061728395061,unverified_generated
1c87b6ce44319846e7dcc817d0e19daac20b4e672bde10c7bd8dc98ef19bf646,0.940412,1.0,1.0,0.666667,1.0,0.5,0.03437,0.933333,0.032757,0.051693,0.018659,0,0,0,0.7056737588652482,unverified_generated
a88436e8d358cf05d2d271a4b316e003d9062936a768bb824482c8353bfb230d,0.92522,1.0,1.0,0.625,1.0,0.0,0.014683,0.925,0.014295,0.006401,0.023354,-1,-1,-2,0.2141280353200883,unverified_generated
4775328e0eaf1279797a81c186e17b25c8b9f8ca4d4dc42fec88c491e453eee1,0.872334,1.0,0.857143,0.5,1.0,0.0,0.035219,0.871429,0.047548,0.032619,0.025491,0,0,0,0.9703264094955489,unverified_generated
c05846a26fcb29c4716fa24444a526728b46d1f067ca3019f1c09e5963607aa9,0.889599,1.0,1.0,0.444444,1.0,0.0,0.031965,0.888889,0.028091,0.056551,0.011252,0,0,0,0.6387225548902196,unverified_generated
0d84152a6895554f76092b69ac76102ebc378e2acdd2fe38be709ae8649d38a0,0.809287,1.0,1.0,0.375,0.833333,0.0,0.024873,0.808333,0.033136,0.039583,0.001899,0,-1,-1,0.5264797507788161,unverified_generated
98314378f2bd92fd06579b1b33f120b271689e3e402c97c9d6384a6961fc2b9d,0.880905,1.0,1.0,0.4,1.0,0.0,0.037722,0.88,0.068902,0.044062,0.000202,2,0,-1,0.8548387096774194,unverified_generated
01cb14a648708fb44f20768b43b04b377f0974e9463079b79e8c9f36986b7f58,1.0,1.0,1.0,1.0,1.0,0.0,0.05224,1.0,0.067658,0.08637,0.002691,0,0,0,1.0700280112044818,unverified_generated
6f515f0f8d3b775e5eb9612dd59d2a04a901c81c277959f7a717260bd308d29d,0.871935,1.0,0.857143,0.5,1.0,0.0,0.019692,0.871429,0.000894,0.045904,0.012279,0,-2,0,0.5384615384615384,unverified_generated
e3df56d697240780b2503ac090ad5edbc279f0d7e0ccf1f67a522ac47fbfde3a,0.875494,1.0,1.0,0.375,1.0,0.0,0.019776,0.875,0.034989,0.019473,0.004865,0,-1,0,0.9776119402985075,unverified_generated
6dad16f994fc5dc2c7ecf6daed95bb09e9eb818824fb43a36c72b52dd8d4d90d,0.879333,1.0,0.888889,0.5,1.0,0.0,0.063613,0.877778,0.087389,0.098616,0.004833,0,0,0,0.915057915057915,unverified_generated
a5710b06ba35fbb956dac9e2f20f63acdad8569eb8d9b22bd9db2dfe7964396f,0.86418,1.0,0.714286,0.6,1.0,0.0,0.048231,0.862857,0.058528,0.073161,0.013004,1,0,0,1.0835820895522388,unverified_generated
93370e042f6bdf9b64470953280d640721e33962cd1b6d781e03d773db7f256a,0.94637,1.0,1.0,0.727273,1.0,0.0,0.083907,0.945455,0.129009,0.082436,0.040277,0,-2,-1,0.20735785953177258,unverified_generated
2f3a93367741b55f475af18d20a8454d6c7580605abce0ee1e82b3c4ed694441,0.888634,1.0,0.833333,0.5,1.0,0.75,0.086801,0.866667,0.032102,0.176489,0.051812,1,1,1,0.7801418439716312,unverified_generated
6d2d4eea1e9c4df07a005d5859db022f95af1e75296ea998ed925e59e14c2f39,0.876228,1.0,1.0,0.375,1.0,0.0,0.049138,0.875,0.05342,0.056056,0.037938,0,1,-1,0.817966903073286,unverified_generated
6ed7906ab406884b26ac99938d2e8ee155aaa7069deaa3a4ca2e79481254b111,0.932383,1.0,1.0,0.6,1.0,0.75,0.028193,0.92,0.049865,0.031729,0.002984,1,0,0,0.9068825910931174,unverified_generated
03b37a12923e9c7f78b086f006ef610abe3902f51e06cf0333a5c598887d62f6,0.872164,1.0,0.857143,0.5,1.0,0.0,0.028596,0.871429,0.024076,0.043181,0.018531,0,0,1,1.0878552971576227,unverified_generated
a356cdee25ef7e2b0611355f3e31f124c866863b7e9bb463d713a3cb0ec129ad,0.875767,1.0,1.0,0.375,1.0,0.0,0.030691,0.875,0.052154,0.037441,0.002477,0,-1,0,0.75,unverified_generated
f994c3c6cd7bc66fc6006541ba97164a6bd4f272681083710939d2b4a5c5796f,0.91474,1.0,1.0,0.571429,1.0,0.0,0.026483,0.914286,0.006249,0.051699,0.021501,-1,0,0,0.6350710900473934,unverified_generated
37682a72a48b41b39e687cefc97883e3e0189b8357815726ddb97b7ad8df416c,0.900755,1.0,1.0,0.444444,1.0,0.5,0.037727,0.888889,0.02861,0.065892,0.01868,0,0,1,0.9479166666666666,unverified_generated
404ef0792838995ea34538366d6ebd52b8a314097e1dca13c5232e20caf8f2d7,0.875895,1.0,1.0,0.375,1.0,0.0,0.035796,0.875,0.057009,0.021996,0.028382,0,-1,0,0.8852459016393442,unverified_generated
99d26b1526eb93bf2c44a393c463f0dd478a3612acf1f50bd6f6981b824c3a29,0.940032,1.0,0.875,0.769231,1.0,0.75,0.042395,0.928846,0.04417,0.07231,0.010705,1,4,2,0.9093264248704663,unverified_generated
c19514ac525707e8501b5b28b17396519c1ea2ab545ca7de3a79e34fa2d783e1,0.803561,1.0,0.9,0.333333,0.888889,0.0,0.033852,0.802222,0.02114,0.079702,0.000714,1,1,2,0.8181818181818182,unverified_generated
717e0486f02e70f266e2e63e5e4d6f496951c961f20bf54cece1caec0c78edd4,0.797009,1.0,0.75,0.230769,1.0,0.0,0.020968,0.796154,0.021705,0.034894,0.006305,0,-1,1,0.7262931034482759,unverified_generated
1f8410ae67a24220170ea02d72a0e4ac9f3dc4b05484ed7a0abf89f0d79af335,0.76078,1.0,0.8,0.333333,0.833333,0.0,0.016259,0.76,0.014069,0.007874,0.026835,0,0,1,0.8125,unverified_generated
dba8b6612c870ff438acf17addd1865cd7a2ec138097aec7c0c50db42cc67d8c,0.900799,1.0,1.0,0.5,1.0,0.0,0.039966,0.9,0.06468,0.033867,0.021352,0,2,1,0.6161616161616161,unverified_generated
e1ca68b53dc7772520e98b3dd120a3c0918ea09508bf9929a2efd9da8c15e409,0.884578,1.0,0.875,0.545455,1.0,0.0,0.020996,0.884091,0.017145,0.034868,0.010974,1,0,-1,0.9368932038834952,unverified_generated
90f7f94a284cf0f6d7a08155da4f1aa0cb7698ac42e9b858171ac4bb74b6db50,0.925253,1.0,0.888889,0.666667,1.0,0.75,0.053508,0.911111,0.049279,0.094685,0.016559,0,-2,-1,0.9248704663212435,unverified_generated
e09dd64f4c60eced8a43a16cd03e3408ea97b9f5e091192566c7d03f1313a0a2,0.900361,1.0,1.0,0.5,1.0,0.0,0.018035,0.9,0.011494,0.028182,0.014429,0,2,0,0.6955380577427821,unverified_generated
8a1eeffbac4cf4e8380c1375332a044b24b26e09a1e760f0de40cf55ea3aa4f6,0.925876,1.0,1.0,0.625,1.0,0.0,0.058414,0.925,0.090031,0.085192,1.9e-05,-1,-1,0,0.4465753424657534,unverified_generated
6cd67011bf00e01a5597e2575afae6c4a61611133ca3dbc0215b632468e1cd96,0.900232,1.0,1.0,0.5,1.0,0.0,0.011598,0.9,0.020042,0.011119,0.003632,0,1,0,0.8818565400843882,unverified_generated
fa53632a8a035e765c4c43f89668e1f8272f3a6b9e0fd3a76a81588e9f0acafd,0.96698,1.0,1.0,0.833333,1.0,0.0,0.046948,0.966667,0.106484,0.029,0.005359,0,-2,0,0.780373831775701,unverified_generated
f660b7c1676ae4a3c5706f8fd39fc35363ed14e8dbd96afd29d573662459edd6,0.962405,1.0,0.9,0.909091,1.0,0.0,0.076875,0.961818,0.100009,0.124957,0.00566,1,2,1,1.0365384615384616,unverified_generated
7884ae4d3c93154b3ef1fad1cd3ebbc9e256e994ca066e6732b4aaf9b68a8482,0.84393,1.0,0.714286,0.5,1.0,0.0,0.034142,0.842857,0.037418,0.03631,0.028699,-1,-1,0,0.46017699115044247,unverified_generated
583615b79e22fdba597d3be6dbc39f8913682a6f54d3df5a638bad0fc3bc67c8,0.917247,1.0,0.75,0.833333,1.0,0.0,0.034841,0.916667,0.045971,0.036916,0.021637,0,-2,-1,0.5586034912718204,unverified_generated
eb4565a7976e4c266f1f278c198b721af3198a1bfa2194f23d36f5914bc4f810,0.955746,1.0,1.0,0.777778,1.0,0.0,0.021445,0.955556,0.014164,0.032045,0.018127,0,1,1,0.9053497942386831,unverified_generated
dbd44b9523d8bb3131a00b030b75c36e903faa1d3823de3ae6ef311c7f4f9af3,0.8893,1.0,1.0,0.444444,1.0,0.0,0.018514,0.888889,0.009434,0.012169,0.033938,1,0,1,0.5462962962962963,unverified_generated
98f37d4ca455782b011df75d0a36f44b2e0e43cff49878d492c993265bf4f67a,0.948858,1.0,1.0,0.727273,1.0,0.25,0.065198,0.945455,0.037558,0.086001,0.072035,0,0,-1,0.7178294573643411,unverified_generated
f57e718964c3252b469ad93aa2c52cad6864517df0b12b1efdf5b7d9dbb167fa,0.84958,1.0,1.0,0.444444,0.9,0.0,0.022866,0.848889,0.020607,0.028227,0.019765,-1,0,-1,0.5919811320754716,unverified_generated
1a936e856f12290c59ce6ba4ed5ba6d8faef30a1a095100cf3c9b88f746a9d4f,0.889558,1.0,1.0,0.444444,1.0,0.0,0.030126,0.888889,0.010112,0.042398,0.037867,-1,2,-1,0.3114119922630561,unverified_generated
f63fb276256af38539c4f313ee59576ca2e26a885c3511ce61d2a3d4addc38ae,0.604426,0.0,1.0,0.0,1.0,0.0,0.055324,0.6,0.091416,0.054069,0.020486,1,0,-1,0.8147058823529412,unverified_generated
4b3eac07d98fae26932dc0c2af437d4e9e36141cd441a1cfa3a362838af3840a,0.86737,1.0,1.0,0.333333,1.0,0.0,0.026362,0.866667,0.021195,0.049183,0.008708,0,0,0,0.5991379310344828,unverified_generated
e3031ed71ec52adc9b0c3ee92a117fe4020eacbccacd7a1e3554ceb326e835fb,0.889526,1.0,0.888889,0.555556,1.0,0.0,0.028689,0.888889,0.001201,0.075157,0.00971,0,1,0,0.9401041666666666,unverified_generated
290ae434ae4fe9e71414f25e198446e2dd3b089f49421d6487c53ded1e509af8,0.846316,1.0,1.0,0.222222,1.0,0.0,0.060162,0.844444,0.083118,0.092084,0.005283,0,2,0,0.752442996742671,unverified_generated
bb4bff1e25da1ebad88bc722d60af67eaa40d4318566d1affd602f515974a8ac,0.849609,1.0,0.571429,0.666667,1.0,0.0,0.065291,0.847619,0.085173,0.085919,0.02478,0,2,0,0.9118387909319899,unverified_generated
9fe407a4c8f80f1e859b63e459ab11e214848206118f50c912390f6203c6e49e,0.889471,1.0,0.888889,0.555556,1.0,0.0,0.026174,0.888889,0.027201,0.047177,0.004143,0,1,-1,0.9517426273458445,unverified_generated
1973fbdc99ddfdf1bd2de1ed042e5fe2609ece94e39c8750a9ccb9fb0cfa7183,0.940446,1.0,1.0,0.7,1.0,0.0,0.037167,0.94,0.023732,0.064945,0.022823,-1,-1,0,0.5727272727272728,unverified_generated
bfe62dc955dd4d0b801d5d73e5c7696603d104f19c1288e98bb5f14830d7ed06,0.75736,1.0,0.857143,0.166667,0.875,0.0,0.052961,0.754762,0.058967,0.088171,0.011744,0,-1,-1,0.9910979228486647,unverified_generated
de42d3d2cd6b81d04857c8e4f49e38553e8010d86bb00cafc4d0e3c7c3f4413b,0.898974,1.0,0.888889,0.6,1.0,0.0,0.058532,0.897778,0.105755,0.062611,0.00723,0,-2,0,0.900990099009901,unverified_generated
aa8303b98aa961f9e81d625627ba15581b53692765973d00da79a18f9eb42f90,0.895692,1.0,0.875,0.6,1.0,0.0,0.032929,0.895,0.036815,0.060174,0.001799,1,0,1,0.6926470588235294,unverified_generated
9973eb4bf59e35fe108c3e764139245112329c6f62ff0edefc84c347c2cafb64,0.934049,1.0,1.0,0.666667,1.0,0.0,0.053646,0.933333,0.058393,0.090428,0.012118,0,2,1,0.8913738019169329,unverified_generated
3597c9cd8308eb510c1f6d5cf3b1a03610c5df69f7dec0ecc7e584f627209420,0.857248,1.0,1.0,0.5,0.888889,0.0,0.058569,0.855556,0.073004,0.076333,0.026369,1,2,2,0.9154589371980676,unverified_generated
a79d2ff0b58beb08d7eb29a5098d12d58b3e57cd3e9f7faa5f7223be1ef1c8a7,0.950518,1.0,1.0,0.75,1.0,0.0,0.051816,0.95,0.04188,0.075563,0.038006,-1,-3,-1,0.41916167664670656,unverified_generated
8f66903cf420cf596cdbc20bcd70c39b693de497237013f9c545777a2c98b673,0.863871,1.0,0.857143,0.454545,1.0,0.0,0.055688,0.862338,0.057232,0.100653,0.00918,0,1,1,0.9247311827956989,unverified_generated
eeabf5bc7fbe62a873ce356022fc53f1d69501dcc73c4e2add55dcee947b938b,0.913148,1.0,1.0,0.538462,1.0,0.25,0.047898,0.907692,0.06355,0.07473,0.005415,1,3,1,1.071097372488408,unverified_generated
8e66b3fb5779c4899cc95451d8fa09cc25461ae4c4af42367ea0bf18c668b99b,0.892017,1.0,0.857143,0.6,1.0,0.0,0.027092,0.891429,0.020537,0.050288,0.010451,0,-2,-1,0.7048192771084337,unverified_generated
de1fd27aebc9466a0e8cd32b04d7c4435a8ebd1ab1d6742d0d4b26cfa1050686,0.887618,1.0,0.888889,0.545455,1.0,0.0,0.033105,0.886869,0.029899,0.049416,0.02,0,0,0,0.6925064599483204,unverified_generated
745198465c912043139577708dafdab3b205301d0084ee2a44352e4cf59b7c99,0.900655,1.0,1.0,0.5,1.0,0.0,0.032758,0.9,0.010099,0.076043,0.012132,1,-1,-1,0.850909090909091,unverified_generated
b6d2390ca13d496466e5307eafc85df57eb6ed33eb3e3c7c7e38b0f1019fbd5f,0.90092,1.0,1.0,0.444444,1.0,0.5,0.046011,0.888889,0.058344,0.056712,0.022977,0,2,1,0.7777777777777778,unverified_generated
f6986c30ac0dffd8dfc323c97bb884ce8a955e96f5b788210a3db25b3a945633,0.953999,1.0,1.0,0.727273,1.0,0.75,0.039117,0.945455,0.016942,0.081689,0.01872,0,2,0,0.7192660550458716,unverified_generated
2f56f53d07a8e35cdc55c19dd9095fb453eb41a889982f715ef24b511c3fe712,0.846597,1.0,1.0,0.142857,1.0,0.5,0.028613,0.828571,0.033909,0.04572,0.006209,1,1,-1,0.8648018648018648,unverified_generated
7b27cf3edf49b9e5468ab1cfce6f685330b6a90be27247e078676370d165032e,0.934299,1.0,1.0,0.666667,1.0,0.0,0.072447,0.933333,0.097537,0.070436,0.049369,0,0,0,0.7306501547987616,unverified_generated
96d85d4ffb5fb51b5afa2fe6b532a634b8c23a4ef4add421a4ff086015db3788,0.911975,1.0,1.0,0.555556,1.0,0.0,0.048576,0.911111,0.054301,0.085859,0.005567,0,1,-1,0.908411214953271,unverified_generated
804fee93883b89ef41d7e53769f6a342fac17561146d4021d9dfc50fd4229787,0.927779,1.0,1.0,0.571429,1.0,0.75,0.043689,0.914286,0.012215,0.095129,0.023722,1,-2,1,0.7916666666666666,unverified_generated
077b316a82bdf177514e7e1a1c06842692079e0d8db938dcd57d01c4b6b96b98,0.88981,1.0,0.875,0.571429,1.0,0.0,0.023681,0.889286,0.024194,0.042896,0.003953,-1,0,0,0.2854609929078014,unverified_generated
c41332a6a818ba221b935cf8681b07fa944f6e2865e8c52dbee223a2055eb7ac,0.665317,1.0,1.0,0.166667,0.571429,0.0,0.050461,0.661905,0.079866,0.040355,0.031163,0,1,0,0.6265486725663717,unverified_generated
328d478de1b158cddbc705faa4a29d90b2cdea20634cf16155122384a18da452,0.80891,1.0,0.714286,0.222222,1.0,0.5,0.008843,0.787302,0.002572,0.009524,0.014432,1,0,1,0.9112426035502958,unverified_generated
39c7bc1aead565d8f8da57f8f53411f6edfb9cb8a474a7f95e1fde7e847da114,0.831701,1.0,1.0,0.375,0.888889,0.0,0.033808,0.830556,0.031754,0.064965,0.004705,0,-1,0,0.7672727272727272,unverified_generated
d5626165cbbbe1148419e654741028d396631f5d8ed6cbd5bae10a96cb6fdc01,0.832978,1.0,0.875,0.285714,1.0,0.0,0.024879,0.832143,0.007059,0.061875,0.005704,1,0,0,1.018957345971564,unverified_generated
ab8f60317232ad31dbc2056f77681a9efe8742b52d9078ff3c2b35bfcdf83e58,0.838667,1.0,0.888889,0.3,1.0,0.0,0.027395,0.837778,0.022458,0.055546,0.00418,0,-1,0,0.7930174563591023,unverified_generated
89142d01baaa5ed75875a600678292dca9432dbcb4300188960230b6f5df90f2,0.840931,1.0,1.0,0.2,1.0,0.0,0.029105,0.84,0.050348,0.023533,0.013435,0,1,0,1.0847457627118644,unverified_generated
b93447760a7e117301cb2fb84adf607151a13bb2cbb85e29b5aea9c63b774c45,0.870555,1.0,0.777778,0.571429,1.0,0.0,0.027421,0.869841,0.009671,0.058317,0.014276,1,0,0,0.8598382749326146,unverified_generated
52a8a7e96b665a92d121a3469ee1abcb346c3699a2112da214c5ffe5a4a9a900,0.887619,1.0,0.888889,0.545455,1.0,0.0,0.033181,0.886869,0.028121,0.0504,0.021021,0,0,1,0.8185483870967742,unverified_generated
cd040f855ef0a304ef09cab5ce81931522c2e960d1fba84e89161454d0f7cfdf,0.914927,1.0,1.0,0.571429,1.0,0.0,0.037426,0.914286,0.002587,0.079789,0.029903,0,0,0,0.8201754385964912,unverified_generated
965bb102c345d456fe6daf539f1144ec9aec3fb67f74393949798e1f0f4b8234,0.911914,1.0,0.888889,0.666667,1.0,0.0,0.045142,0.911111,0.083461,0.04936,0.002604,0,0,1,0.8571428571428571,unverified_generated
6070b356bcb109d8a5527c0d2471f619bbc114ffc75c705b0ca365fe47073b04,0.833713,1.0,0.875,0.285714,1.0,0.0,0.046767,0.832143,0.064179,0.061769,0.014352,1,0,0,0.926829268292683,unverified_generated
b07a0609a2e822ebef433807b2a6c5eb079be57caa847ffed6ec598b320c4c9b,0.843069,1.0,0.875,0.333333,1.0,0.0,0.044292,0.841667,0.052829,0.063699,0.016347,-1,0,-1,0.14925373134328357,unverified_generated
6075ae33edd768b33f2d75137dd506e7b4005d18fa77690587e84b9d684d5fe6,0.928887,1.0,1.0,0.642857,1.0,0.0,0.022123,0.928571,0.001061,0.037964,0.027344,0,1,-1,1.0,unverified_generated
bfcbf22f1ea5d6b7d1dd3a8f9c88f1b1eee4dc5e4ceec52aac17c1dcea932c24,0.945672,1.0,1.0,0.727273,1.0,0.0,0.019933,0.945455,0.026897,0.032096,0.000805,-1,0,1,0.9247572815533981,unverified_generated
09522a27953215ff9d84d0fa8471e99e047de70faa32da15d28ba7bc75d7cc76,0.880443,1.0,0.9,0.5,1.0,0.0,0.018446,0.88,0.038046,0.01148,0.005811,-1,0,-1,0.650197628458498,unverified_generated
653fc1512b97b54d2cd6bd042b8ceeb39ed345be433eb7f3534e857c064ccab6,0.960204,1.0,1.0,0.8,1.0,0.0,0.025504,0.96,0.029611,0.039022,0.007879,-1,0,1,0.8513761467889909,unverified_generated
70f934343cb864b16029f6264c5732278e250256f9825574abf4659b825eb368,0.960201,1.0,1.0,0.8,1.0,0.0,0.025124,0.96,0.027249,0.021747,0.026376,1,0,1,0.6691176470588235,unverified_generated
af94e54534e1d4104209fe163aa4ac30bbe96d68b88ee073a33ecd18237247b3,0.85306,1.0,1.0,0.125,1.0,0.75,0.060857,0.825,0.085149,0.092735,0.004687,0,-1,-1,0.8350340136054422,unverified_generated
24028c358e01c279cf35fdba7204e02543ef9dae227491f59955a7aa31179294,0.883619,1.0,0.75,0.666667,1.0,0.0,0.012242,0.883333,0.01258,0.018961,0.005185,0,0,0,0.2495511669658887,unverified_generated
56cc8cdf3aa56ceed8fe0f39c0276db87a0a0c21223fa4c147c893d1240e4650,0.818949,1.0,1.0,0.090909,1.0,0.0,0.021086,0.818182,0.004496,0.030197,0.028564,1,1,-1,1.0829015544041452,unverified_generated
f1da43ef2b345ffa1a0e1641e4ace8fdbb0df3f2bb6b82a210c431871609b700,0.834797,1.0,1.0,0.166667,1.0,0.0,0.04391,0.833333,0.062244,0.050899,0.018588,-3,-1,-1,0.4140127388535032,unverified_generated
627006aafb2374795fc1e3c6a366efee3959f577270358a3d843875a89c1524d,0.858362,1.0,0.857143,0.428571,1.0,0.0,0.042683,0.857143,0.043158,0.075679,0.009213,-2,-1,-1,0.22182468694096602,unverified_generated
21d6c74588bea55c5f2de8f162a423d9229b8bae80fbbce411dd3cf31cbfaac4,0.829389,1.0,0.857143,0.285714,1.0,0.0,0.023833,0.828571,0.003472,0.067348,0.000679,0,0,-1,0.30184804928131415,unverified_generated
793614ea35c0004b13ee4d33d6690f7ddca293b0faea35c697fc4053d02d06c3,0.801351,1.0,1.0,0.0,1.0,0.0,0.033764,0.8,0.045817,0.054734,0.000741,-1,0,-1,0.5623003194888179,unverified_generated
5925369a933b888e2aad2b3c1e96d1af1ccc573af1a6425a868caacd31c6ddfe,0.87053,1.0,0.888889,0.461538,1.0,0.0,0.017094,0.870085,0.020009,0.028257,0.003017,0,0,1,0.7169811320754716,unverified_generated
1d7a2fcaf670ee624fc320f3b225bb0497cdb792e22a15172b9054bb2cef40ef,0.779043,1.0,0.888889,0.0,1.0,0.0,0.02846,0.777778,0.021263,0.052972,0.011145,0,0,0,0.8256704980842912,unverified_generated
af1f5de568ee9b917453ecf9bd72abe13efcba3d7ebbd580c536c5bd01444f31,0.846519,1.0,1.0,0.222222,1.0,0.0,0.066674,0.844444,0.07619,0.104228,0.019605,0,-2,-1,0.8739316239316239,unverified_generated
ee47f92be214bc71be05c2c9f612c17448b3d1859c989b5a6eb6f5a26771a27a,0.900915,1.0,1.0,0.5,1.0,0.0,0.045756,0.9,0.049058,0.074012,0.014197,-1,-2,0,0.6857142857142857,unverified_generated
20f60e2b0682b553dc355b68338ac0c2f2e50114ed77c8c2d0e53ca3dd8de38f,0.969508,1.0,1.0,0.846154,1.0,0.0,0.045046,0.969231,0.021538,0.101004,0.012595,0,-1,-1,0.5,unverified_generated
328afd5d0a5a8687416b0829c8f1425904f92ba2d5523d96daa0e2016fcb3182,0.943439,1.0,1.0,0.714286,1.0,0.0,0.050913,0.942857,0.069729,0.063871,0.01914,0,-1,0,0.6713286713286714,unverified_generated
53c125f1b680204b60ccf8abd1dc4045b227d7701998ce8018385ee2211a1097,0.940501,1.0,1.0,0.7,1.0,0.0,0.04176,0.94,0.034512,0.090502,0.000265,0,1,1,0.7246835443037974,unverified_generated
eb4e064c5b6e0106ca10e19d6ad80714a2416bfb2df94eb179e63c2e1c19dc7d,0.630499,1.0,1.0,0.333333,0.4,0.0,0.051328,0.626667,0.088245,0.058947,0.006793,0,0,0,0.5754716981132075,unverified_generated
9ff5d02636765a44ccdd008c8a4788c1d80e14f319aab939ece1a99071dc3982,0.875472,1.0,1.0,0.375,1.0,0.0,0.018884,0.875,0.01158,0.043117,0.001954,1,-1,0,0.8507042253521127,unverified_generated
3371e9240967e10492326b715baa14ae77afffc40173897b124abe0411f55ce2,0.911768,1.0,1.0,0.555556,1.0,0.0,0.036922,0.911111,0.046887,0.060603,0.003275,0,-1,0,0.623015873015873,unverified_generated
d517b40a4891109c2e7d2ac3672f66ad4f62ccfc5f1f9cbcf252956ae7a001cd,0.957674,1.0,1.0,0.75,1.0,0.75,0.020462,0.95,0.010463,0.042543,0.00838,0,1,1,0.9052969502407705,unverified_generated
f405e5389725c30b930ddf0834cbe2e941f4ea6236560a33ba66611a513e5810,0.920123,1.0,1.0,0.555556,1.0,0.5,0.00767,0.911111,0.013919,0.006366,0.002726,0,-1,0,0.6953781512605042,unverified_generated
61a360cbe4a396dbafd62e8193caf6caafb2b40653593c568b3768976d54d2e4,0.960494,1.0,1.0,0.8,1.0,0.0,0.061792,0.96,0.069462,0.106674,0.00924,0,0,0,0.8720472440944882,unverified_generated
1388d43ef5e728a68d6169b0c0316f86833775ddba7fcf055134913bac9522a6,0.876413,1.0,0.875,0.5,1.0,0.0,0.056538,0.875,0.085242,0.074826,0.009547,-1,-1,-1,0.689873417721519,unverified_generated
80ce9ee701eb28c49f47508ae0476346bd5aeae4cf1b18f85218020fa57453e0,0.947447,1.0,0.888889,0.8,1.0,0.75,0.031794,0.937778,0.016983,0.034142,0.044258,0,-2,-1,0.9019607843137255,unverified_generated
811ae7ba52410b5d49bd3f2ed1a426db47a67a020d7670babe2b3e7cad71638e,0.911299,1.0,1.0,0.555556,1.0,0.0,0.01059,0.911111,0.000377,0.028057,0.003337,0,-1,0,0.8814317673378076,unverified_generated
8351629fa5bcdfb355aed217070de02ad707b2690645c0b7fac4d7222dc2c101,0.881353,1.0,1.0,0.4,1.0,0.0,0.056384,0.88,0.059279,0.086903,0.022969,-1,-2,0,0.9376947040498442,unverified_generated
5c63372a7851a20e1d21c9a828e7d585d5ed1e8591e66daf553bb0d3fc009505,0.934155,1.0,1.0,0.666667,1.0,0.0,0.061636,0.933333,0.078279,0.095526,0.011103,0,0,-1,0.8640776699029126,unverified_generated
8720eeab146767d93460a65ad1a0371dea969c9b5f8963ffe04f3b665a6d9e7a,0.884001,1.0,1.0,0.416667,1.0,0.0,0.028625,0.883333,0.005248,0.073543,0.007084,-1,1,0,0.7178841309823678,unverified_generated
9f597f6253974b65a120a604249de74160dcb772d172fcc4e4e944608a4419f9,0.84671,1.0,0.75,0.7,0.888889,0.0,0.037358,0.845556,0.015074,0.070937,0.026064,0,-1,0,0.7734138972809668,unverified_generated
4cbd8f5a353d4b0fa409b3114c0a76b101e64c5ddaa141c6a1d1f211521bc0de,0.960841,1.0,1.0,0.769231,1.0,0.75,0.009092,0.953846,0.002742,0.009443,0.015092,0,2,1,0.8605769230769231,unverified_generated
662a9e5ad213f16c46a9fd2eae2b8fdc347ac26b1ec92ce45103e5e99e06fcb3,0.954093,1.0,1.0,0.769231,1.0,0.0,0.026762,0.953846,0.017302,0.053029,0.009954,0,0,0,0.9174174174174174,unverified_generated
4993e79fa323b401826547a7015dd28c76f48b287d40f2777b7f29c8235f5642,0.859303,1.0,0.875,0.416667,1.0,0.0,0.034206,0.858333,0.031393,0.067518,0.003706,1,1,1,1.1340996168582376,unverified_generated
743aa8e4dadb9130d9fb78359df12b1dbe6d2fa702483821e3ec2b55486ba1e6,0.934168,1.0,1.0,0.666667,1.0,0.0,0.062575,0.933333,0.086899,0.074409,0.026417,-1,0,0,0.7593984962406015,unverified_generated
574769b183df8ec1eb5ad89462ab4a141ccf69d5b8a6cb5ec737d933fd8b1336,0.850718,1.0,1.0,0.166667,1.0,0.5,0.023919,0.833333,0.007629,0.053767,0.010361,-1,-1,0,0.7412935323383084,unverified_generated
31907ee0a12001ed03de144cb79c01cef213b1718574291b718fc26c38affe5a,0.93533,1.0,0.888889,0.785714,1.0,0.0,0.031433,0.934921,0.022143,0.044204,0.027951,0,1,0,0.7586206896551724,unverified_generated
cbae67ae93d8f957674d283135f97ef9fb9884e629500fc1dae641b1b5c85982,0.875826,1.0,1.0,0.375,1.0,0.0,0.033039,0.875,0.041242,0.05399,0.003884,-1,-1,1,0.9227053140096618,unverified_generated
073308215f3a98be99e7b66d026b7bde35580de3afba4f7ab1a8eaffb7706870,0.943789,1.0,1.0,0.666667,1.0,0.75,0.040174,0.933333,0.031041,0.077669,0.011813,0,0,1,1.119205298013245,unverified_generated
578eaf3a3fd7944f28a12ebcdaa3a1263d3346cc8e59569885d121b60e7e3f26,0.900519,1.0,0.9,0.6,1.0,0.0,0.025966,0.9,0.009486,0.05081,0.017602,1,0,1,0.9940298507462687,unverified_generated
43dd39c3cc3907317cecfad8e3ecf8ec697576f92730af0a1e83b2e913cce5dd,0.966867,1.0,1.0,0.833333,1.0,0.0,0.0301,0.966667,0.024514,0.059398,0.006389,0,0,0,0.9247311827956989,unverified_generated
87e363d06ceeb151f058f5fe1f6a6af0100f8888b75083ad4fc5fd375e25065f,0.785219,1.0,1.0,0.142857,0.888889,0.0,0.025302,0.784127,0.05167,0.020775,0.003462,-1,-1,0,1.0526315789473684,unverified_generated
9333d1e77a7b5b192fb1ea0f94957cd0cfe4a0cb05c6de82020f58b90a4fd0c7,0.889198,1.0,1.0,0.444444,1.0,0.0,0.013889,0.888889,0.016782,0.024654,0.00023,0,2,0,0.6605504587155964,unverified_generated
e59377e250e56092ccfd8a81aafd86dc0590d1a9e6f22769735a2d00e7b3943b,0.912358,1.0,1.0,0.555556,1.0,0.0,0.070124,0.911111,0.120279,0.076925,0.013167,-2,-3,-1,0.793010752688172,unverified_generated
dd724e26d68a150adac0012b4422b487115b7fdf3499cb47febd5772b4d7b8cb,0.980121,1.0,1.0,0.9,1.0,0.0,0.030255,0.98,0.025165,0.061209,0.004392,1,-1,0,0.9548872180451128,unverified_generated
5c951d86d3d328625e136737253ec48ff0b66409ae4b59772a3cb3a8187aafd1,0.821545,1.0,1.0,0.1,1.0,0.0,0.042928,0.82,0.038466,0.066582,0.023737,0,-1,-1,0.8985801217038539,unverified_generated
416bd42d9722f59f66c7a7be10a7f13b75fbcea5c04543f5e0d807f4d385cacd,0.949384,1.0,1.0,0.7,1.0,0.75,0.037667,0.94,0.037953,0.06124,0.013808,0,1,0,1.0019455252918288,unverified_generated
df6b573dc557f4e8d9b2b67b5120510e4ecc95e83a917d9e6ff565e614465c44,0.878651,1.0,0.857143,0.5,1.0,0.25,0.032484,0.871429,0.009511,0.072536,0.015405,0,1,1,0.6796407185628742,unverified_generated
6fd5bb82ca0f648dcfa59fffbd0a9098d02274d328b7f8c6df674e1c24fabc46,0.859149,1.0,0.666667,0.625,1.0,0.0,0.028795,0.858333,0.024428,0.033455,0.028503,0,-1,0,0.7175141242937854,unverified_generated
c85f37ebcc7cdd93c61aede6627a5db63d5ac5f242ddfb0f149abc7e587fb6d5,0.872841,1.0,0.857143,0.5,1.0,0.0,0.054946,0.871429,0.066556,0.082512,0.01577,0,3,1,0.9817232375979112,unverified_generated
c17815f2637ad185b71d32f3cc2dd9edb522f872659ddf167031dbd01de09e7a,0.814652,1.0,0.888889,0.363636,0.857143,0.5,0.016829,0.793362,0.018001,0.03024,0.002246,0,-2,0,0.743859649122807,unverified_generated
e8f09b24d9fd1ec89b20b00236d91eb5b1d8a0b14e0056df9eb94feb553b22af,0.794701,1.0,0.666667,0.3,1.0,0.0,0.033085,0.793333,0.027274,0.061053,0.010928,0,3,1,0.9488054607508533,unverified_generated
d5f107e6e2a3abfa9037659d8941e8134f6b114e9b0de3ead3c466ea60cb8c89,0.977827,1.0,1.0,0.888889,1.0,0.0,0.011114,0.977778,0.005185,0.015559,0.012597,-1,-2,0,0.5660377358490566,unverified_generated
c44560d241e8983ea28e835044154523eab6d328fa14c3fce0074d8dfe9cc013,0.873484,1.0,1.0,0.25,1.0,0.75,0.038582,0.85,0.009733,0.091964,0.01405,1,1,2,1.024390243902439,unverified_generated
f8cb66e8129f42f4a77a728ac0275e4899ddfaf819a5c85d56a9d4d5dcbf0df7,0.801595,1.0,1.0,0.0,1.0,0.0,0.039867,0.8,0.059806,0.045051,0.014743,-1,0,1,0.5240641711229946,unverified_generated
fdab71e2ade540cb1af7dd316f603ebed5fa235350b8bc42287446d2149f57c1,0.848261,1.0,1.0,0.571429,0.833333,0.0,0.021048,0.847619,0.005693,0.022733,0.034719,-1,0,-1,0.48615384615384616,unverified_generated
7cccfa1886d4a6ffa496419ef2369ac8b884ebed6b68ec5573fa1a73a91e6225,0.905563,1.0,0.9,0.625,1.0,0.0,0.029634,0.905,0.028516,0.055937,0.00445,1,-1,0,0.8874172185430463,unverified_generated
c37d5d33e986b80213f2650f011334acca3ec304682b00c88a831874713efcb9,0.834558,1.0,0.833333,0.333333,1.0,0.0,0.036735,0.833333,0.038143,0.068612,0.003449,-1,-2,-1,0.9375,unverified_generated
a3db4763b3be158e50f119951c30c752d98fee7511e78d2f73c23db81d087437,0.69645,1.0,0.714286,0.333333,0.714286,0.0,0.019882,0.695238,0.028353,0.014287,0.017006,1,0,1,0.6755162241887905,unverified_generated
9bac8933a148c74eac3f05d780546493228b7f8527ab629b584e90490cea3233,0.921027,1.0,0.875,0.727273,1.0,0.0,0.03597,0.920455,0.056365,0.051337,0.000208,1,4,1,1.2148148148148148,unverified_generated
4778f5fac516b223d142145f0cd46d1853ced166505ea75e2a62648b3b67694f,0.860529,1.0,0.75,0.545455,1.0,0.0,0.051029,0.859091,0.040251,0.069743,0.043093,0,2,0,0.7328990228013029,unverified_generated
7c9d7c9dfb414d3c771319c35b1f694f73126a5a9c2ebc0416714255216d1168,0.886979,1.0,1.0,0.428571,1.0,0.0,0.055321,0.885714,0.056567,0.063182,0.046213,0,-1,0,0.650887573964497,unverified_generated
cac9300d3d3026ddbd00e2ff53eacb4bc2eaa902cade1c08a33cec5e38f951a6,0.769864,1.0,0.833333,0.25,0.875,0.0,0.068517,0.766667,0.107276,0.082278,0.015998,1,-2,-1,0.7946428571428571,unverified_generated
f06f1750cad9d5eec093b650e8b9203de691d5c73812258b7530f2adcd98fbc7,0.875657,1.0,1.0,0.375,1.0,0.0,0.026272,0.875,0.023076,0.049537,0.006203,0,-1,1,0.9665871121718377,unverified_generated
2c4283c87e54b27bc8a4d9e610f9044f57d3ea85b4b42168ee9939a1a4db9d22,0.925194,1.0,1.0,0.625,1.0,0.0,0.012915,0.925,0.007104,0.017627,0.014015,0,-1,1,0.9428571428571428,unverified_generated
a42ca423a4779f3b3c94f58166c6b38840e5a813d2567ede23b07618cdef2337,0.912056,1.0,0.888889,0.666667,1.0,0.0,0.053163,0.911111,0.048967,0.097279,0.013242,0,-2,0,1.1434782608695653,unverified_generated
9415c4ed5dea1be1f2aeb262f175939babf2ac6f3e78f48f8b5a5d6eac58d959,0.816889,1.0,0.75,0.166667,1.0,0.75,0.028668,0.783333,0.037734,0.038112,0.010157,0,-1,-1,0.9090909090909091,unverified_generated
48b48537dbe537c574dadefc3b1c6bcbe7795adf15d58d25833fc8fa862c7a8b,0.90385,1.0,1.0,0.428571,1.0,0.75,0.051126,0.885714,0.067982,0.08023,0.005167,-1,-1,0,0.5760517799352751,unverified_generated
409c4b4f012d10b3a6dfb191cbf6e3c57cbe30429980966029492482c94dc2e0,0.930599,1.0,1.0,0.9,0.875,0.0,0.042795,0.93,0.039467,0.085616,0.003301,0,1,1,1.0398671096345515,unverified_generated
c3b1d96286896b77f5c4ab625707282ff9f655876acf51f4bd841773aa22c9f4,0.716417,1.0,0.571429,0.0,1.0,0.0,0.037293,0.714286,0.0522,0.027006,0.032672,0,0,0,0.8214285714285714,unverified_generated
d5841b9544cdc30e422ad7ae299def5c07033b0e3bd2c4a24f4c8279c86fbf80,0.891811,1.0,1.0,0.454545,1.0,0.0,0.041343,0.890909,0.063576,0.0458,0.014653,0,-1,0,0.8398268398268398,unverified_generated
ab3533911565aa1b21834cf34b069eb8f25614b332c72061b8b4ee0c02c4547a,0.934642,1.0,1.0,0.636364,1.0,0.5,0.007389,0.927273,0.007796,0.014347,2.4e-05,0,-1,0,1.114795918367347,unverified_generated
5afc66ccb4e1e75a4dee2efb1535d7ce8e64f46f43eaf1ed58a44fb76371718c,0.733984,0.0,1.0,0.666667,1.0,0.0,0.012207,0.733333,0.00731,0.011056,0.018254,0,-2,0,0.359375,unverified_generated
626973fef09d856c4fd2ff8f94b54c43b2a9086d085826a3475d4e55afed0202,0.886473,1.0,1.0,0.428571,1.0,0.0,0.033203,0.885714,0.03069,0.065094,0.003825,0,-1,-1,0.9423728813559322,unverified_generated
f5b7beff580dc94c95749c46db3723b6a22e5a62a38339606529a55fb4492595,0.917194,1.0,0.875,0.636364,1.0,0.75,0.015805,0.902273,0.008265,0.013329,0.025821,-1,-1,0,0.7347480106100795,unverified_generated
a654fe8bd87d8be119c647777d98e5c48c6ca148f1fcbeedaedee3caef73fd12,0.898562,1.0,0.888889,0.6,1.0,0.0,0.038339,0.897778,0.048285,0.056148,0.010583,0,0,1,0.7344110854503464,unverified_generated
fedb3e67440d6957eeadacc1471062cef35637a1146bab8702608dc18c586c3d,0.735995,1.0,0.666667,0.0,1.0,0.0,0.049914,0.733333,0.073979,0.05646,0.019304,0,0,0,0.6746666666666666,unverified_generated
94ab4fb18553c82de9208fb17b032b4cf08d1049b2ed921aebf8b6476bd1ac05,0.932672,1.0,1.0,0.6,1.0,0.75,0.049424,0.92,0.041136,0.093497,0.013639,-1,0,2,0.9952380952380953,unverified_generated
f535f81c474ae4156116b455216ec5347561e89b88c8f00239578800bf3e873b,0.943194,1.0,1.0,0.714286,1.0,0.0,0.02945,0.942857,0.039156,0.011035,0.038158,-1,-1,-1,0.2571428571428571,unverified_generated
640a6826a26a120d6f53d47f578f1c8c0c4245248d048c755d01dabd4e43fe40,0.829932,1.0,0.857143,0.285714,1.0,0.0,0.039675,0.828571,0.036127,0.071488,0.011409,0,0,0,0.6219178082191781,unverified_generated
f63e632f603b38ee6017c60aea698a9ecbeadc4629738e68559c290b0b03344e,0.870207,1.0,0.428571,0.8,1.0,0.75,0.051469,0.845714,0.063146,0.069483,0.021778,1,-2,-1,0.68,unverified_generated
a17e40988fd8137d3ea0d545418b897b618eb61f0d3bb62f5aee8ea517ac6555,0.826516,1.0,0.75,0.333333,1.0,0.25,0.019608,0.816667,0.026402,0.029189,0.003232,0,-1,0,1.0522388059701493,unverified_generated
1c1866aa36a5eba515ea33fb711f22d6cf29d7de997ebc7a232ec89f56c9f7ca,0.88341,1.0,0.857143,0.555556,1.0,0.0,0.037048,0.88254,0.013559,0.070322,0.027262,0,1,-1,0.2202247191011236,unverified_generated
60760b92ae02ba3aad611513e9361a981d02c1ae54e3eaa5df7baf2a529d10ab,0.858218,1.0,1.0,0.285714,1.0,0.0,0.037613,0.857143,0.042499,0.062069,0.008271,1,0,1,0.9363636363636364,unverified_generated
cb6bae1110a2c56c6c52f20ba859e8c5b2a0dcbf0337f0d5b3718685e59508a5,0.889595,1.0,1.0,0.444444,1.0,0.0,0.031759,0.888889,0.025056,0.059006,0.011214,1,0,0,0.783410138248848,unverified_generated
f0c052a0f8d9809b43c886a856991a7f765dbba9f7a6342c8dabaa7b974c9bfa,0.866874,1.0,1.0,0.333333,1.0,0.0,0.00778,0.866667,0.018239,0.002404,0.002696,1,0,1,0.8974358974358975,unverified_generated
1b74a2efcfcd8ca0159fec3671458d42e7e622909589914453632f08dbf3692e,0.934191,1.0,1.0,0.666667,1.0,0.0,0.064361,0.933333,0.046457,0.111935,0.034692,0,-2,-2,0.5845272206303725,unverified_generated
963a66adf4da278d012402681b6533f10ddb60e247c0f5b916a91c3c70497392,0.838649,1.0,1.0,0.428571,0.857143,0.25,0.046253,0.828571,0.052203,0.064146,0.022411,0,-1,0,0.8903591682419659,unverified_generated
1daecd369577fbf6c4584035ef9d62688d1be657879880568c787f8a57ea5a47,0.90068,1.0,1.0,0.5,1.0,0.0,0.033991,0.9,0.020225,0.076382,0.005367,1,0,0,0.8446866485013624,unverified_generated
3fa7b69fc6989224ceec6fac91924ca8ae95e5bc429bd7fadfed4ae162339637,0.82905,1.0,0.777778,0.363636,1.0,0.0,0.022337,0.828283,0.030814,0.032333,0.003864,-1,2,-1,0.8166351606805293,unverified_generated
97ab89c2400031719d0211b38e77271fd5919a44ba4d1d08340be89a15ebdd6d,0.893356,1.0,0.666667,0.7,1.0,0.75,0.047481,0.873333,0.071411,0.05501,0.016021,0,-1,0,1.005420054200542,unverified_generated
4f36248fb5da5ee2269a67fe902292b6cbb58c3c2b013b7191e24558742e10d0,0.844945,1.0,1.0,0.222222,1.0,0.0,0.016085,0.844444,0.016503,0.022125,0.009627,-1,0,0,1.1685649202733486,unverified_generated
0920eeba49f5a8d83205d6385c4e6de7d24bfecad9c3868ec6e0b37fe73dbc88,0.940252,1.0,1.0,0.666667,1.0,0.5,0.021035,0.933333,0.032483,0.024432,0.00619,0,0,0,0.6873065015479877,unverified_generated
908d4f33e6c990f34903375161b86d8fe5ce2c3c3279c31a1c63be546a2ff924,0.703797,1.0,0.857143,0.142857,0.75,0.0,0.063283,0.7,0.074842,0.080302,0.034706,0,-1,0,0.7838616714697406,unverified_generated
ae797afd71e8662c9a8a559609d2437b2042823b5750281f929c8a20f5a1a343,0.900581,1.0,1.0,0.5,1.0,0.0,0.029072,0.9,0.022253,0.058693,0.006271,1,0,1,0.8885542168674698,unverified_generated
86fc4f36cc9fb19d382bc17c8f31fad593950e020ae77bd61238aeeb57fef911,0.892432,1.0,0.888889,0.571429,1.0,0.0,0.017061,0.892063,0.016777,0.015436,0.018971,0,0,0,0.8631578947368421,unverified_generated
876aa4ed49688f41605c0b174c1f9208c90e222db5691b50e8c7dbaaf2dc1446,0.900836,1.0,0.857143,0.642857,1.0,0.0,0.041798,0.9,0.076328,0.048924,0.000142,0,1,-1,0.800531914893617,unverified_generated
e90bd8fcd9599ffd35800b0c3bed6d157fc402e62a5b5cd81ddf2eaddec96fcd,0.903272,1.0,1.0,0.428571,1.0,0.75,0.021358,0.885714,0.008855,0.034927,0.020293,0,1,-1,0.7821522309711286,unverified_generated
47c1e40bdfd111edf2a824bbcde39abf488f232f1915b1243f2dd1e740f5f551,0.835755,1.0,0.625,0.545455,1.0,0.0,0.050143,0.834091,0.073788,0.072184,0.004456,1,0,1,0.9803921568627451,unverified_generated
0f4af581ce1fee58ca9fd8bb0897675b5413282a49a208e73e89d4600e33ad73,0.966967,1.0,1.0,0.833333,1.0,0.0,0.045062,0.966667,0.06081,0.048387,0.02599,0,-4,-3,0.35945945945945945,unverified_generated
5e9f586b25902463c4cff1b78298e552d5f42cb8c6b76e45a800303eb7fc898a,0.833804,1.0,0.666667,0.5,1.0,0.0,0.014124,0.833333,0.012142,0.025262,0.004968,0,2,1,0.8922764227642277,unverified_generated
3dff976c981621ff903042114b8d71e9ca5032776abb5784ecb8beb5ce795a72,0.886255,1.0,1.0,0.428571,1.0,0.0,0.023647,0.885714,0.02638,0.037612,0.006948,1,1,1,0.918848167539267,unverified_generated
559a9ff4bee4c965b1c1fd398b540048d890c2bc9cb89977d281e31a0fd34223,0.812051,1.0,0.875,0.181818,1.0,0.0,0.018221,0.811364,0.026736,0.010735,0.017193,1,0,0,0.9637883008356546,unverified_generated
724c500807cc065cbad30e0c20367d515c028c459c99e5413786f8e691998256,0.932161,1.0,1.0,0.6,1.0,0.75,0.011831,0.92,0.005161,0.010876,0.019457,-2,-2,0,1.0539083557951483,unverified_generated
101265b9c0d2280fb2760dcb56d866c677eb82e376263c6fe70dfb8d5bb6e6cf,0.940539,1.0,0.9,0.8,1.0,0.0,0.044911,0.94,0.07999,0.05241,0.002333,-1,0,0,0.9868204283360791,unverified_generated
1b2a8024b289e157b928e86a49a407605804b021ddd7be35a5514409a43c4ecf,0.890664,1.0,1.0,0.444444,1.0,0.0,0.079875,0.888889,0.090972,0.128751,0.019901,0,0,0,0.742671009771987,unverified_generated
8446f732343a5f0e90295269411793a85d50d0b1e1fe4c959a8270a42cd7364b,0.927501,1.0,1.0,0.636364,1.0,0.0,0.015714,0.927273,0.003701,0.029358,0.014083,0,3,0,1.067357512953368,unverified_generated
d6a7bf4bf324e460c40df37507b2f1650927234bfd1713e305d7bb60b1286991,0.877174,1.0,0.75,0.6,1.0,0.25,0.027279,0.87,0.030286,0.043961,0.007591,0,-2,-1,0.9449152542372882,unverified_generated
175e833527eeed4ca88bf5fd1b01a57a365bad9f2df2269487dc217c87b1aa73,0.973654,1.0,1.0,0.866667,1.0,0.0,0.060047,0.973333,0.097243,0.080835,0.002064,0,1,1,0.6295180722891566,unverified_generated
f461902e9a7afc485f6f93acd76b633fe135bfe832e5c3f11ff2c5393930b5b4,0.82041,1.0,0.4,0.7,1.0,0.0,0.011382,0.82,0.009838,0.022461,0.001846,0,-1,0,0.6682242990654206,unverified_generated
64a4f71522cec377669c0181dbbf7e1778dfb34955a8bb4fc37b4fdb52659671,0.810516,1.0,0.875,0.222222,0.888889,0.75,0.046167,0.775,0.041133,0.082391,0.014978,1,0,0,0.9760589318600368,unverified_generated
df59f0af21cf62adc6cb8385ec836aa67572698c014e09ce66dc750518bc47bd,0.888632,1.0,0.714286,0.625,1.0,0.75,0.042445,0.867857,0.062828,0.056068,0.00844,1,1,1,1.0106382978723405,unverified_generated
f5cd824171b385beede92b7f881478f566ea88ff12a51e2f849709ab6e91a513,0.83931,1.0,0.714286,0.333333,1.0,0.75,0.03751,0.809524,0.041819,0.067984,0.002726,-1,-2,0,0.7203947368421053,unverified_generated
87bad3b657c9ecd1229c04fba598477a80b0f442639c69248b868afcfde19eeb,0.829311,1.0,0.888889,0.25,1.0,0.0,0.044499,0.827778,0.024896,0.086317,0.022285,0,0,0,0.9182058047493403,unverified_generated
b1045ce3078b5c1ead01521475a21c621851de1456cac5951dc03db0be43bbaf,0.963831,1.0,1.0,0.818182,1.0,0.0,0.026795,0.963636,0.03857,0.041088,0.000728,-1,1,1,1.027027027027027,unverified_generated
bfb240eeb9027fe7101c41b0e2d7f423a036400375c8500e95c708fd13212997,0.865948,1.0,1.0,0.2,1.0,0.75,0.07163,0.84,0.107233,0.099733,0.007924,0,-1,0,0.8119891008174387,unverified_generated
f873cf9ec637cca90e0dcea19abf18d02e5d0152372c074b4dd3c02a8fe85bc1,0.902816,1.0,0.875,0.636364,1.0,0.0,0.027781,0.902273,0.043795,0.029594,0.009954,-1,1,-1,1.127710843373494,unverified_generated
804d5cf94df97789e609c194ca9a8931dabb7ce31fcf433e2f1789842b288126,0.883739,1.0,0.857143,0.555556,1.0,0.0,0.051045,0.88254,0.05549,0.081446,0.016199,0,1,0,0.5291479820627802,unverified_generated
432a69d160a445b5cc98eada14ec31b48be3f797d110705cfb348b133b9fd261,0.887574,1.0,1.0,0.333333,1.0,0.75,0.040037,0.866667,0.060908,0.057081,0.002121,0,1,0,0.9217877094972067,unverified_generated
913fee9a44eb22dc8f7a047c8d2bf6e00ef3efdfb6bf0dee7bb20ac79ac84593,0.837601,1.0,0.875,0.166667,1.0,0.75,0.015896,0.808333,0.012097,0.021977,0.013615,1,1,0,1.1612903225806452,unverified_generated
2ab3cc066702749afe7bb19c41b9ef86ac552f65bf6d38b224705cd9a3be9676,0.827424,1.0,0.75,0.375,1.0,0.0,0.069254,0.825,0.096122,0.11129,0.000349,0,1,0,0.7774390243902439,unverified_generated
2e27bac6ccf180a345dfe152be05c5e2b770c220079a146834b547582d8c5caf,0.900548,1.0,1.0,0.5,1.0,0.0,0.027407,0.9,0.027583,0.016199,0.038439,-1,-1,-1,0.9024943310657596,unverified_generated
a6287944d3c032ae36b207cfc12718cc9f7b73b745b241e961cab0c021fd226f,0.933576,1.0,1.0,0.666667,1.0,0.0,0.018209,0.933333,0.040016,0.012169,0.002441,-1,-2,0,0.6806853582554517,unverified_generated
bd10320116824c6b92e52a9cb88abb2904b0f06fc5f7c86e430f6e2973996914,0.868923,1.0,0.714286,0.625,1.0,0.0,0.040315,0.867857,0.026217,0.051777,0.042951,1,1,-1,0.8970189701897019,unverified_generated
b43a2ed93bd8f3089ef9b0973bae711cf887a9f00148043b4b31904d8287a636,0.933012,1.0,0.875,0.75,1.0,0.5,0.037941,0.925,0.046147,0.063714,0.003963,1,1,1,0.8439897698209718,unverified_generated
45fab03299b16b328b0190074f4f2469a86dbb6477c8aa4f0d11e8576438a7ea,0.867543,1.0,1.0,0.333333,1.0,0.0,0.032875,0.866667,0.038688,0.053385,0.006551,0,-1,0,0.6504065040650406,unverified_generated
aadcc6b71dcdc6c810e064846d20df73f545a12e014152cac0a6728d0ce143b1,0.857734,1.0,1.0,0.285714,1.0,0.0,0.020704,0.857143,0.028959,0.026802,0.00635,0,0,-1,0.290519877675841,unverified_generated
d4e5d6b5d79d5fe96c1842451c5e80021aeaaf535ddf3aef6de773d185a5c647,0.857962,1.0,1.0,0.285714,1.0,0.0,0.028675,0.857143,0.033118,0.041757,0.011149,0,0,0,0.87409200968523,unverified_generated
5380c3e89145525b4e05e42ffb639e18cef2348a2983121400bb9a4024a8acef,0.81076,1.0,0.714286,0.333333,1.0,0.0,0.032461,0.809524,0.060762,0.030444,0.006176,-1,0,0,0.4165103189493433,unverified_generated
533a0c2e2201fc603f6d34cc78d677c0b2f1cef8745b56f5d4317512b281ea0a,0.85059,1.0,0.75,0.5,1.0,0.0,0.019671,0.85,0.000417,0.045588,0.013008,0,0,-1,0.5855263157894737,unverified_generated
7e90c61d8b19e8a9b95d475b63258a33718f99aa3040f7f6dd887b726fcc8e26,0.835406,1.0,1.0,0.166667,1.0,0.0,0.062194,0.833333,0.063396,0.093334,0.029852,0,1,0,1.2996941896024465,unverified_generated
02997e720586d8924f6e53e405c4e0e680995cd8da61322ec6c852473ed65577,0.907303,1.0,0.857143,0.625,1.0,0.5,0.027767,0.896429,0.041995,0.03873,0.002575,0,1,-1,0.7317784256559767,unverified_generated
0374cc05145bed8ad252b3d169e3bd48057bdd7cca8e14f6b6bf528dff640350,0.845754,1.0,1.0,0.222222,1.0,0.0,0.042077,0.844444,0.054427,0.067863,0.00394,0,0,0,0.8666666666666667,unverified_generated
cfcb4b0784f5ed46f7cd78153ac6fd3d7b287ec5ab6dafe0290471b72e72a74b,0.886375,1.0,0.875,0.555556,1.0,0.0,0.011596,0.886111,0.007405,0.020984,0.006398,1,3,1,0.7248062015503876,unverified_generated
f9c827b044f1e9959ffbf91ac8a65ba26205ead7f6a474945920d55292276553,0.925593,1.0,1.0,0.625,1.0,0.0,0.039509,0.925,0.024045,0.081973,0.012509,0,1,1,0.7670682730923695,unverified_generated
4ffc94aff132df33ac1c09fe7372a74ce6e96d675ea81e6afc2e492441a48975,0.935325,1.0,0.857143,0.818182,1.0,0.0,0.020061,0.935065,0.027266,0.031623,0.001294,0,-3,-1,0.6138211382113821,unverified_generated
e5e50ef4af0586731ea896652576ae0b8676d5441fe96e0b083c72d39e17281e,0.859329,1.0,1.0,0.166667,1.0,0.75,0.035125,0.833333,0.034413,0.053122,0.017841,-1,1,0,0.9783783783783784,unverified_generated
25fb4a951c86c65e91f2ebb5ed33ffabc7e23c51b661ceb7c28f0498ea777f6e,0.928151,1.0,1.0,0.636364,1.0,0.0,0.060394,0.927273,0.06777,0.086427,0.026985,2,-1,1,0.7858823529411765,unverified_generated
09b4031498503af50a40374a38c29e0d409074b78daa0e001bb5846fd5ab173c,0.960105,1.0,1.0,0.8,1.0,0.0,0.01311,0.96,0.022853,0.00515,0.011327,1,0,-1,0.8426150121065376,unverified_generated
efed78aea362e92700097eb3e9387b1b5f9757154397dbd551930a24b0d014aa,0.777791,1.0,0.714286,0.166667,1.0,0.0,0.035753,0.77619,0.037078,0.046872,0.023308,-1,-1,0,0.7436708860759493,unverified_generated
b9b6c6b35b1e339136ff89125bc13c8360025a8eb42720b8d9b4a8c19ea55b40,0.933389,1.0,1.0,0.666667,1.0,0.0,0.004191,0.933333,0.003089,0.003258,0.006226,-1,0,0,1.0556792873051224,unverified_generated
2b5b4d910e839e23221ae0071949c7a233d7ac3955b68186268c12b9630501e8,0.974201,1.0,1.0,0.846154,1.0,0.75,0.06793,0.969231,0.098496,0.06837,0.036923,-1,-3,-1,0.6221198156682027,unverified_generated
0be835ead663167904352cec3eb57b7bac5297ca2b26f1334e137a9c223545f1,0.819789,1.0,0.888889,0.7,0.75,0.0,0.055197,0.817778,0.05645,0.098613,0.010528,0,-1,0,0.8455743879472694,unverified_generated
1a42ac620ba9bf744a936154f9ef65d58f916f281027d0f386a08b67fc07d7de,0.891821,1.0,0.857143,0.6,1.0,0.0,0.018084,0.891429,0.016533,0.026591,0.011128,0,-2,0,0.6780045351473923,unverified_generated
ece186941e7880c3e5ce98985351fe572e95baac41af2175b34f64959eb3d232,0.900194,1.0,1.0,0.5,1.0,0.0,0.009712,0.9,0.014839,0.010958,0.003339,-1,-1,0,0.46582278481012657,unverified_generated
1aacdc712c9fc25f2d0bb312a04ed263f6536d2763cb79744362fd365de7480b,0.963901,1.0,1.0,0.818182,1.0,0.0,0.036396,0.963636,0.054461,0.03163,0.023097,-1,1,-2,0.8388278388278388,unverified_generated
37cb15541cd04f548f876b40e9752adc395ab044b9f15484e5087159dff5d0b1,0.934047,1.0,1.0,0.666667,1.0,0.0,0.053492,0.933333,0.070614,0.083194,0.006669,0,0,0,0.8012422360248447,unverified_generated
e324d8f53e9af660f9d7e819ad2bba2ac643b970e83e1907e495083329d0eb8e,0.810398,1.0,1.0,0.333333,0.857143,0.0,0.02296,0.809524,0.022882,0.013245,0.032752,-1,0,0,0.9812889812889813,unverified_generated
5cc8c71d3de990ad6d6e3e243d9fe9630c4a70f3c9fa5235c1157244633df265,0.831543,1.0,1.0,0.0,1.0,0.75,0.045389,0.8,0.021987,0.06943,0.04475,0,0,0,0.9130434782608695,unverified_generated
0b51dec1ffec8d8f04ea7d719bfa0635953e553b5eaa5f21d52ac04d2ead4083,0.861473,1.0,1.0,0.3,1.0,0.0,0.052619,0.86,0.046485,0.072164,0.039207,0,-1,-1,0.808955223880597,unverified_generated
dd698f7d6eb0fe1dd0966600ae19713c2ceacbf76003f5d85b30b70f4b5a80f6,0.864612,1.0,0.916667,0.4,1.0,0.0,0.04679,0.863333,0.054136,0.064125,0.02211,1,0,0,0.9490835030549898,unverified_generated
9e877ca3fe83917f6b617559c3755655cd774124d894391e36707b05709e6893,0.84695,1.0,0.666667,0.428571,1.0,0.75,0.024681,0.819048,0.004962,0.051363,0.017718,0,-1,0,0.7216117216117216,unverified_generated
45849cac61d40c6f848ec6c224aa527957440c52ac41024d1971d9b5465b022b,0.875923,1.0,0.888889,0.375,1.0,0.75,0.042448,0.852778,0.049945,0.071632,0.005767,2,1,1,0.7469670710571924,unverified_generated
b38018ca344552c4b7e0772b6d9cb2358329ddb8a3fb64c984ae04e789baa35d,0.876202,1.0,1.0,0.375,1.0,0.0,0.04808,0.875,0.015403,0.119974,0.008863,-1,-1,1,0.5501618122977346,unverified_generated
70412985e76567e1f3fe91920e479493ee7fb3034e27b502f3778d0ab693eb13,0.854138,1.0,0.888889,0.285714,1.0,0.5,0.091171,0.834921,0.123707,0.119267,0.030538,0,0,0,0.35477582846003897,unverified_generated
2d77c0a078c665c9af59069d94d2113580bb36c0611af52c1b554c749cac33b9,0.914546,1.0,1.0,0.571429,1.0,0.0,0.01519,0.914286,0.007198,0.036913,0.001458,-1,0,-1,0.21339950372208435,unverified_generated
4b0904e4cff02fe50b6a4f09c7d9f09d6c4056d4e3e80b32194f1c9be6292840,0.846768,1.0,0.857143,0.375,1.0,0.0,0.011036,0.846429,0.006394,0.021128,0.005586,0,-1,1,0.4566929133858268,unverified_generated
1b68fe9dc0e36d1e109c85b6a78dea9b0db2a599dedadca03e151edfed876aa6,0.915628,1.0,1.0,0.5,1.0,0.75,0.036934,0.9,0.044726,0.04318,0.022895,0,-2,0,1.0053333333333334,unverified_generated
0ead782b3a909f9aa830e1912f95ccb2e06e57a3f1da236705c799a1fa0553d5,0.897243,1.0,0.857143,0.625,1.0,0.0,0.039316,0.896429,0.042397,0.074243,0.001307,0,-1,0,0.6310975609756098,unverified_generated
d09ac75822db245fab42f2886ffaf8234f9c2e10e9ce9d3c13c13e5d1faca7a8,0.795847,1.0,1.0,0.222222,0.875,0.0,0.034128,0.794444,0.022391,0.062391,0.017602,0,-2,-1,1.0253456221198156,unverified_generated
7af826363312179e0aca2027e6055cee29171164a856c948dd1876e865eb00c8,0.910743,1.0,0.8,0.75,1.0,0.0,0.041256,0.91,0.05134,0.06531,0.007119,0,0,0,0.7835294117647059,unverified_generated
d158b951a9ba473b52141344600d86e23139b575855fff31215e8e66fbc0f754,0.82466,1.0,0.888889,0.230769,1.0,0.0,0.020679,0.823932,0.030125,0.018559,0.013354,0,-1,1,1.1113138686131387,unverified_generated
bd7415c43afb0fdc2e82a8d5d1d2841c7395baa20d57600f8b6e1e7cbb15ad2d,0.958156,1.0,1.0,0.75,1.0,0.75,0.077127,0.95,0.084512,0.102026,0.044844,1,0,1,1.1218130311614731,unverified_generated
ebe4ff3c7df5e1a0411bfad45ee708b2b242684bcf8c4937b32ffebbd37eca01,0.845232,1.0,0.666667,0.555556,1.0,0.0,0.025319,0.844444,0.026934,0.042588,0.006436,0,-1,1,0.7342465753424657,unverified_generated
5d2dff220fd913bfe654ed13682bc5d775cfccca4ec146ae9895faf4e93f1a5d,0.841921,1.0,1.0,0.2,1.0,0.0,0.060042,0.84,0.052842,0.102929,0.024355,0,1,-1,0.47416413373860183,unverified_generated
efb288f17b8974454705ef95e34353d92ab35be0c9aa3eb2b90900e41b7de945,0.932239,1.0,1.0,0.6,1.0,0.75,0.017592,0.92,0.000878,0.042797,0.0091,2,2,1,0.9276190476190476,unverified_generated
207c1ca6be8ef8d3084ec98f6d7511640c7015518d8969d344930101afbf574c,0.867388,1.0,0.666667,0.666667,1.0,0.0,0.027045,0.866667,0.031358,0.03482,0.014958,0,2,1,0.9077809798270894,unverified_generated
f4bfba367d21a6fe1c7fc3f7a5c50fdcd42f415b98761b42587fee14c06e1437,0.779052,1.0,0.714286,0.4,0.888889,0.0,0.014431,0.778413,0.024087,0.004829,0.014377,1,-2,0,0.9078341013824884,unverified_generated
6f40a44f769c1ead10001f5f4e94cb841b5b3cc6b81ae211dba98c5b36768473,0.829134,1.0,0.888889,0.5,0.875,0.0,0.039364,0.827778,0.058885,0.053185,0.006023,0,2,1,0.97953216374269,unverified_generated
c2bf7d4279d3f635dad3d41d689397293b15cfbfcf5d5168f6eb8b9dc09b0d5f,0.862331,1.0,0.9,0.333333,1.0,0.5,0.012003,0.846667,0.003393,0.030375,0.002241,1,1,2,1.1791044776119404,unverified_generated
75c3190f363b181b2bc4f0dcc7231fa00363d4add00be3a5e9827d6041a55eff,0.881987,1.0,1.0,0.375,1.0,0.25,0.031047,0.875,0.031839,0.035147,0.026154,-1,-1,-1,0.3525641025641026,unverified_generated
e2d7416c0754b97070c9f9fb1705f2c99b962db037779d9419140ca9c37099ed,0.850533,1.0,1.0,0.25,1.0,0.0,0.017753,0.85,0.005859,0.029633,0.017767,0,0,0,0.5936675461741425,unverified_generated
4f21e8d1e219fda25e1b6634e2328922afee52c94e821551d01648e5bc21e1fb,0.79371,1.0,1.0,0.25,0.857143,0.0,0.020588,0.792857,0.024101,0.030087,0.007576,0,0,0,0.7667638483965015,unverified_generated
00feadec1243be0060cf94f65ff4f2380560f93b0317398aea2d7a4748f6bc36,0.860597,1.0,0.777778,0.7,0.909091,0.0,0.049901,0.859192,0.061508,0.08098,0.007216,1,1,0,1.138047138047138,unverified_generated
abc34edf162f057abc5a487507b6e317a0895b4476220038368f3d9281508e28,0.84556,1.0,0.888889,0.555556,0.888889,0.0,0.035846,0.844444,0.04908,0.0513,0.007159,0,1,0,0.8837837837837837,unverified_generated
7b0bafaf7472843894c7bc922746a123e9b983eccaccccb12884f89b31783ffc,0.915396,1.0,1.0,0.5,1.0,0.75,0.023292,0.9,0.026063,0.040728,0.003085,1,2,1,0.8594890510948905,unverified_generated
f766cd41dddac874201ea3eaeac9da94f123aaf005c0314e6ca4522fae41543e,0.868199,1.0,0.666667,0.666667,1.0,0.0,0.057466,0.866667,0.070182,0.06707,0.035147,0,-2,0,0.32051282051282054,unverified_generated
ddf6c0fcaf48ed0a033bc06311cf4ec0d233000fc9f9b83d5bedfee889adc051,0.791687,1.0,0.888889,0.285714,0.888889,0.0,0.028894,0.790476,0.005353,0.062315,0.019015,0,0,0,0.9038461538461539,unverified_generated
64ca9c34d93b747ec155335711570ddaa08c8032d34e15ae91b90768cb912579,0.84021,1.0,0.777778,0.7,0.857143,0.0,0.055601,0.838413,0.072819,0.074156,0.019829,1,3,0,1.0647058823529412,unverified_generated
198caf6943d367739ae6239c3e7ee71f6f2cd7cb7379c096efa761e293decbb1,0.845108,1.0,0.777778,0.444444,1.0,0.0,0.021322,0.844444,0.008337,0.052586,0.003044,1,2,1,1.0489913544668588,unverified_generated
ca8d7158dc95140e905df94ae415f8742b817e37d0ba172a0d6ff8db6af907c0,0.762617,1.0,1.0,0.142857,0.833333,0.0,0.014951,0.761905,0.001635,0.034644,0.008573,-1,1,-1,0.7521865889212828,unverified_generated
0a379be727d74ed5e08d481f794586cdfec712820d66a8ff241a17a35ba88cca,0.906345,1.0,0.875,0.571429,1.0,0.75,0.024002,0.889286,0.026623,0.037796,0.007588,1,0,1,0.7522123893805309,unverified_generated
59257ec5fc63c312640592360114e0847017a93fbfa4af25d306d27ca8935aca,0.889532,1.0,1.0,0.727273,0.857143,0.0,0.054617,0.888312,0.045276,0.084678,0.033897,-1,0,0,0.7157894736842105,unverified_generated
715b088f2ad692c3df2c15f1c5386a6f8cf7a6a016a5e47aa62f85451f1a5d06,0.940516,1.0,1.0,0.7,1.0,0.0,0.043001,0.94,0.039747,0.074669,0.014587,0,-1,-1,1.0290178571428572,unverified_generated
4c98f7e534feb0e1799651fad49fd83613dae9e24e0f093fd817f3d4c530d511,0.776783,1.0,0.875,0.0,1.0,0.0,0.039624,0.775,0.028232,0.078906,0.011735,1,0,-1,0.9628482972136223,unverified_generated
