graph_id,chain_code,chain_label,observations,mean,median,q1,q3
01,SSSS,01 · SSSS,50,0.2529811,0.23748999999999998,0.19523675,0.32111425000000005
02,CCCC,02 · CCCC,50,0.25642696,0.23334100000000002,0.19487,0.302029
03,PPPP,03 · PPPP,50,0.26867804,0.26274600000000004,0.204097,0.3237815
04,DDDD,04 · DDDD,50,0.23936561999999997,0.2301915,0.17254275,0.2984795
05,CCPP,05 · CCPP,50,0.25003993999999996,0.22923349999999998,0.16896524999999998,0.31023675
06,PPCC,06 · PPCC,50,0.25801162,0.2527245,0.1728755,0.3186035
07,CPCP,07 · CPCP,50,0.26454194000000003,0.2495915,0.20428649999999998,0.33479275000000003
08,PCPC,08 · PCPC,50,0.24112562,0.237632,0.1659745,0.32864825000000003
09,DDSS,09 · DDSS,50,0.24899214,0.2552985,0.202868,0.30434375
10,SSDD,10 · SSDD,50,0.26803866,0.26093,0.20673525,0.3319005
11,DSDS,11 · DSDS,50,0.25961306,0.2549165,0.1868595,0.3217845
12,SDSD,12 · SDSD,50,0.24988371999999998,0.244447,0.20926475,0.29006125
13,DDES,13 · DDES,50,0.25120636,0.2613225,0.17766125,0.31516825000000004
14,DDSE,14 · DDSE,49,0.26324848979591836,0.263991,0.162408,0.355291
15,CMPC,15 · CMPC,50,0.25826052,0.255366,0.16484325,0.3389605
16,CPMC,16 · CPMC,50,0.25782902,0.2464595,0.18012275,0.326028
