news_number,news_id,title,chain,source_jsonl_line,first_stdi_vs_original,final_stdi_vs_original,second_stdi_incremental,original_structure_variants
1,57576159ffa78e381d7e98ad03ce40c2,"ICE Arrests Illegal Immigrant Gang Member Released by NYC, DHS Criticizes Sanctuary Policies",01_conservative_progressive,2,0.234774,0.355396,0.251693,4
1,57576159ffa78e381d7e98ad03ce40c2,"ICE Arrests Illegal Immigrant Gang Member Released by NYC, DHS Criticizes Sanctuary Policies",02_progressive_conservative,2,0.353807,0.484121,0.378304,4
1,57576159ffa78e381d7e98ad03ce40c2,"ICE Arrests Illegal Immigrant Gang Member Released by NYC, DHS Criticizes Sanctuary Policies",03_conspiracy,2,0.495673,0.365941,0.381448,4
1,57576159ffa78e381d7e98ad03ce40c2,"ICE Arrests Illegal Immigrant Gang Member Released by NYC, DHS Criticizes Sanctuary Policies",04_skeptic,2,0.276735,0.248111,0.233945,4
2,9372a787273c10227dbf168c3a026e19,This Judge Thinks Killing Babies in Abortions is a Religious Right,01_conservative_progressive,4,0.354841,0.504265,0.448453,4
2,9372a787273c10227dbf168c3a026e19,This Judge Thinks Killing Babies in Abortions is a Religious Right,02_progressive_conservative,4,0.501666,0.516088,0.285748,4
2,9372a787273c10227dbf168c3a026e19,This Judge Thinks Killing Babies in Abortions is a Religious Right,03_conspiracy,4,0.425501,0.411891,0.271938,4
2,9372a787273c10227dbf168c3a026e19,This Judge Thinks Killing Babies in Abortions is a Religious Right,04_skeptic,4,0.382558,0.414785,0.205715,4
3,05935463001110fdc137df2edf50d1a2,Wisconsin man convicted of fraud for ordering others' ballots,01_conservative_progressive,6,0.287495,0.485131,0.406614,4
3,05935463001110fdc137df2edf50d1a2,Wisconsin man convicted of fraud for ordering others' ballots,02_progressive_conservative,6,0.20663,0.391727,0.328337,4
3,05935463001110fdc137df2edf50d1a2,Wisconsin man convicted of fraud for ordering others' ballots,03_conspiracy,6,0.262837,0.247015,0.180465,4
3,05935463001110fdc137df2edf50d1a2,Wisconsin man convicted of fraud for ordering others' ballots,04_skeptic,6,0.301281,0.383912,0.205506,4
4,fb3fb501b3da94695e736ad3b6db1a91,"Eight million Americans join anti-Trump protests across US, organisers say",01_conservative_progressive,8,0.394372,0.573998,0.418626,4
4,fb3fb501b3da94695e736ad3b6db1a91,"Eight million Americans join anti-Trump protests across US, organisers say",02_progressive_conservative,8,0.512138,0.541422,0.446784,4
4,fb3fb501b3da94695e736ad3b6db1a91,"Eight million Americans join anti-Trump protests across US, organisers say",03_conspiracy,8,0.547144,0.541147,0.511406,4
4,fb3fb501b3da94695e736ad3b6db1a91,"Eight million Americans join anti-Trump protests across US, organisers say",04_skeptic,8,0.330296,0.39193,0.272564,4
5,044c78421d8c50f6ccfa6777de673674,Varsity Workers Issue Federal Gov’t 30-day Ultimatum Over Stalled 2009 Agreement,01_conservative_progressive,10,0.412821,0.485307,0.309525,4
5,044c78421d8c50f6ccfa6777de673674,Varsity Workers Issue Federal Gov’t 30-day Ultimatum Over Stalled 2009 Agreement,02_progressive_conservative,10,0.38445,0.506491,0.338971,4
5,044c78421d8c50f6ccfa6777de673674,Varsity Workers Issue Federal Gov’t 30-day Ultimatum Over Stalled 2009 Agreement,03_conspiracy,10,0.305813,0.387334,0.365626,4
5,044c78421d8c50f6ccfa6777de673674,Varsity Workers Issue Federal Gov’t 30-day Ultimatum Over Stalled 2009 Agreement,04_skeptic,10,0.333797,0.336735,0.093993,4
6,fa3540eda24f96aa6a3871f576ce1ade,Angus Taylor rebukes Andrew Hastie for call for Liberals to be ‘open-minded’ on tax rises and property concessions,01_conservative_progressive,12,0.336478,0.369795,0.320907,4
6,fa3540eda24f96aa6a3871f576ce1ade,Angus Taylor rebukes Andrew Hastie for call for Liberals to be ‘open-minded’ on tax rises and property concessions,02_progressive_conservative,12,0.163857,0.387778,0.349619,4
6,fa3540eda24f96aa6a3871f576ce1ade,Angus Taylor rebukes Andrew Hastie for call for Liberals to be ‘open-minded’ on tax rises and property concessions,03_conspiracy,12,0.364152,0.391475,0.265567,4
6,fa3540eda24f96aa6a3871f576ce1ade,Angus Taylor rebukes Andrew Hastie for call for Liberals to be ‘open-minded’ on tax rises and property concessions,04_skeptic,12,0.222658,0.272211,0.194047,4
7,70a52ba588d626dcd2427dd9381e0bae,Local canvassers now collecting signatures for the citizen-led Water Not Coal petition,01_conservative_progressive,14,0.452774,0.416776,0.174876,4
7,70a52ba588d626dcd2427dd9381e0bae,Local canvassers now collecting signatures for the citizen-led Water Not Coal petition,02_progressive_conservative,14,0.300166,0.520967,0.411549,4
7,70a52ba588d626dcd2427dd9381e0bae,Local canvassers now collecting signatures for the citizen-led Water Not Coal petition,03_conspiracy,14,0.420371,0.470963,0.380017,4
7,70a52ba588d626dcd2427dd9381e0bae,Local canvassers now collecting signatures for the citizen-led Water Not Coal petition,04_skeptic,14,0.420827,0.340898,0.177126,4
8,c797e36f16b0512dc0d2b07794fe8ec5,Israel's parliament set to vote on death penalty for Palestinians,01_conservative_progressive,16,0.368134,0.529695,0.380959,4
8,c797e36f16b0512dc0d2b07794fe8ec5,Israel's parliament set to vote on death penalty for Palestinians,02_progressive_conservative,16,0.303339,0.387354,0.35952,4
8,c797e36f16b0512dc0d2b07794fe8ec5,Israel's parliament set to vote on death penalty for Palestinians,03_conspiracy,16,0.435096,0.503072,0.398736,4
8,c797e36f16b0512dc0d2b07794fe8ec5,Israel's parliament set to vote on death penalty for Palestinians,04_skeptic,16,0.327065,0.344618,0.299664,4
9,cba5fc6c4111cab87cf05693ee125f94,Terry Pheto Linked To R20.56 Million NLC Funding Scandal In SIU Probe,01_conservative_progressive,18,0.325776,0.43827,0.422765,4
9,cba5fc6c4111cab87cf05693ee125f94,Terry Pheto Linked To R20.56 Million NLC Funding Scandal In SIU Probe,02_progressive_conservative,18,0.347984,0.375149,0.219813,4
9,cba5fc6c4111cab87cf05693ee125f94,Terry Pheto Linked To R20.56 Million NLC Funding Scandal In SIU Probe,03_conspiracy,18,0.339335,0.329686,0.116058,4
9,cba5fc6c4111cab87cf05693ee125f94,Terry Pheto Linked To R20.56 Million NLC Funding Scandal In SIU Probe,04_skeptic,18,0.388816,0.430556,0.195322,4
10,96410c9c2d4abb336cd4638a76ac8b69,Exhausted Palestinians struggle to put lives back together as world’s gaze fixes on Iran,01_conservative_progressive,20,0.519096,0.418694,0.261315,4
10,96410c9c2d4abb336cd4638a76ac8b69,Exhausted Palestinians struggle to put lives back together as world’s gaze fixes on Iran,02_progressive_conservative,20,0.416445,0.43461,0.384943,4
10,96410c9c2d4abb336cd4638a76ac8b69,Exhausted Palestinians struggle to put lives back together as world’s gaze fixes on Iran,03_conspiracy,20,0.357747,0.379585,0.425456,4
10,96410c9c2d4abb336cd4638a76ac8b69,Exhausted Palestinians struggle to put lives back together as world’s gaze fixes on Iran,04_skeptic,20,0.267016,0.547647,0.523817,4
11,75dc6f670783d2c90cb12d9a1fb18776,"Lawyers for ICE gave false information to justify detaining thousands, filings reveal",01_conservative_progressive,22,0.460568,0.342189,0.380096,4
11,75dc6f670783d2c90cb12d9a1fb18776,"Lawyers for ICE gave false information to justify detaining thousands, filings reveal",02_progressive_conservative,22,0.397567,0.39848,0.367869,4
11,75dc6f670783d2c90cb12d9a1fb18776,"Lawyers for ICE gave false information to justify detaining thousands, filings reveal",03_conspiracy,22,0.434878,0.523419,0.359151,4
11,75dc6f670783d2c90cb12d9a1fb18776,"Lawyers for ICE gave false information to justify detaining thousands, filings reveal",04_skeptic,22,0.336972,0.367412,0.314549,4
12,000bd5e753a5f5b0d3c92bf43599c796,"OSCE Assessment of France: Secularism, Security, and the Question of Minorities",01_conservative_progressive,24,0.337029,0.35351,0.272924,4
12,000bd5e753a5f5b0d3c92bf43599c796,"OSCE Assessment of France: Secularism, Security, and the Question of Minorities",02_progressive_conservative,24,0.18321,0.362355,0.333044,4
12,000bd5e753a5f5b0d3c92bf43599c796,"OSCE Assessment of France: Secularism, Security, and the Question of Minorities",03_conspiracy,24,0.31976,0.435325,0.377858,4
12,000bd5e753a5f5b0d3c92bf43599c796,"OSCE Assessment of France: Secularism, Security, and the Question of Minorities",04_skeptic,24,0.260866,0.240056,0.233797,4
13,b0d933dff4df70e9d4a2ae96d5801f17,No decision yet on rollout of voter appeal tribunals in Bengal: CEO Manoj Agarwal,01_conservative_progressive,26,0.331137,0.350234,0.142752,4
13,b0d933dff4df70e9d4a2ae96d5801f17,No decision yet on rollout of voter appeal tribunals in Bengal: CEO Manoj Agarwal,02_progressive_conservative,26,0.24435,0.279939,0.297618,4
13,b0d933dff4df70e9d4a2ae96d5801f17,No decision yet on rollout of voter appeal tribunals in Bengal: CEO Manoj Agarwal,03_conspiracy,26,0.262801,0.281505,0.134061,4
13,b0d933dff4df70e9d4a2ae96d5801f17,No decision yet on rollout of voter appeal tribunals in Bengal: CEO Manoj Agarwal,04_skeptic,26,0.324766,0.268536,0.286252,4
14,c9ab42d5aa427e661ecf2f498421e1a2,"Chaos erupts at ‘No Kings’ rallies across US with at least 13 arrests, tear gas, and ‘tactical alert’ declared in LA",01_conservative_progressive,28,0.313078,0.434007,0.505512,4
14,c9ab42d5aa427e661ecf2f498421e1a2,"Chaos erupts at ‘No Kings’ rallies across US with at least 13 arrests, tear gas, and ‘tactical alert’ declared in LA",02_progressive_conservative,28,0.460421,0.407071,0.265997,4
14,c9ab42d5aa427e661ecf2f498421e1a2,"Chaos erupts at ‘No Kings’ rallies across US with at least 13 arrests, tear gas, and ‘tactical alert’ declared in LA",03_conspiracy,28,0.447742,0.42684,0.427384,4
14,c9ab42d5aa427e661ecf2f498421e1a2,"Chaos erupts at ‘No Kings’ rallies across US with at least 13 arrests, tear gas, and ‘tactical alert’ declared in LA",04_skeptic,28,0.43161,0.403899,0.301796,4
15,774465d0123e444fed49fc55d272d99a,Health sector tensions boil over as workers protest reform bills in Abuja,01_conservative_progressive,30,0.302668,0.342517,0.296029,4
15,774465d0123e444fed49fc55d272d99a,Health sector tensions boil over as workers protest reform bills in Abuja,02_progressive_conservative,30,0.513765,0.505579,0.351414,4
15,774465d0123e444fed49fc55d272d99a,Health sector tensions boil over as workers protest reform bills in Abuja,03_conspiracy,30,0.319857,0.231296,0.319023,4
15,774465d0123e444fed49fc55d272d99a,Health sector tensions boil over as workers protest reform bills in Abuja,04_skeptic,30,0.289762,0.377201,0.235999,4
16,89b99da10371bebea1106e05a06bc3a8,"Stop hammering people who don’t have children with Inheritance tax, says TD",01_conservative_progressive,32,0.526803,0.536426,0.514945,4
16,89b99da10371bebea1106e05a06bc3a8,"Stop hammering people who don’t have children with Inheritance tax, says TD",02_progressive_conservative,32,0.447228,0.580863,0.521458,4
16,89b99da10371bebea1106e05a06bc3a8,"Stop hammering people who don’t have children with Inheritance tax, says TD",03_conspiracy,32,0.444558,0.51379,0.392039,4
16,89b99da10371bebea1106e05a06bc3a8,"Stop hammering people who don’t have children with Inheritance tax, says TD",04_skeptic,32,0.486026,0.511051,0.280011,4
17,ab3d55beca014977f3f8b6f27bbc80a0,Ban Ki-moon calls for stronger China-ROK climate cooperation,01_conservative_progressive,34,0.581302,0.451302,0.431925,4
17,ab3d55beca014977f3f8b6f27bbc80a0,Ban Ki-moon calls for stronger China-ROK climate cooperation,02_progressive_conservative,34,0.431976,0.6238,0.525887,4
17,ab3d55beca014977f3f8b6f27bbc80a0,Ban Ki-moon calls for stronger China-ROK climate cooperation,03_conspiracy,34,0.449691,0.649276,0.471324,4
17,ab3d55beca014977f3f8b6f27bbc80a0,Ban Ki-moon calls for stronger China-ROK climate cooperation,04_skeptic,34,0.410955,0.495855,0.505416,4
18,e5dc03350349f0cfab6639fefa22266b,"In touch with ‘Punjabi Kuri’ in Karachi: HC grants bail, says mere suspicion of links to Pakistan not enough",01_conservative_progressive,36,0.433699,0.386506,0.388784,4
18,e5dc03350349f0cfab6639fefa22266b,"In touch with ‘Punjabi Kuri’ in Karachi: HC grants bail, says mere suspicion of links to Pakistan not enough",02_progressive_conservative,36,0.300814,0.323241,0.407538,4
18,e5dc03350349f0cfab6639fefa22266b,"In touch with ‘Punjabi Kuri’ in Karachi: HC grants bail, says mere suspicion of links to Pakistan not enough",03_conspiracy,36,0.415734,0.406775,0.414104,4
18,e5dc03350349f0cfab6639fefa22266b,"In touch with ‘Punjabi Kuri’ in Karachi: HC grants bail, says mere suspicion of links to Pakistan not enough",04_skeptic,36,0.2753,0.346825,0.142694,4
19,84548fe69d3a4c6a69e9b96677b4b402,"KTR accuses Telangana govt of corruption, seeks removal of minister",01_conservative_progressive,38,0.277316,0.333136,0.257019,4
19,84548fe69d3a4c6a69e9b96677b4b402,"KTR accuses Telangana govt of corruption, seeks removal of minister",02_progressive_conservative,38,0.371867,0.290045,0.207937,4
19,84548fe69d3a4c6a69e9b96677b4b402,"KTR accuses Telangana govt of corruption, seeks removal of minister",03_conspiracy,38,0.392736,0.279932,0.345516,4
19,84548fe69d3a4c6a69e9b96677b4b402,"KTR accuses Telangana govt of corruption, seeks removal of minister",04_skeptic,38,0.472026,0.457999,0.189847,4
20,e1c24bb6a1d9d0ff76c4329aecd4aee6,From US' 15-Point Ceasefire Plan To Iran's 5 Conditions And Israel's Strike Option: What All Sides Are Demanding To End War,01_conservative_progressive,40,0.312122,0.373757,0.370418,4
20,e1c24bb6a1d9d0ff76c4329aecd4aee6,From US' 15-Point Ceasefire Plan To Iran's 5 Conditions And Israel's Strike Option: What All Sides Are Demanding To End War,02_progressive_conservative,40,0.242148,0.347842,0.331455,4
20,e1c24bb6a1d9d0ff76c4329aecd4aee6,From US' 15-Point Ceasefire Plan To Iran's 5 Conditions And Israel's Strike Option: What All Sides Are Demanding To End War,03_conspiracy,40,0.242087,0.305183,0.14182,4
20,e1c24bb6a1d9d0ff76c4329aecd4aee6,From US' 15-Point Ceasefire Plan To Iran's 5 Conditions And Israel's Strike Option: What All Sides Are Demanding To End War,04_skeptic,40,0.281049,0.293741,0.229568,4
